name,source,line,declaration
gSndCommandBuffePtr,X:/usr/local/989snd/ee/989snd.c,23,SndCommandBufferPtr gSndCommandBuffePtr[2];
gSndCommandReturnDefPtr,X:/usr/local/989snd/ee/989snd.c,25,SndCommandReturnDefPtr gSndCommandReturnDefPtr[2];
gReturnValuesPtr,X:/usr/local/989snd/ee/989snd.c,26,u_int *gReturnValuesPtr[2];
gSFStructPtr,X:/usr/local/989snd/ee/989snd.c,31,sceCdlFILE *gSFStructPtr;
gLoadCommand,X:/usr/local/989snd/ee/989snd.c,32,u_int gLoadCommand;
gLoadAwaits,X:/usr/local/989snd/ee/989snd.c,33,int gLoadAwaits;
gSyncBuffer,X:/usr/local/989snd/ee/989snd.c,35,u_int gSyncBuffer[16];
gSyncSendBuffer,X:/usr/local/989snd/ee/989snd.c,36,char gSyncSendBuffer[512];
gSyncStringBuffer,X:/usr/local/989snd/ee/989snd.c,37,char gSyncStringBuffer[256];
gSndCommandBuffer1,X:/usr/local/989snd/ee/989snd.c,38,SndCommandBuffer gSndCommandBuffer1;
gSndCommandBuffer2,X:/usr/local/989snd/ee/989snd.c,39,SndCommandBuffer gSndCommandBuffer2;
gSndCommandReturnDef1,X:/usr/local/989snd/ee/989snd.c,40,SndCommandReturnDef gSndCommandReturnDef1[256];
gSndCommandReturnDef2,X:/usr/local/989snd/ee/989snd.c,41,SndCommandReturnDef gSndCommandReturnDef2[256];
gActualReturnValues1,X:/usr/local/989snd/ee/989snd.c,42,u_int gActualReturnValues1[264];
gActualReturnValues2,X:/usr/local/989snd/ee/989snd.c,43,u_int gActualReturnValues2[264];
gSFBuffer,X:/usr/local/989snd/ee/989snd.c,47,char gSFBuffer[64];
g_wad,X:/rcb/code/stable/game/wad.cpp,61,wadinfo g_wad;
g_HackLobbyNextLevel,X:/rcb/code/stable/game/gameglobals.cpp,69,int g_HackLobbyNextLevel;
g_IsLevelGeneric,X:/rcb/code/stable/game/gameglobals.cpp,70,bool g_IsLevelGeneric;
g_iop_absorbed_fragmentation,X:/rcb/code/stable/game/gameglobals.cpp,71,int g_iop_absorbed_fragmentation;
g_iop_devkit_buffer,X:/rcb/code/stable/game/gameglobals.cpp,72,int g_iop_devkit_buffer;
g_iop_kernel_size,X:/rcb/code/stable/game/gameglobals.cpp,73,int g_iop_kernel_size;
g_iopload_multi_astrm_size,X:/rcb/code/stable/game/gameglobals.cpp,74,int g_iopload_multi_astrm_size;
g_iopload_single_astrm_size,X:/rcb/code/stable/game/gameglobals.cpp,75,int g_iopload_single_astrm_size;
g_iopload_single_gadgetcache_size,X:/rcb/code/stable/game/gameglobals.cpp,76,int g_iopload_single_gadgetcache_size;
g_iop_draw_info,X:/rcb/code/stable/game/gameglobals.cpp,77,bool g_iop_draw_info;
g_iop_tweak_padding,X:/rcb/code/stable/game/gameglobals.cpp,78,bool g_iop_tweak_padding;
g_iop_devkit_address,X:/rcb/code/stable/game/gameglobals.cpp,82,void *g_iop_devkit_address;
g_preload_dropship_texture,X:/rcb/code/stable/game/gameglobals.cpp,83,int g_preload_dropship_texture;
g_DownloadPatchData,X:/rcb/code/stable/game/gameglobals.cpp,89,void *g_DownloadPatchData;
mp_cheatValues,X:/rcb/code/stable/game/gameglobals.cpp,91,char mp_cheatValues[34];
g_StashMainMemory,X:/rcb/code/stable/game/gameglobals.cpp,92,void *g_StashMainMemory;
g_MissionLoad,X:/rcb/code/stable/game/gameglobals.cpp,94,MISSIONLOAD g_MissionLoad;
SplitScreenHeadroom,X:/rcb/code/stable/game/gameglobals.cpp,96,int SplitScreenHeadroom;
LobbyMemStart,X:/rcb/code/stable/game/gameglobals.cpp,97,void *LobbyMemStart;
LobbyMemEnd,X:/rcb/code/stable/game/gameglobals.cpp,98,void *LobbyMemEnd;
gJumpFromShortcut,X:/rcb/code/stable/game/gameglobals.cpp,99,int gJumpFromShortcut;
gJumpedFromLevelNum,X:/rcb/code/stable/game/gameglobals.cpp,100,int gJumpedFromLevelNum;
FirstPersonDesiredMode,X:/rcb/code/stable/game/gameglobals.cpp,101,int FirstPersonDesiredMode[10];
gNumLocalHeroesInLastGame,X:/rcb/code/stable/game/gameglobals.cpp,106,int gNumLocalHeroesInLastGame;
mpGameVoiceOn,X:/rcb/code/stable/game/gameglobals.cpp,107,bool mpGameVoiceOn;
SPLIT_SCREEN_ASPECT_RATIO,X:/rcb/code/stable/game/gameglobals.cpp,110,float SPLIT_SCREEN_ASPECT_RATIO[4];
SPLIT_SCREEN_SCRN_WIDTHS,X:/rcb/code/stable/game/gameglobals.cpp,111,float SPLIT_SCREEN_SCRN_WIDTHS[4];
SPLIT_SCREEN_SCRN_HEIGHTS,X:/rcb/code/stable/game/gameglobals.cpp,112,float SPLIT_SCREEN_SCRN_HEIGHTS[4];
M9867_BanterPlayed,X:/rcb/code/stable/game/gameglobals.cpp,113,short int M9867_BanterPlayed[10];
M9867_LastBanterLevel,X:/rcb/code/stable/game/gameglobals.cpp,114,short int M9867_LastBanterLevel;
g_pLevelLoadPlate,X:/rcb/code/stable/game/gameglobals.cpp,115,void *g_pLevelLoadPlate;
PAD_LAG_FRAMES,X:/rcb/code/stable/game/gameglobals.cpp,116,int PAD_LAG_FRAMES;
pDebugPad,X:/rcb/code/stable/game/gameglobals.cpp,119,PAD *pDebugPad;
pPads,X:/rcb/code/stable/game/gameglobals.cpp,120,PAD *pPads[4];
PalMode,X:/rcb/code/stable/game/gameglobals.cpp,129,int PalMode;
g_memcard,X:/rcb/code/stable/game/gameglobals.cpp,148,memcard_globals g_memcard;
RC2PowerUpLevel,X:/rcb/code/stable/game/gameglobals.cpp,150,unsigned char RC2PowerUpLevel[160];
HelpTextCnts,X:/rcb/code/stable/game/gameglobals.cpp,154,char HelpTextCnts[4];
PrevCheatsActivated,X:/rcb/code/stable/game/gameglobals.cpp,156,char PrevCheatsActivated[14];
CheatsEverActivated,X:/rcb/code/stable/game/gameglobals.cpp,157,char CheatsEverActivated[14];
SkillPoints,X:/rcb/code/stable/game/gameglobals.cpp,158,int SkillPoints[15];
AmmoCnts,X:/rcb/code/stable/game/gameglobals.cpp,159,int AmmoCnts[20];
GadgetWeaponMods,X:/rcb/code/stable/game/gameglobals.cpp,160,unsigned char GadgetWeaponMods[20];
ModsSellableAvailability,X:/rcb/code/stable/game/gameglobals.cpp,161,unsigned char ModsSellableAvailability[20];
SpaceShipMods_Data,X:/rcb/code/stable/game/gameglobals.cpp,162,unsigned int SpaceShipMods_Data;
GadgetsOwned,X:/rcb/code/stable/game/gameglobals.cpp,164,char GadgetsOwned[20];
GadgetsOwnedThisGame,X:/rcb/code/stable/game/gameglobals.cpp,165,char GadgetsOwnedThisGame[20];
GadgetsXP,X:/rcb/code/stable/game/gameglobals.cpp,166,int GadgetsXP[20];
GadgetOrder,X:/rcb/code/stable/game/gameglobals.cpp,167,short unsigned int GadgetOrder[32];
MapPeakSizes,X:/rcb/code/stable/game/gameglobals.cpp,168,int MapPeakSizes[80];
IMobyData,X:/rcb/code/stable/game/gameglobals.cpp,169,IMobyData_t IMobyData[114];
LockOnEnabled,X:/rcb/code/stable/game/gameglobals.cpp,170,int LockOnEnabled;
gCameraElevationSettings,X:/rcb/code/stable/game/gameglobals.cpp,174,int gCameraElevationSettings[3][10];
gCameraAzimuthSettings,X:/rcb/code/stable/game/gameglobals.cpp,175,int gCameraAzimuthSettings[3][10];
gRequiredMissionsQueue,X:/rcb/code/stable/game/gameglobals.cpp,179,MissionQueueCell gRequiredMissionsQueue[96];
gNonRequiredMissionsQueue,X:/rcb/code/stable/game/gameglobals.cpp,180,MissionQueueCell gNonRequiredMissionsQueue[96];
gCompletedMissionsQueue,X:/rcb/code/stable/game/gameglobals.cpp,181,MissionQueueCell gCompletedMissionsQueue[96];
DeathsPerLevel,X:/rcb/code/stable/game/gameglobals.cpp,182,int DeathsPerLevel[15];
DeathsPerSegment,X:/rcb/code/stable/game/gameglobals.cpp,183,int DeathsPerSegment[15][64];
PauseSaveFocus,X:/rcb/code/stable/game/gameglobals.cpp,185,int PauseSaveFocus;
mpSelectedProfile,X:/rcb/code/stable/game/gameglobals.cpp,188,int mpSelectedProfile;
g_FontKerning,X:/rcb/code/stable/game/gameglobals.cpp,191,FontKerning *g_FontKerning;
g_FontArray,X:/rcb/code/stable/game/gameglobals.cpp,192,FontFileHeader *g_FontArray[3];
g_FontMetricsArray,X:/rcb/code/stable/game/gameglobals.cpp,193,FontMetric *g_FontMetricsArray[3];
g_FontKerningArray,X:/rcb/code/stable/game/gameglobals.cpp,194,FontKerning *g_FontKerningArray[3];
g_pBloomTex2,X:/rcb/code/stable/game/gameglobals.cpp,202,int g_pBloomTex2;
g_pBloomCopy,X:/rcb/code/stable/game/gameglobals.cpp,205,int g_pBloomCopy;
g_BloomTexEnd,X:/rcb/code/stable/game/gameglobals.cpp,208,int g_BloomTexEnd;
g_DofTexEnd,X:/rcb/code/stable/game/gameglobals.cpp,210,int g_DofTexEnd;
g_pDofSrc,X:/rcb/code/stable/game/gameglobals.cpp,211,int g_pDofSrc;
g_pDofTemp1,X:/rcb/code/stable/game/gameglobals.cpp,212,int g_pDofTemp1;
g_pSandStormPal,X:/rcb/code/stable/game/gameglobals.cpp,214,int g_pSandStormPal;
g_pSandStormSrc,X:/rcb/code/stable/game/gameglobals.cpp,215,int g_pSandStormSrc;
g_pSandStormTemp1,X:/rcb/code/stable/game/gameglobals.cpp,216,int g_pSandStormTemp1;
g_PostEffectsCommonSize_new,X:/rcb/code/stable/game/gameglobals.cpp,217,int g_PostEffectsCommonSize_new;
Space_dont_save,X:/rcb/code/stable/game/gameglobals.cpp,224,bool Space_dont_save;
g_pp_fn_load,X:/rcb/code/stable/game/gameglobals.cpp,225,unsigned int (*g_pp_fn_load[2])(/* parameters unknown */);
g_pp_fn_is_complete,X:/rcb/code/stable/game/gameglobals.cpp,226,unsigned int (*g_pp_fn_is_complete[2])(/* parameters unknown */);
g_pp_fn_abort,X:/rcb/code/stable/game/gameglobals.cpp,227,unsigned int (*g_pp_fn_abort[2])(/* parameters unknown */);
g_pp_fn_load_complete,X:/rcb/code/stable/game/gameglobals.cpp,228,unsigned int (*g_pp_fn_load_complete[2])(/* parameters unknown */);
g_pSvoBrowser,X:/rcb/code/stable/game/gameglobals.cpp,233,SVBrowser *g_pSvoBrowser;
g_pAudioContext,X:/rcb/code/stable/game/gameglobals.cpp,234,rcSystemContext *g_pAudioContext;
g_pDrawContext,X:/rcb/code/stable/game/gameglobals.cpp,235,rcSystemContext *g_pDrawContext;
g_pMemoryContext,X:/rcb/code/stable/game/gameglobals.cpp,237,rcSystemContext *g_pMemoryContext;
g_HeroGadgetBox,X:/rcb/code/stable/game/gameglobals.cpp,241,GadgetBox g_HeroGadgetBox[10];
g_lobbyControllerSettings,X:/rcb/code/stable/game/gameglobals.cpp,243,LobbyControllerSetup g_lobbyControllerSettings;
g_PermSkin_Main,X:/rcb/code/stable/game/gameglobals.cpp,244,void *g_PermSkin_Main[10];
g_PermSkin_Vram,X:/rcb/code/stable/game/gameglobals.cpp,245,void *g_PermSkin_Vram[10];
GadgetBank,X:/rcb/code/stable/game/gameglobals.cpp,248,GadgetBankDef GadgetBank;
PalDisc,X:/rcb/code/stable/game/gameglobals.cpp,253,int PalDisc;
gameModeOptions,X:/rcb/code/stable/game/gameglobals.cpp,255,gameModeStruct gameModeOptions;
mpProfiles,X:/rcb/code/stable/game/gameglobals.cpp,256,profileStruct mpProfiles[8];
mpRecentPlayersInfo,X:/rcb/code/stable/game/gameglobals.cpp,257,tRecentPlayerInfo mpRecentPlayersInfo[11];
mpProfileUsed,X:/rcb/code/stable/game/gameglobals.cpp,259,int mpProfileUsed[4];
g_StashEEMemory,X:/rcb/code/stable/game/gameglobals.cpp,260,char g_StashEEMemory[53248];
AuxBufferTex0,X:/rcb/code/stable/game/gameglobals.cpp,261,uint64 AuxBufferTex0;
Pad,X:/rcb/code/stable/game/gameglobals.cpp,262,PAD Pad[8];
g_PadOut,X:/rcb/code/stable/game/gameglobals.cpp,263,bool g_PadOut;
g_totalGamesWithCheaters,X:/rcb/code/stable/game/gameglobals.cpp,264,int g_totalGamesWithCheaters;
g_consecutiveGamesWithCheaters,X:/rcb/code/stable/game/gameglobals.cpp,265,int g_consecutiveGamesWithCheaters;
HelpDataGadgets,X:/rcb/code/stable/game/gameglobals.cpp,268,HelpDatum HelpDataGadgets[20];
HelpDataMisc,X:/rcb/code/stable/game/gameglobals.cpp,269,HelpDatum HelpDataMisc[16];
mf_levelSaveData,X:/rcb/code/stable/game/gameglobals.cpp,273,MF_LevelSave mf_levelSaveData[15];
DeathsInThisLevel,X:/rcb/code/stable/game/gameglobals.cpp,274,int DeathsInThisLevel[16];
g_lastlevelnum,X:/rcb/code/stable/game/gameglobals.cpp,275,int g_lastlevelnum;
mc_gameprepbuff,X:/rcb/code/stable/game/gameglobals.cpp,276,char mc_gameprepbuff[40960];
mc_levelprepbuff,X:/rcb/code/stable/game/gameglobals.cpp,277,char mc_levelprepbuff[5120];
HeroAssGadgets,X:/rcb/code/stable/game/gameglobals.cpp,278,int HeroAssGadgets[6];
Music,X:/rcb/code/stable/game/gameglobals.cpp,279,music_Globals Music;
aaBuff,X:/rcb/code/stable/game/gameglobals.cpp,280,fsAABuff aaBuff;
MissionMobySoundRemap,X:/rcb/code/stable/game/gameglobals.cpp,282,int **MissionMobySoundRemap[128];
CoreMobySoundRemap,X:/rcb/code/stable/game/gameglobals.cpp,283,int **CoreMobySoundRemap;
DebugFontTex0,X:/rcb/code/stable/game/gameglobals.cpp,284,uint64 DebugFontTex0;
g_astrmmgr,X:/rcb/code/stable/game/gameglobals.cpp,285,astrmManager g_astrmmgr;
g_core_iop_module_queue,X:/rcb/code/stable/game/gameglobals.cpp,286,IOPMODULELOADQUEUE g_core_iop_module_queue[1];
g_single_player_iop_module_queue,X:/rcb/code/stable/game/gameglobals.cpp,287,IOPMODULELOADQUEUE g_single_player_iop_module_queue[1];
g_multiplayer_iop_module_queue,X:/rcb/code/stable/game/gameglobals.cpp,288,IOPMODULELOADQUEUE g_multiplayer_iop_module_queue[1];
ST_PlayerStatistics,X:/rcb/code/stable/game/gameglobals.cpp,289,ST_PlayerData ST_PlayerStatistics[2];
ST_BattledomeWinsAndLosses,X:/rcb/code/stable/game/gameglobals.cpp,290,int ST_BattledomeWinsAndLosses[2];
g_s_gc_wad,X:/rcb/code/stable/game/gameglobals.cpp,292,gadgetwad g_s_gc_wad;
g_Checksum_info,X:/rcb/code/stable/game/gameglobals.cpp,293,checksum_info g_Checksum_info;
g_iopmemaddr,X:/rcb/code/stable/game/gameglobals.cpp,294,int g_iopmemaddr;
__terminate,X:/rcb/code/stable/game/gameglobals.cpp,295,int __terminate;
g_loadTime,X:/rcb/code/stable/game/gameglobals.cpp,296,int g_loadTime;
s_scd,X:/rcb/code/stable/game/gameglobals.cpp,298,sceSifClientData s_scd;
s_abWibuRpcReceive,X:/rcb/code/stable/game/gameglobals.cpp,299,unsigned char s_abWibuRpcReceive[256];
BuggyRaceFastTimes,X:/rcb/code/stable/game/gameglobals.cpp,300,int BuggyRaceFastTimes[2][5];
g_DispMAGH,X:/rcb/code/stable/game/gameglobals.cpp,303,int g_DispMAGH;
g_DispMAGV,X:/rcb/code/stable/game/gameglobals.cpp,304,int g_DispMAGV;
g_DispWIDTH,X:/rcb/code/stable/game/gameglobals.cpp,305,int g_DispWIDTH;
g_DispHEIGHT,X:/rcb/code/stable/game/gameglobals.cpp,306,int g_DispHEIGHT;
g_DefaultDispXPOS,X:/rcb/code/stable/game/gameglobals.cpp,307,int g_DefaultDispXPOS;
g_DefaultDispYPOS,X:/rcb/code/stable/game/gameglobals.cpp,308,int g_DefaultDispYPOS;
g_DefaultDispMAGH,X:/rcb/code/stable/game/gameglobals.cpp,309,int g_DefaultDispMAGH;
g_DefaultDispMAGV,X:/rcb/code/stable/game/gameglobals.cpp,310,int g_DefaultDispMAGV;
g_DefaultDispWIDTH,X:/rcb/code/stable/game/gameglobals.cpp,311,int g_DefaultDispWIDTH;
g_DefaultDispHEIGHT,X:/rcb/code/stable/game/gameglobals.cpp,312,int g_DefaultDispHEIGHT;
aaBlurRegs,X:/rcb/code/stable/game/gameglobals.cpp,313,long long int aaBlurRegs[38];
aaClearBlackRegs,X:/rcb/code/stable/game/gameglobals.cpp,317,long long int aaClearBlackRegs[21];
g_QuickSwitchGadgets,X:/rcb/code/stable/game/gameglobals.cpp,319,int g_QuickSwitchGadgets[4][3];
g_SandStormCreate,X:/rcb/code/stable/game/gameglobals.cpp,323,long unsigned int g_SandStormCreate[375];
g_BackBufferCopy,X:/rcb/code/stable/game/gameglobals.cpp,324,long unsigned int g_BackBufferCopy[256];
g_BackBufferCopySmall,X:/rcb/code/stable/game/gameglobals.cpp,325,long unsigned int g_BackBufferCopySmall[256];
g_PostEffects_Common_new,X:/rcb/code/stable/game/gameglobals.cpp,326,long unsigned int g_PostEffects_Common_new[16];
g_BloomCreateA_new,X:/rcb/code/stable/game/gameglobals.cpp,327,long unsigned int g_BloomCreateA_new[32];
g_BloomCreateC_new,X:/rcb/code/stable/game/gameglobals.cpp,328,long unsigned int g_BloomCreateC_new[512];
g_BloomApply_new,X:/rcb/code/stable/game/gameglobals.cpp,329,long unsigned int g_BloomApply_new[128];
g_DofCreateB_new,X:/rcb/code/stable/game/gameglobals.cpp,330,long unsigned int g_DofCreateB_new[225];
g_PurchaseablePostFXMods,X:/rcb/code/stable/game/gameglobals.cpp,331,unsigned char g_PurchaseablePostFXMods[9];
g_PurchaseableGadgets,X:/rcb/code/stable/game/gameglobals.cpp,332,unsigned char g_PurchaseableGadgets[20];
g_PurchaseableBotUpgrades,X:/rcb/code/stable/game/gameglobals.cpp,333,unsigned char g_PurchaseableBotUpgrades[17];
g_PurchaseableWrenchLevel,X:/rcb/code/stable/game/gameglobals.cpp,334,unsigned char g_PurchaseableWrenchLevel;
g_main_carriage_return,X:/rcb/code/stable/game/bmain.cpp,369,char *g_main_carriage_return;
TCL_OptionBars,X:/rcb/code/stable/game/bmain.cpp,372,int TCL_OptionBars[4][2];
greybarcolor,X:/rcb/code/stable/game/bmain.cpp,373,int greybarcolor;
TempChooseLevelNames,X:/rcb/code/stable/game/bmain.cpp,374,char *TempChooseLevelNames[20];
g_main_menu_count,X:/rcb/code/stable/game/bmain.cpp,375,int g_main_menu_count;
g_main_menu,X:/rcb/code/stable/game/bmain.cpp,376,FrontEndMenuNode g_main_menu[3];
g_single_player_count,X:/rcb/code/stable/game/bmain.cpp,377,int g_single_player_count;
g_coop_count,X:/rcb/code/stable/game/bmain.cpp,378,int g_coop_count;
g_multiplayer_count,X:/rcb/code/stable/game/bmain.cpp,379,int g_multiplayer_count;
g_TempChooseLevelInitialized,X:/rcb/code/stable/game/bmain.cpp,381,int g_TempChooseLevelInitialized;
g_NumMenuOptions,X:/rcb/code/stable/game/bmain.cpp,382,int g_NumMenuOptions;
g_h_top,X:/rcb/code/stable/game/bmain.cpp,384,int g_h_top;
g_b_top,X:/rcb/code/stable/game/bmain.cpp,386,int g_b_top;
g_b_left,X:/rcb/code/stable/game/bmain.cpp,387,int g_b_left;
g_h_text_x,X:/rcb/code/stable/game/bmain.cpp,388,int g_h_text_x;
g_b_text_x,X:/rcb/code/stable/game/bmain.cpp,390,int g_b_text_x;
g_b_text_y,X:/rcb/code/stable/game/bmain.cpp,391,int g_b_text_y;
memcard_icon_delay,X:/rcb/code/stable/game/bmain.cpp,392,int memcard_icon_delay;
g_single_player_menu,X:/rcb/code/stable/game/bmain.cpp,393,FrontEndMenuNode g_single_player_menu[81];
g_coop_menu,X:/rcb/code/stable/game/bmain.cpp,394,FrontEndMenuNode g_coop_menu[81];
g_multiplayer_menu,X:/rcb/code/stable/game/bmain.cpp,395,FrontEndMenuNode g_multiplayer_menu[81];
front_end_options,X:/rcb/code/stable/game/bmain.cpp,396,FrontEndMenuNode *front_end_options;
DB_DrawBounds,X:/rcb/code/stable/game/update/moby357.cpp,410,int DB_DrawBounds;
DB_FxTex,X:/rcb/code/stable/game/update/moby357.cpp,411,int DB_FxTex;
DB_FxRGBA,X:/rcb/code/stable/game/update/moby357.cpp,412,int DB_FxRGBA;
M4244_BARRELTOP_OFS,X:/rcb/code/stable/game/update/moby4244.cpp,430,vec4 &M4244_BARRELTOP_OFS;
M4244_BARRELBOT_OFS,X:/rcb/code/stable/game/update/moby4244.cpp,431,vec4 &M4244_BARRELBOT_OFS;
M4244_Orbitals,X:/rcb/code/stable/game/update/moby4244.cpp,432,vec4 *M4244_Orbitals;
M4244_PartRotSpeeds,X:/rcb/code/stable/game/update/moby4244.cpp,433,vec4 &M4244_PartRotSpeeds;
M4244_vMFofs,X:/rcb/code/stable/game/update/moby4244.cpp,434,vec4 &M4244_vMFofs;
M4244_CasingsDir,X:/rcb/code/stable/game/update/moby4244.cpp,435,vec4 &M4244_CasingsDir;
M4244_AW,X:/rcb/code/stable/game/update/moby4244.cpp,436,actuatorWave M4244_AW[8];
M4244_Interface,X:/rcb/code/stable/game/update/moby4244.cpp,437,Weapon_Interface_t M4244_Interface;
M4246_CAM_LOOK_DAMP_BACKUP,X:/rcb/code/stable/game/update/moby4246.cpp,444,float M4246_CAM_LOOK_DAMP_BACKUP[4];
M4246_CAM_LOOK_LIMIT_BACKUP,X:/rcb/code/stable/game/update/moby4246.cpp,445,float M4246_CAM_LOOK_LIMIT_BACKUP[4];
M4246_AW,X:/rcb/code/stable/game/update/moby4246.cpp,448,actuatorWave M4246_AW[8];
M4246_Crawl_STs,X:/rcb/code/stable/game/update/moby4246.cpp,449,FX_QuadSTSetup_e M4246_Crawl_STs[4];
M4246_BackBufferTex,X:/rcb/code/stable/game/update/moby4246.cpp,450,int M4246_BackBufferTex;
M4246_OVERLAY_X2,X:/rcb/code/stable/game/update/moby4246.cpp,451,int M4246_OVERLAY_X2;
M4246_OVERLAY_Y2,X:/rcb/code/stable/game/update/moby4246.cpp,452,int M4246_OVERLAY_Y2;
M4246_Interface,X:/rcb/code/stable/game/update/moby4246.cpp,453,Weapon_Interface_t M4246_Interface;
kMineBomberDamage,X:/rcb/code/stable/game/update/moby4249.cpp,460,float kMineBomberDamage;
kMineBomberDamageRadius,X:/rcb/code/stable/game/update/moby4249.cpp,461,float kMineBomberDamageRadius;
kBomberBlastRadius,X:/rcb/code/stable/game/update/moby4249.cpp,462,float kBomberBlastRadius;
M4249_EXPLODE_EXPAND_TIMER,X:/rcb/code/stable/game/update/moby4249.cpp,464,int M4249_EXPLODE_EXPAND_TIMER;
M4249_MineGunGroundArcStyle,X:/rcb/code/stable/game/update/moby4249.cpp,465,FXU_CubicLineStatic_t M4249_MineGunGroundArcStyle;
M4249_iGunCoreColor,X:/rcb/code/stable/game/update/moby4249.cpp,466,int M4249_iGunCoreColor[2];
M4249_iGunGlowColor,X:/rcb/code/stable/game/update/moby4249.cpp,467,int M4249_iGunGlowColor[2];
M5025_lineDataSm,X:/rcb/code/stable/game/update/moby5025.cpp,476,vec4 M5025_lineDataSm[10][4];
M5025_lineDataSmFrames,X:/rcb/code/stable/game/update/moby5025.cpp,477,short int M5025_lineDataSmFrames[10];
M8340_AW,X:/rcb/code/stable/game/update/moby8340.cpp,483,actuatorWave M8340_AW[8];
M8340_FIRE_TIME,X:/rcb/code/stable/game/update/moby8340.cpp,484,int M8340_FIRE_TIME;
M8340_MAX_LIFE_TIME,X:/rcb/code/stable/game/update/moby8340.cpp,485,int M8340_MAX_LIFE_TIME;
M8340_iGunGlowColor,X:/rcb/code/stable/game/update/moby8340.cpp,487,int M8340_iGunGlowColor[2];
M8340_iGroundCoreColor,X:/rcb/code/stable/game/update/moby8340.cpp,488,int M8340_iGroundCoreColor[2];
M8340_MineGunGroundArcStyle,X:/rcb/code/stable/game/update/moby8340.cpp,491,FXU_CubicLineStatic_t M8340_MineGunGroundArcStyle;
M8340_TANGENT_SCALE,X:/rcb/code/stable/game/update/moby8340.cpp,493,float M8340_TANGENT_SCALE;
M8340_SIDE_SPEED_FACTOR,X:/rcb/code/stable/game/update/moby8340.cpp,494,float M8340_SIDE_SPEED_FACTOR;
M8340_TANGENT_EMPHASIS,X:/rcb/code/stable/game/update/moby8340.cpp,495,float M8340_TANGENT_EMPHASIS;
M8340_DefaultDoubleThrowDir,X:/rcb/code/stable/game/update/moby8340.cpp,496,vec4 &M8340_DefaultDoubleThrowDir;
M8374_BlobsSpawned,X:/rcb/code/stable/game/update/moby8374.cpp,502,int M8374_BlobsSpawned;
M8374_curBlobJoint,X:/rcb/code/stable/game/update/moby8374.cpp,504,char M8374_curBlobJoint;
M8374_BlobMaster,X:/rcb/code/stable/game/update/moby8374.cpp,505,moby *M8374_BlobMaster;
M8374_BlobTracker,X:/rcb/code/stable/game/update/moby8374.cpp,506,moby *M8374_BlobTracker[25];
M8374_BlobTrackAge,X:/rcb/code/stable/game/update/moby8374.cpp,507,int M8374_BlobTrackAge[25];
M8374_BlobTrackID,X:/rcb/code/stable/game/update/moby8374.cpp,508,int M8374_BlobTrackID[25];
M8374_cpad,X:/rcb/code/stable/game/update/moby8374.cpp,509,char M8374_cpad[3];
M8374_ipad,X:/rcb/code/stable/game/update/moby8374.cpp,510,int M8374_ipad[1];
kCam0MagInterpFac,X:/rcb/code/stable/game/update/camera0.cpp,517,float kCam0MagInterpFac;
CAM_POS_GAIN,X:/rcb/code/stable/game/update/camera0.cpp,519,float CAM_POS_GAIN;
CAM_POS_UP_GAIN,X:/rcb/code/stable/game/update/camera0.cpp,520,float CAM_POS_UP_GAIN;
CAM_POS_DAMP,X:/rcb/code/stable/game/update/camera0.cpp,521,float CAM_POS_DAMP;
CAM0_ANALOG_USED_TIMER,X:/rcb/code/stable/game/update/camera0.cpp,523,int CAM0_ANALOG_USED_TIMER;
CAM0_ANALOG_USED,X:/rcb/code/stable/game/update/camera0.cpp,524,int CAM0_ANALOG_USED;
CAM0_SPECIAL_TARGET_OFF,X:/rcb/code/stable/game/update/camera0.cpp,525,int CAM0_SPECIAL_TARGET_OFF;
Cam_slideKludge,X:/rcb/code/stable/game/update/camera0.cpp,527,int Cam_slideKludge;
LITTLECLANK_OFS_Z,X:/rcb/code/stable/game/update/camera0.cpp,528,float LITTLECLANK_OFS_Z;
LITTLECLANK_CAM_DIST,X:/rcb/code/stable/game/update/camera0.cpp,529,float LITTLECLANK_CAM_DIST;
BIGCLANK_OFS_Z,X:/rcb/code/stable/game/update/camera0.cpp,531,float BIGCLANK_OFS_Z;
BIGCLANK_CAM_DIST,X:/rcb/code/stable/game/update/camera0.cpp,532,float BIGCLANK_CAM_DIST;
BIGCLANK_CAM_HEIGHT,X:/rcb/code/stable/game/update/camera0.cpp,533,float BIGCLANK_CAM_HEIGHT;
BIGCLANK_LEAD_FAC,X:/rcb/code/stable/game/update/camera0.cpp,535,float BIGCLANK_LEAD_FAC;
BIGCLANK_LEAD_GAIN,X:/rcb/code/stable/game/update/camera0.cpp,536,float BIGCLANK_LEAD_GAIN;
BIGCLANK_COLL_RAD_ADD,X:/rcb/code/stable/game/update/camera0.cpp,537,float BIGCLANK_COLL_RAD_ADD;
CAM_OFS_Z,X:/rcb/code/stable/game/update/camera0.cpp,539,float CAM_OFS_Z;
CAM_CAM_DIST,X:/rcb/code/stable/game/update/camera0.cpp,540,float CAM_CAM_DIST;
CAM_CAM_HEIGHT,X:/rcb/code/stable/game/update/camera0.cpp,541,float CAM_CAM_HEIGHT;
kCameraExtMoveZMaxSpeed,X:/rcb/code/stable/game/update/camera0.cpp,543,float kCameraExtMoveZMaxSpeed;
pCam0_HitMobys,X:/rcb/code/stable/game/update/camera0.cpp,544,moby *pCam0_HitMobys[128];
CAM_LOOK_SPEED_MIN,X:/rcb/code/stable/game/update/camera4.cpp,550,float CAM_LOOK_SPEED_MIN[4];
CAM_LOOK_SPEED_MAX,X:/rcb/code/stable/game/update/camera4.cpp,551,float CAM_LOOK_SPEED_MAX[4];
CAM_LOOK_GAIN,X:/rcb/code/stable/game/update/camera4.cpp,552,float CAM_LOOK_GAIN[4];
CAM_LOOK_DAMP,X:/rcb/code/stable/game/update/camera4.cpp,553,float CAM_LOOK_DAMP[4];
CAM_LOOK_LIMIT,X:/rcb/code/stable/game/update/camera4.cpp,554,float CAM_LOOK_LIMIT[4];
CAM4_LOCKOUT,X:/rcb/code/stable/game/update/camera4.cpp,555,int CAM4_LOCKOUT[4];
CAM5_OVERLAY_X2,X:/rcb/code/stable/game/update/camera5.cpp,561,int CAM5_OVERLAY_X2;
CAM5_OVERLAY_Y2,X:/rcb/code/stable/game/update/camera5.cpp,562,int CAM5_OVERLAY_Y2;
CAM5_BackBufferTex,X:/rcb/code/stable/game/update/camera5.cpp,563,int CAM5_BackBufferTex;
M4234_MIN_THROW_DIST_g,X:/rcb/code/stable/game/update/moby4234.cpp,570,float M4234_MIN_THROW_DIST_g;
M4234_GRAVITY_g,X:/rcb/code/stable/game/update/moby4234.cpp,571,float M4234_GRAVITY_g;
M4234_MAX_THROW_SPEED_g,X:/rcb/code/stable/game/update/moby4234.cpp,572,float M4234_MAX_THROW_SPEED_g;
M4234_AW,X:/rcb/code/stable/game/update/moby4234.cpp,574,actuatorWave M4234_AW[8];
M4234_OutAmmoFirstTime,X:/rcb/code/stable/game/update/moby4234.cpp,575,int M4234_OutAmmoFirstTime[10];
M8244_Interface,X:/rcb/code/stable/game/update/moby8244.cpp,589,M8244_Interface_t M8244_Interface;
APTJ_MTX,X:/rcb/code/stable/game/update/moby8244.cpp,590,mtx3 APTJ_MTX;
M7326_ROCK_SMOKECOLOR1,X:/rcb/code/stable/game/update/moby7326.cpp,601,int M7326_ROCK_SMOKECOLOR1;
M7326_ROCK_SMOKECOLOR3,X:/rcb/code/stable/game/update/moby7326.cpp,603,int M7326_ROCK_SMOKECOLOR3;
M7326_ROCK_SMOKECOLOR4,X:/rcb/code/stable/game/update/moby7326.cpp,604,int M7326_ROCK_SMOKECOLOR4;
M7326_EXPAND_ZMAX,X:/rcb/code/stable/game/update/moby7326.cpp,619,float M7326_EXPAND_ZMAX;
M7326_SPLASH_MINSCALE,X:/rcb/code/stable/game/update/moby7326.cpp,621,float M7326_SPLASH_MINSCALE;
M7326_SPLASH_GROWSCALE,X:/rcb/code/stable/game/update/moby7326.cpp,623,float M7326_SPLASH_GROWSCALE;
M7326_SPLASH_ALPHA,X:/rcb/code/stable/game/update/moby7326.cpp,624,char M7326_SPLASH_ALPHA;
M7326_SPLASH_R,X:/rcb/code/stable/game/update/moby7326.cpp,625,int M7326_SPLASH_R;
M7326_SPLASH_B,X:/rcb/code/stable/game/update/moby7326.cpp,627,int M7326_SPLASH_B;
M8263_RingTex2,X:/rcb/code/stable/game/update/moby8263.cpp,637,int M8263_RingTex2;
M8263_StripXYZ,X:/rcb/code/stable/game/update/moby8263.cpp,644,vec3 M8263_StripXYZ[42];
M8263_StripRGBA,X:/rcb/code/stable/game/update/moby8263.cpp,645,int M8263_StripRGBA[42];
M8263_StripST,X:/rcb/code/stable/game/update/moby8263.cpp,646,st_t M8263_StripST[42];
M8263_RingRot6,X:/rcb/code/stable/game/update/moby8263.cpp,647,float M8263_RingRot6;
M8263_RingRot7,X:/rcb/code/stable/game/update/moby8263.cpp,648,float M8263_RingRot7;
M8263_RingRot8,X:/rcb/code/stable/game/update/moby8263.cpp,649,float M8263_RingRot8;
M8263_RingRot9,X:/rcb/code/stable/game/update/moby8263.cpp,650,float M8263_RingRot9;
M8263_RingRot10,X:/rcb/code/stable/game/update/moby8263.cpp,651,float M8263_RingRot10;
M8263_RingRot11,X:/rcb/code/stable/game/update/moby8263.cpp,652,float M8263_RingRot11;
_M167_StripXYZ0,X:/rcb/code/stable/game/update/moby167.cpp,665,vec4 *_M167_StripXYZ0;
_167_Verts_Sq2,X:/rcb/code/stable/game/update/moby167.cpp,669,vec4 *_167_Verts_Sq2;
thursterFpsBack,X:/rcb/code/stable/game/update/moby167.cpp,671,float thursterFpsBack;
thursterFpsLr,X:/rcb/code/stable/game/update/moby167.cpp,673,float thursterFpsLr;
thursterFpsTVert,X:/rcb/code/stable/game/update/moby167.cpp,674,float thursterFpsTVert;
_M167_Xform_StripXYZ0,X:/rcb/code/stable/game/update/moby167.cpp,675,vec3 _M167_Xform_StripXYZ0[196];
M6244_AW,X:/rcb/code/stable/game/update/moby6244.cpp,681,actuatorWave M6244_AW[8];
_M6244_FLASH_DEV,X:/rcb/code/stable/game/update/moby6244.cpp,683,float _M6244_FLASH_DEV;
_M6244_FLASH_ALPHA,X:/rcb/code/stable/game/update/moby6244.cpp,684,int _M6244_FLASH_ALPHA;
_M6244_FLASH_COLOR,X:/rcb/code/stable/game/update/moby6244.cpp,685,int _M6244_FLASH_COLOR;
_M6244_FLASH_DAMP,X:/rcb/code/stable/game/update/moby6244.cpp,687,float _M6244_FLASH_DAMP;
_M6244_FLASH_SP,X:/rcb/code/stable/game/update/moby6244.cpp,688,float _M6244_FLASH_SP;
_M6244_FLASH_SP_MAX,X:/rcb/code/stable/game/update/moby6244.cpp,689,float _M6244_FLASH_SP_MAX;
_M6244_FLASH_SCALE_MIN,X:/rcb/code/stable/game/update/moby6244.cpp,690,float _M6244_FLASH_SCALE_MIN;
_M6244_FLASH_SCALE_MAX,X:/rcb/code/stable/game/update/moby6244.cpp,691,float _M6244_FLASH_SCALE_MAX;
_M6244_FLASH_SCALE_INC,X:/rcb/code/stable/game/update/moby6244.cpp,692,float _M6244_FLASH_SCALE_INC;
M6244_Interface,X:/rcb/code/stable/game/update/moby6244.cpp,693,Weapon_Interface_t M6244_Interface;
_M4236_Rot_Index,X:/rcb/code/stable/game/update/moby4236.cpp,699,int _M4236_Rot_Index;
_M4236_ExhaustNodes,X:/rcb/code/stable/game/update/moby4236.cpp,700,vec4 _M4236_ExhaustNodes[48][4];
M4231_AW,X:/rcb/code/stable/game/update/moby4231.cpp,706,actuatorWave M4231_AW[8];
M4231_SHOT_TIMER_INTERRUPT,X:/rcb/code/stable/game/update/moby4231.cpp,707,int M4231_SHOT_TIMER_INTERRUPT;
M4231_LENS_TIMER,X:/rcb/code/stable/game/update/moby4231.cpp,708,int M4231_LENS_TIMER;
M4231_LENS_TIMER_FAST,X:/rcb/code/stable/game/update/moby4231.cpp,709,int M4231_LENS_TIMER_FAST;
M4231_SHOCKWAVE_TIMER_FAST,X:/rcb/code/stable/game/update/moby4231.cpp,711,int M4231_SHOCKWAVE_TIMER_FAST;
M4231_LENS_LEN,X:/rcb/code/stable/game/update/moby4231.cpp,712,float M4231_LENS_LEN;
M4231_LENS_THICK1,X:/rcb/code/stable/game/update/moby4231.cpp,713,float M4231_LENS_THICK1;
M4231_LENS_DIM_MIN,X:/rcb/code/stable/game/update/moby4231.cpp,715,float M4231_LENS_DIM_MIN;
M4231_LENS_DIM_MAX,X:/rcb/code/stable/game/update/moby4231.cpp,716,float M4231_LENS_DIM_MAX;
M4231_SHOCKWAVE_ANG1,X:/rcb/code/stable/game/update/moby4231.cpp,717,float M4231_SHOCKWAVE_ANG1;
M4231_WHITE_FLASH_DIM,X:/rcb/code/stable/game/update/moby4231.cpp,719,float M4231_WHITE_FLASH_DIM;
M4231_WHITE_FLASH_TIMER,X:/rcb/code/stable/game/update/moby4231.cpp,720,int M4231_WHITE_FLASH_TIMER;
M4231_WHITE_FLASH_ALPHA,X:/rcb/code/stable/game/update/moby4231.cpp,721,float M4231_WHITE_FLASH_ALPHA;
_mpHoloThrowFromPos,X:/rcb/code/stable/game/update/moby4261.cpp,727,vec4 &_mpHoloThrowFromPos;
_mpHoloInThrowPos,X:/rcb/code/stable/game/update/moby4261.cpp,728,vec4 &_mpHoloInThrowPos;
M4261_AW,X:/rcb/code/stable/game/update/moby4261.cpp,729,actuatorWave M4261_AW[8];
M3303_HPVALIDTABLE,X:/rcb/code/stable/game/update/moby3303.cpp,735,int M3303_HPVALIDTABLE[19];
M3303_DUSTSCALE_B,X:/rcb/code/stable/game/update/moby3303.cpp,737,float M3303_DUSTSCALE_B;
M3303_SparkleEmitters,X:/rcb/code/stable/game/update/moby3303.cpp,738,M3303_RISING_SPARKLE_EMITTER M3303_SparkleEmitters[12];
M3303_Sparkles,X:/rcb/code/stable/game/update/moby3303.cpp,739,M3303_RISING_SPARKLE_PARTICLE M3303_Sparkles[64];
M3303_BoltExp,X:/rcb/code/stable/game/update/moby3303.cpp,740,M3303_BOLT_EXP M3303_BoltExp[12];
M3303_DustPos,X:/rcb/code/stable/game/update/moby3303.cpp,741,vec4 M3303_DustPos[25];
M3303_currentInstance,X:/rcb/code/stable/game/update/moby3303.cpp,742,MobyInstance *M3303_currentInstance[2];
M9454_currentInstance,X:/rcb/code/stable/game/update/moby9454.cpp,748,MobyInstance *M9454_currentInstance;
M9454_BillTex,X:/rcb/code/stable/game/update/moby9454.cpp,749,int M9454_BillTex;
M9454_SparkleEmitters,X:/rcb/code/stable/game/update/moby9454.cpp,750,M9454_RISING_SPARKLE_EMITTER M9454_SparkleEmitters[12];
M9454_DustPos,X:/rcb/code/stable/game/update/moby9454.cpp,752,vec4 M9454_DustPos[50];
M9454_HEATORB_thet,X:/rcb/code/stable/game/update/moby9454.cpp,753,float M9454_HEATORB_thet[137][2];
M9454_HEATORB_fx,X:/rcb/code/stable/game/update/moby9454.cpp,754,int64 M9454_HEATORB_fx;
M9456_LightningStyle,X:/rcb/code/stable/game/update/moby9456.cpp,760,FXU_CubicLineStatic_t M9456_LightningStyle;
M3137_GreenColors,X:/rcb/code/stable/game/update/moby3137.cpp,774,int M3137_GreenColors[2];
M3137_BlueColors,X:/rcb/code/stable/game/update/moby3137.cpp,775,int M3137_BlueColors[2];
M3137_OrangeColors,X:/rcb/code/stable/game/update/moby3137.cpp,776,int M3137_OrangeColors[2];
M3137_PurpleColors,X:/rcb/code/stable/game/update/moby3137.cpp,778,int M3137_PurpleColors[2];
M3137_alpha,X:/rcb/code/stable/game/update/moby3137.cpp,780,int M3137_alpha;
M3137_PartNum,X:/rcb/code/stable/game/update/moby3137.cpp,782,int M3137_PartNum;
M3137_PartScales,X:/rcb/code/stable/game/update/moby3137.cpp,783,float M3137_PartScales[2];
M3137_PartSpeeds,X:/rcb/code/stable/game/update/moby3137.cpp,784,float M3137_PartSpeeds[4];
M3137_PartZSpeeds,X:/rcb/code/stable/game/update/moby3137.cpp,785,float M3137_PartZSpeeds[4];
M3137_PartTimes,X:/rcb/code/stable/game/update/moby3137.cpp,786,int M3137_PartTimes[2];
M3137_Toggle,X:/rcb/code/stable/game/update/moby3137.cpp,789,int M3137_Toggle;
M3137_DyingData,X:/rcb/code/stable/game/update/moby3137.cpp,790,DeathEffectData M3137_DyingData[64];
M9532_FX_Smoke_Color,X:/rcb/code/stable/game/update/moby9532.cpp,808,int M9532_FX_Smoke_Color[2];
M9532_CONCRETE_EFFECT_COLOR1,X:/rcb/code/stable/game/update/moby9532.cpp,809,int M9532_CONCRETE_EFFECT_COLOR1;
M9532_CONCRETE_EFFECT_COLOR2,X:/rcb/code/stable/game/update/moby9532.cpp,810,int M9532_CONCRETE_EFFECT_COLOR2;
M9396_MineGunStyle,X:/rcb/code/stable/game/update/moby9396.cpp,816,FXU_CubicLineStatic_t M9396_MineGunStyle;
M9396_iGunCoreColor,X:/rcb/code/stable/game/update/moby9396.cpp,817,int M9396_iGunCoreColor[2];
M9396_iGunGlowColor,X:/rcb/code/stable/game/update/moby9396.cpp,818,int M9396_iGunGlowColor[2];
M6908_STAY_AT_DROP_TIME,X:/rcb/code/stable/game/update/moby6908.cpp,828,int M6908_STAY_AT_DROP_TIME;
M6908_GET_DISTANCE,X:/rcb/code/stable/game/update/moby6908.cpp,829,float M6908_GET_DISTANCE;
M6908_P_SPEED2,X:/rcb/code/stable/game/update/moby6908.cpp,831,float M6908_P_SPEED2;
M6908_P_SPEED3,X:/rcb/code/stable/game/update/moby6908.cpp,832,float M6908_P_SPEED3;
M6908_P_SPEED4,X:/rcb/code/stable/game/update/moby6908.cpp,833,float M6908_P_SPEED4;
M6908_P_LSCALE1,X:/rcb/code/stable/game/update/moby6908.cpp,835,float M6908_P_LSCALE1;
M6908_P_LSCALE2,X:/rcb/code/stable/game/update/moby6908.cpp,836,float M6908_P_LSCALE2;
M6908_P_SCALE,X:/rcb/code/stable/game/update/moby6908.cpp,837,float M6908_P_SCALE;
M6908_P_SCALE_MUL,X:/rcb/code/stable/game/update/moby6908.cpp,838,float M6908_P_SCALE_MUL;
M6908_P_ALPHA,X:/rcb/code/stable/game/update/moby6908.cpp,839,int M6908_P_ALPHA;
M6908_P_TEXTURE,X:/rcb/code/stable/game/update/moby6908.cpp,840,int M6908_P_TEXTURE;
M6908_TIMEOUT,X:/rcb/code/stable/game/update/moby6908.cpp,841,int M6908_TIMEOUT;
M6908_Interface,X:/rcb/code/stable/game/update/moby6908.cpp,842,M6908_Interface_t M6908_Interface;
M7257_COR,X:/rcb/code/stable/game/update/moby7257.cpp,848,float M7257_COR;
_M7257_LIFETIME,X:/rcb/code/stable/game/update/moby7257.cpp,849,int _M7257_LIFETIME;
_M7257_BOUNCE_RAD,X:/rcb/code/stable/game/update/moby7257.cpp,851,float _M7257_BOUNCE_RAD;
_M7257_SHADOW_SZ,X:/rcb/code/stable/game/update/moby7257.cpp,852,float _M7257_SHADOW_SZ;
_M7257_DWN_SC_MOD,X:/rcb/code/stable/game/update/moby7257.cpp,853,float _M7257_DWN_SC_MOD;
_M7257_BOUNCE_RAD_UPG,X:/rcb/code/stable/game/update/moby7257.cpp,855,float _M7257_BOUNCE_RAD_UPG;
_M7257_SHADOW_SZ_UPG,X:/rcb/code/stable/game/update/moby7257.cpp,856,float _M7257_SHADOW_SZ_UPG;
_M7257_INACTIVE_TIMER,X:/rcb/code/stable/game/update/moby7257.cpp,857,int _M7257_INACTIVE_TIMER;
M9458_MIN_THROW_DIST_g,X:/rcb/code/stable/game/update/moby9458.cpp,864,float M9458_MIN_THROW_DIST_g;
M9458_GRAVITY_g,X:/rcb/code/stable/game/update/moby9458.cpp,865,float M9458_GRAVITY_g;
M9458_MAX_THROW_SPEED_g,X:/rcb/code/stable/game/update/moby9458.cpp,866,float M9458_MAX_THROW_SPEED_g;
M9458_AW,X:/rcb/code/stable/game/update/moby9458.cpp,867,actuatorWave M9458_AW[8];
M9458_OutAmmoFirstTime,X:/rcb/code/stable/game/update/moby9458.cpp,868,int M9458_OutAmmoFirstTime[8];
M9747_AW,X:/rcb/code/stable/game/update/moby9747.cpp,876,actuatorWave M9747_AW[8];
BFG_FirePos,X:/rcb/code/stable/game/update/moby9747.cpp,878,vec4 BFG_FirePos;
BFG_TargetList,X:/rcb/code/stable/game/update/moby9747.cpp,879,moby *BFG_TargetList[30];
BFG_NumTargets,X:/rcb/code/stable/game/update/moby9747.cpp,880,int BFG_NumTargets;
BFG_WorldFireTime,X:/rcb/code/stable/game/update/moby9747.cpp,881,int BFG_WorldFireTime;
M428_vel_decay,X:/rcb/code/stable/game/update/moby428.cpp,889,float M428_vel_decay;
M428_gravity,X:/rcb/code/stable/game/update/moby428.cpp,890,float M428_gravity;
M428_amp1_accel,X:/rcb/code/stable/game/update/moby428.cpp,891,float M428_amp1_accel;
M428_ang1_speed,X:/rcb/code/stable/game/update/moby428.cpp,892,float M428_ang1_speed;
M428_ang2_speed,X:/rcb/code/stable/game/update/moby428.cpp,893,float M428_ang2_speed;
M428_ang1_to_rotx,X:/rcb/code/stable/game/update/moby428.cpp,894,float M428_ang1_to_rotx;
M428_ang2_to_roty,X:/rcb/code/stable/game/update/moby428.cpp,895,float M428_ang2_to_roty;
M428_ang12_to_rotz,X:/rcb/code/stable/game/update/moby428.cpp,896,float M428_ang12_to_rotz;
_M9923_ExhaustNodes,X:/rcb/code/stable/game/update/moby9923.cpp,904,vec4 _M9923_ExhaustNodes[48][4];
M8076_PartTex,X:/rcb/code/stable/game/update/moby8076.cpp,911,int M8076_PartTex[4][2];
M6298_HealthInit,X:/rcb/code/stable/game/update/moby6298.cpp,918,moby *M6298_HealthInit;
M8454_WhipTypeIdle,X:/rcb/code/stable/game/update/moby8454.cpp,924,M8454_WhipParameters M8454_WhipTypeIdle;
M8454_WhipTypeSwingPre,X:/rcb/code/stable/game/update/moby8454.cpp,925,M8454_WhipParameters M8454_WhipTypeSwingPre;
M8454_WhipTypeSwing,X:/rcb/code/stable/game/update/moby8454.cpp,926,M8454_WhipParameters M8454_WhipTypeSwing;
M8454_WhipTypeSlam,X:/rcb/code/stable/game/update/moby8454.cpp,927,M8454_WhipParameters M8454_WhipTypeSlam;
M8454_WhipTypeJumpSlam,X:/rcb/code/stable/game/update/moby8454.cpp,928,M8454_WhipParameters M8454_WhipTypeJumpSlam;
M8454_WhipTypeSpin,X:/rcb/code/stable/game/update/moby8454.cpp,929,M8454_WhipParameters M8454_WhipTypeSpin;
M8454_NumIntoAttackInterpFrames,X:/rcb/code/stable/game/update/moby8454.cpp,930,int M8454_NumIntoAttackInterpFrames;
M8454_NumOutofAttackInterpFrames,X:/rcb/code/stable/game/update/moby8454.cpp,931,int M8454_NumOutofAttackInterpFrames;
M8454_NumWhipInterpolationFrames,X:/rcb/code/stable/game/update/moby8454.cpp,932,int M8454_NumWhipInterpolationFrames;
M8454_WhipMomentumScale,X:/rcb/code/stable/game/update/moby8454.cpp,933,float M8454_WhipMomentumScale;
M8454_WhipTransitionDamping,X:/rcb/code/stable/game/update/moby8454.cpp,934,float M8454_WhipTransitionDamping;
M8454_LastContrailUpdateTime,X:/rcb/code/stable/game/update/moby8454.cpp,935,int M8454_LastContrailUpdateTime;
M8454_ContrailColors,X:/rcb/code/stable/game/update/moby8454.cpp,936,int M8454_ContrailColors[2];
M8454_Tex,X:/rcb/code/stable/game/update/moby8454.cpp,937,int M8454_Tex;
M8454_NumPoints,X:/rcb/code/stable/game/update/moby8454.cpp,938,int M8454_NumPoints;
M8454_hitsomething,X:/rcb/code/stable/game/update/moby8454.cpp,939,bool M8454_hitsomething;
M8454_FX_Smoke_Color,X:/rcb/code/stable/game/update/moby8454.cpp,940,int M8454_FX_Smoke_Color[3];
M8454_ContrailStyle,X:/rcb/code/stable/game/update/moby8454.cpp,941,FXU_ContrailStyle_t M8454_ContrailStyle;
M8454CONCRETE_EFFECT_COLOR1,X:/rcb/code/stable/game/update/moby8454.cpp,942,int M8454CONCRETE_EFFECT_COLOR1;
M8454CONCRETE_EFFECT_COLOR2,X:/rcb/code/stable/game/update/moby8454.cpp,943,int M8454CONCRETE_EFFECT_COLOR2;
M8454_AW,X:/rcb/code/stable/game/update/moby8454.cpp,944,actuatorWave M8454_AW[8];
M8454_WhipHitDist,X:/rcb/code/stable/game/update/moby8454.cpp,945,float M8454_WhipHitDist;
M8454_BeamColor,X:/rcb/code/stable/game/update/moby8454.cpp,946,int M8454_BeamColor;
M8454_BeamColor1,X:/rcb/code/stable/game/update/moby8454.cpp,947,int M8454_BeamColor1;
M8454_BillTex,X:/rcb/code/stable/game/update/moby8454.cpp,948,int M8454_BillTex;
M8454_BillTex2,X:/rcb/code/stable/game/update/moby8454.cpp,949,int M8454_BillTex2;
M8454_MRGBA1,X:/rcb/code/stable/game/update/moby8454.cpp,950,int M8454_MRGBA1;
M8454_MRGBA2,X:/rcb/code/stable/game/update/moby8454.cpp,951,int M8454_MRGBA2;
M8454_StartThikness,X:/rcb/code/stable/game/update/moby8454.cpp,952,float M8454_StartThikness;
M8454_EndThickness,X:/rcb/code/stable/game/update/moby8454.cpp,953,float M8454_EndThickness;
M8454_ScrollTex,X:/rcb/code/stable/game/update/moby8454.cpp,954,int M8454_ScrollTex;
M8454_QuadFactor,X:/rcb/code/stable/game/update/moby8454.cpp,955,float M8454_QuadFactor;
M8454_Blended,X:/rcb/code/stable/game/update/moby8454.cpp,956,int M8454_Blended;
M4265_drawLayer02,X:/rcb/code/stable/game/update/moby4265.cpp,963,int M4265_drawLayer02;
M4265_drawLayer03,X:/rcb/code/stable/game/update/moby4265.cpp,964,int M4265_drawLayer03;
M4265_drawLayer04,X:/rcb/code/stable/game/update/moby4265.cpp,965,int M4265_drawLayer04;
M4265_drawLayer06,X:/rcb/code/stable/game/update/moby4265.cpp,967,int M4265_drawLayer06;
M4265_drawLayer07,X:/rcb/code/stable/game/update/moby4265.cpp,968,int M4265_drawLayer07;
M4265_ShieldSPPosOffsets,X:/rcb/code/stable/game/update/moby4265.cpp,971,float M4265_ShieldSPPosOffsets[2];
_M6249_OuterAlpha,X:/rcb/code/stable/game/update/moby6249.cpp,977,int _M6249_OuterAlpha;
_M6249_InnerAlpha,X:/rcb/code/stable/game/update/moby6249.cpp,978,int _M6249_InnerAlpha;
_M6249_OUTERBEAMCOLOR,X:/rcb/code/stable/game/update/moby6249.cpp,979,int _M6249_OUTERBEAMCOLOR;
M9738_ShieldShellStyle,X:/rcb/code/stable/game/update/moby9738.cpp,985,FXU_DistortionShellStyle_t M9738_ShieldShellStyle;
M9738_Interface,X:/rcb/code/stable/game/update/moby9738.cpp,986,M9738_Interface_t M9738_Interface;
mobypvarsizes,X:/rcb/code/stable/output/game/mobypvarb.cpp,992,int mobypvarsizes[1][2];
shock_wave_test,X:/rcb/code/stable/game/actuator.cpp,998,actuatorWave shock_wave_test[1];
shock_wave_elevator_start,X:/rcb/code/stable/game/actuator.cpp,999,actuatorWave shock_wave_elevator_start[3];
shock_wave_elevator_stop,X:/rcb/code/stable/game/actuator.cpp,1000,actuatorWave shock_wave_elevator_stop[3];
shock_wave_touch_forcefield,X:/rcb/code/stable/game/actuator.cpp,1001,actuatorWave shock_wave_touch_forcefield[2];
shock_wave_venus_flytrap_shake,X:/rcb/code/stable/game/actuator.cpp,1002,actuatorWave shock_wave_venus_flytrap_shake[7];
shock_wave_venus_flytrap_close,X:/rcb/code/stable/game/actuator.cpp,1003,actuatorWave shock_wave_venus_flytrap_close[4];
shock_wave_tentical_boss_thump,X:/rcb/code/stable/game/actuator.cpp,1004,actuatorWave shock_wave_tentical_boss_thump[3];
shock_wave_tentical_boss_growl,X:/rcb/code/stable/game/actuator.cpp,1005,actuatorWave shock_wave_tentical_boss_growl[4];
shock_wave_megacorp_store_door_close,X:/rcb/code/stable/game/actuator.cpp,1006,actuatorWave shock_wave_megacorp_store_door_close[3];
shock_wave_dynamo_platform_moving,X:/rcb/code/stable/game/actuator.cpp,1007,actuatorWave shock_wave_dynamo_platform_moving[3];
shock_wave_grazer_moving,X:/rcb/code/stable/game/actuator.cpp,1008,actuatorWave shock_wave_grazer_moving[4];
shock_wave_grazer_startled,X:/rcb/code/stable/game/actuator.cpp,1009,actuatorWave shock_wave_grazer_startled[4];
shock_wave_elevator_moving,X:/rcb/code/stable/game/actuator.cpp,1010,actuatorWave shock_wave_elevator_moving[3];
shock_wave_chainsword_hitting_floor,X:/rcb/code/stable/game/actuator.cpp,1011,actuatorWave shock_wave_chainsword_hitting_floor[3];
shock_wave_standing_near_active_fan,X:/rcb/code/stable/game/actuator.cpp,1012,actuatorWave shock_wave_standing_near_active_fan[3];
shock_wave_sliding_platforms,X:/rcb/code/stable/game/actuator.cpp,1013,actuatorWave shock_wave_sliding_platforms[3];
shock_wave_bomb_exploding,X:/rcb/code/stable/game/actuator.cpp,1014,actuatorWave shock_wave_bomb_exploding[4];
shock_wave_fire_slingshot,X:/rcb/code/stable/game/actuator.cpp,1015,actuatorWave shock_wave_fire_slingshot[3];
shock_wave_ratchet_gets_hit,X:/rcb/code/stable/game/actuator.cpp,1016,actuatorWave shock_wave_ratchet_gets_hit[2];
shock_wave_use_walloper,X:/rcb/code/stable/game/actuator.cpp,1017,actuatorWave shock_wave_use_walloper[3];
shock_wave_rocket_jump,X:/rcb/code/stable/game/actuator.cpp,1018,actuatorWave shock_wave_rocket_jump[3];
shock_wave_rocket_stomp,X:/rcb/code/stable/game/actuator.cpp,1019,actuatorWave shock_wave_rocket_stomp[3];
shock_wave_swimming_with_hydropack,X:/rcb/code/stable/game/actuator.cpp,1020,actuatorWave shock_wave_swimming_with_hydropack[3];
shock_wave_use_telsaclaw,X:/rcb/code/stable/game/actuator.cpp,1021,actuatorWave shock_wave_use_telsaclaw[3];
shock_wave_hitting_wall_long_jump,X:/rcb/code/stable/game/actuator.cpp,1022,actuatorWave shock_wave_hitting_wall_long_jump[3];
shock_wave_wrench_smash,X:/rcb/code/stable/game/actuator.cpp,1023,actuatorWave shock_wave_wrench_smash[3];
shock_wave_hoverbike_turbo,X:/rcb/code/stable/game/actuator.cpp,1024,actuatorWave shock_wave_hoverbike_turbo[3];
shock_wave_walljump_kick,X:/rcb/code/stable/game/actuator.cpp,1025,actuatorWave shock_wave_walljump_kick[2];
shock_wave_explosion,X:/rcb/code/stable/game/actuator.cpp,1026,actuatorWave shock_wave_explosion[3];
shock_wave_drop_box,X:/rcb/code/stable/game/actuator.cpp,1027,actuatorWave shock_wave_drop_box[5];
shock_wave_pickup_box,X:/rcb/code/stable/game/actuator.cpp,1028,actuatorWave shock_wave_pickup_box[4];
shock_wave_move_crane,X:/rcb/code/stable/game/actuator.cpp,1029,actuatorWave shock_wave_move_crane[3];
shock_wave_gate,X:/rcb/code/stable/game/actuator.cpp,1030,actuatorWave shock_wave_gate[3];
shock_wave_swingshot_fire_and_pull,X:/rcb/code/stable/game/actuator.cpp,1031,actuatorWave shock_wave_swingshot_fire_and_pull[3];
shock_wave_smash_planetoid_statue,X:/rcb/code/stable/game/actuator.cpp,1032,actuatorWave shock_wave_smash_planetoid_statue[4];
shock_wave_smash_door,X:/rcb/code/stable/game/actuator.cpp,1033,actuatorWave shock_wave_smash_door[5];
shock_wave_tram_ride,X:/rcb/code/stable/game/actuator.cpp,1034,actuatorWave shock_wave_tram_ride[6];
shock_wave_tram_start,X:/rcb/code/stable/game/actuator.cpp,1035,actuatorWave shock_wave_tram_start[6];
shock_wave_mining_cart_stop,X:/rcb/code/stable/game/actuator.cpp,1036,actuatorWave shock_wave_mining_cart_stop[6];
shock_wave_mining_cart_hit_object,X:/rcb/code/stable/game/actuator.cpp,1037,actuatorWave shock_wave_mining_cart_hit_object[3];
shock_wave_giant_clank_punch,X:/rcb/code/stable/game/actuator.cpp,1038,actuatorWave shock_wave_giant_clank_punch[3];
shock_wave_giant_clank_bomb,X:/rcb/code/stable/game/actuator.cpp,1039,actuatorWave shock_wave_giant_clank_bomb[3];
shock_wave_building_falls,X:/rcb/code/stable/game/actuator.cpp,1040,actuatorWave shock_wave_building_falls[4];
shock_wave_boss_punches_clank,X:/rcb/code/stable/game/actuator.cpp,1041,actuatorWave shock_wave_boss_punches_clank[3];
shock_wave_fail_electrolyzer,X:/rcb/code/stable/game/actuator.cpp,1042,actuatorWave shock_wave_fail_electrolyzer[4];
shock_wave_fail_infiltrator,X:/rcb/code/stable/game/actuator.cpp,1043,actuatorWave shock_wave_fail_infiltrator[3];
shock_wave_slide_down_pipe,X:/rcb/code/stable/game/actuator.cpp,1044,actuatorWave shock_wave_slide_down_pipe[3];
shock_wave_teleporter,X:/rcb/code/stable/game/actuator.cpp,1045,actuatorWave shock_wave_teleporter[4];
shock_wave_missle_hoverbike,X:/rcb/code/stable/game/actuator.cpp,1046,actuatorWave shock_wave_missle_hoverbike[3];
shock_wave_electricty_hoverbike,X:/rcb/code/stable/game/actuator.cpp,1047,actuatorWave shock_wave_electricty_hoverbike[4];
AW_buff,X:/rcb/code/stable/game/actuator.cpp,1048,actuatorWave *AW_buff[48];
ActuatorWave,X:/rcb/code/stable/game/actuator.cpp,1049,actuatorWave ActuatorWave[8][8];
mp_gadgetValues,X:/rcb/code/stable/game/camera.cpp,1075,char mp_gadgetValues[1554];
Cam0PosSlideFac,X:/rcb/code/stable/game/camera.cpp,1076,float Cam0PosSlideFac[4];
Cam0UserCamMaxSp,X:/rcb/code/stable/game/camera.cpp,1077,float Cam0UserCamMaxSp[4];
CAM_USER_HEROUP_DAMP,X:/rcb/code/stable/game/camera.cpp,1079,float CAM_USER_HEROUP_DAMP;
CAM_USER_HEROUP_GAIN,X:/rcb/code/stable/game/camera.cpp,1080,float CAM_USER_HEROUP_GAIN;
CAM_USER_HEROUP_FPS_DAMP,X:/rcb/code/stable/game/camera.cpp,1081,float CAM_USER_HEROUP_FPS_DAMP;
DB_LockOnWidthFac,X:/rcb/code/stable/game/camera.cpp,1083,float DB_LockOnWidthFac;
DB_LockOnMaxWidth,X:/rcb/code/stable/game/camera.cpp,1084,float DB_LockOnMaxWidth;
DB_LockOnMinWidth,X:/rcb/code/stable/game/camera.cpp,1085,float DB_LockOnMinWidth;
DB_LockOnFadeSpeed,X:/rcb/code/stable/game/camera.cpp,1086,float DB_LockOnFadeSpeed;
DB_LockOnRGBAs,X:/rcb/code/stable/game/camera.cpp,1087,int DB_LockOnRGBAs[3];
DB_LockOnFRGBAs,X:/rcb/code/stable/game/camera.cpp,1088,int DB_LockOnFRGBAs[3];
DB_LockOnScales,X:/rcb/code/stable/game/camera.cpp,1089,float DB_LockOnScales[3];
DB_LockOnBaseRot,X:/rcb/code/stable/game/camera.cpp,1090,float DB_LockOnBaseRot;
DB_LockOnRotSpeed,X:/rcb/code/stable/game/camera.cpp,1091,float DB_LockOnRotSpeed;
DB_LockOnHealthTex,X:/rcb/code/stable/game/camera.cpp,1092,int DB_LockOnHealthTex;
DB_LockOn_STs1,X:/rcb/code/stable/game/camera.cpp,1093,int DB_LockOn_STs1;
DB_LockOn_STs2,X:/rcb/code/stable/game/camera.cpp,1094,int DB_LockOn_STs2;
DB_LockOn_STs3,X:/rcb/code/stable/game/camera.cpp,1095,int DB_LockOn_STs3;
DB_LockOn_STs4,X:/rcb/code/stable/game/camera.cpp,1096,int DB_LockOn_STs4;
DB_HealthRad1,X:/rcb/code/stable/game/camera.cpp,1097,int DB_HealthRad1;
DB_HealthRad2,X:/rcb/code/stable/game/camera.cpp,1098,int DB_HealthRad2;
DB_HealthRGBA1,X:/rcb/code/stable/game/camera.cpp,1099,int DB_HealthRGBA1;
DB_HealthRGBA2,X:/rcb/code/stable/game/camera.cpp,1100,int DB_HealthRGBA2;
DB_HealthArcFac,X:/rcb/code/stable/game/camera.cpp,1101,float DB_HealthArcFac;
DB_HealthArcMul,X:/rcb/code/stable/game/camera.cpp,1102,float DB_HealthArcMul;
DB_RetMaxAlpha,X:/rcb/code/stable/game/camera.cpp,1103,int DB_RetMaxAlpha;
GameCameraPos,X:/rcb/code/stable/game/camera.cpp,1106,vec4 GameCameraPos[4];
Reticule,X:/rcb/code/stable/game/camera.cpp,1107,RETICULE Reticule;
BackupCam,X:/rcb/code/stable/game/camera.cpp,1108,UpdateCam BackupCam[4];
UpdateCams,X:/rcb/code/stable/game/camera.cpp,1109,UpdateCam UpdateCams[4][48];
CameraTweakRequests,X:/rcb/code/stable/game/camera.cpp,1110,CameraTweaks CameraTweakRequests[4][32];
LensFlare,X:/rcb/code/stable/game/camera.cpp,1111,LENSFLARE LensFlare;
CamPostUpdRoutines,X:/rcb/code/stable/game/camera.cpp,1112,void *CamPostUpdRoutines[4][16];
CamPostUpdRoutineCnt,X:/rcb/code/stable/game/camera.cpp,1113,int CamPostUpdRoutineCnt[4];
ImportCameraCnt,X:/rcb/code/stable/game/camera.cpp,1115,int ImportCameraCnt;
CAMERA_COLL_FLAGS,X:/rcb/code/stable/game/camera.cpp,1116,int CAMERA_COLL_FLAGS[4];
CAMERA_COLL_SPHERE_FLAGS,X:/rcb/code/stable/game/camera.cpp,1117,int CAMERA_COLL_SPHERE_FLAGS[4];
CAMERA_COLL_BUMP_FLAGS,X:/rcb/code/stable/game/camera.cpp,1118,int CAMERA_COLL_BUMP_FLAGS[4];
CamCollGrid,X:/rcb/code/stable/game/camera.cpp,1119,CamCollGridEntry **CamCollGrid;
CamControls,X:/rcb/code/stable/game/camera.cpp,1120,CamCtrl CamControls[4][3];
UpdateCamsUsed,X:/rcb/code/stable/game/camera.cpp,1121,bool UpdateCamsUsed[4][48];
CameraTweakLast,X:/rcb/code/stable/game/camera.cpp,1123,int CameraTweakLast[4];
Checksum_top,X:/rcb/code/stable/game/checksum.cpp,1129,unsigned int Checksum_top;
Checksum_bot,X:/rcb/code/stable/game/checksum.cpp,1130,unsigned int Checksum_bot;
Checksum_localTop,X:/rcb/code/stable/game/checksum.cpp,1132,unsigned int Checksum_localTop;
Checksum_localBot,X:/rcb/code/stable/game/checksum.cpp,1133,unsigned int Checksum_localBot;
Checksum_AnnouncedCount,X:/rcb/code/stable/game/checksum.cpp,1134,unsigned int Checksum_AnnouncedCount;
Checksum_cdBot,X:/rcb/code/stable/game/checksum.cpp,1136,unsigned int Checksum_cdBot;
Checksum_info,X:/rcb/code/stable/game/checksum.cpp,1137,checksum_info Checksum_info;
Crc32Table,X:/rcb/code/stable/game/checksum.cpp,1138,int Crc32Table[256];
cd_total,X:/rcb/code/stable/game/checksum.cpp,1139,int cd_total;
Checksum_pending,X:/rcb/code/stable/game/checksum.cpp,1141,_checksum Checksum_pending[16];
Checksum_localPending,X:/rcb/code/stable/game/checksum.cpp,1142,_checksum Checksum_localPending[16];
Checksum_cdPending,X:/rcb/code/stable/game/checksum.cpp,1143,checksum_cd Checksum_cdPending[16];
cd_ChecksumData,X:/rcb/code/stable/game/checksum.cpp,1144,char cd_ChecksumData[65536];
iop_ChecksumData,X:/rcb/code/stable/game/checksum.cpp,1145,char iop_ChecksumData[2048];
credits_color,X:/rcb/code/stable/game/credits.cpp,1163,int credits_color;
credits_white,X:/rcb/code/stable/game/credits.cpp,1164,float credits_white;
credits_fade_time,X:/rcb/code/stable/game/credits.cpp,1165,int credits_fade_time;
credits_allow_reverse,X:/rcb/code/stable/game/credits.cpp,1166,int credits_allow_reverse;
endCredits,X:/rcb/code/stable/game/credits.cpp,1168,CreditSequenceContainer endCredits;
hero_xp_table,X:/rcb/code/stable/game/difficulty.cpp,1174,short int hero_xp_table[999][2];
major_bolt_scale,X:/rcb/code/stable/game/difficulty.cpp,1175,unsigned char major_bolt_scale[8];
minor_bolt_scale,X:/rcb/code/stable/game/difficulty.cpp,1176,unsigned char minor_bolt_scale[8];
major_xp_scale,X:/rcb/code/stable/game/difficulty.cpp,1177,unsigned char major_xp_scale[8];
minor_xp_scale,X:/rcb/code/stable/game/difficulty.cpp,1178,unsigned char minor_xp_scale[8];
mp_stateHistoryValues,X:/rcb/code/stable/game/draw.cpp,1184,char mp_stateHistoryValues[1554];
ScreenColorEffectEnabled,X:/rcb/code/stable/game/draw.cpp,1186,bool ScreenColorEffectEnabled;
ScreenColorEffectLight,X:/rcb/code/stable/game/draw.cpp,1188,ScreenVBEffect ScreenColorEffectLight;
ScreenColorEffectNow,X:/rcb/code/stable/game/draw.cpp,1189,ScreenVBEffect *ScreenColorEffectNow;
ScreenInsertCyc,X:/rcb/code/stable/game/draw.cpp,1190,ScreenInsertEffect ScreenInsertCyc;
ScreenInsertBkg,X:/rcb/code/stable/game/draw.cpp,1191,ScreenInsertEffect ScreenInsertBkg;
LameShadowTable,X:/rcb/code/stable/game/draw.cpp,1196,vec4a LameShadowTable[4];
WideScreenFrustumMap,X:/rcb/code/stable/game/draw.cpp,1199,FrustumDef *WideScreenFrustumMap[10];
_g_giac_likes_iop_debugging,X:/rcb/code/stable/game/draw.cpp,1200,bool _g_giac_likes_iop_debugging;
occl_grid_deltas,X:/rcb/code/stable/game/draw.cpp,1201,signed char occl_grid_deltas[6][4];
FLICKER_TEX_OFFSET,X:/rcb/code/stable/game/draw.cpp,1209,float FLICKER_TEX_OFFSET;
FLICKER_COLOR,X:/rcb/code/stable/game/draw.cpp,1210,int FLICKER_COLOR;
FLICKER_GLOWING_COLOR,X:/rcb/code/stable/game/draw.cpp,1211,int FLICKER_GLOWING_COLOR;
FLICKER_PUSH_DIST,X:/rcb/code/stable/game/draw.cpp,1213,float FLICKER_PUSH_DIST;
SCANLINE_COLOR,X:/rcb/code/stable/game/draw.cpp,1214,int SCANLINE_COLOR;
SCANLINE_TEXTURE,X:/rcb/code/stable/game/draw.cpp,1215,FX_TEXTURE_ENUM SCANLINE_TEXTURE;
g_DrawAuxMobys,X:/rcb/code/stable/game/draw.cpp,1216,bool g_DrawAuxMobys;
g_MobyAuxDraw,X:/rcb/code/stable/game/draw.cpp,1217,MobyAuxDraw g_MobyAuxDraw;
g_DrawMobysAuxLighting,X:/rcb/code/stable/game/draw.cpp,1218,int g_DrawMobysAuxLighting;
PE_Z_TO_A_ALPHA,X:/rcb/code/stable/game/draw.cpp,1220,int PE_Z_TO_A_ALPHA;
PE_Z_TO_A_Q,X:/rcb/code/stable/game/draw.cpp,1221,int PE_Z_TO_A_Q;
font_rgba_table,X:/rcb/code/stable/game/draw.cpp,1222,int font_rgba_table[8];
Scene,X:/rcb/code/stable/game/draw.cpp,1223,SceneDef Scene;
ScreenColorEffectLevel,X:/rcb/code/stable/game/draw.cpp,1224,ScreenVBEffect *ScreenColorEffectLevel;
VisibilityData,X:/rcb/code/stable/game/draw.cpp,1225,VisibilityCheck VisibilityData[32];
FastFrustum,X:/rcb/code/stable/game/draw.cpp,1227,vec4 FastFrustum[8];
LameShadows,X:/rcb/code/stable/game/draw.cpp,1228,vec4 LameShadows[32][2];
draw_mode,X:/rcb/code/stable/game/draw.cpp,1229,int draw_mode;
main_ram_texs,X:/rcb/code/stable/game/draw.cpp,1235,void *main_ram_texs;
pRegistered_PostPreDraws,X:/rcb/code/stable/game/draw.cpp,1244,void *pRegistered_PostPreDraws;
pRegistered_ScreenEffectDraws,X:/rcb/code/stable/game/draw.cpp,1248,void *pRegistered_ScreenEffectDraws;
SplitScreenPreCallbacks,X:/rcb/code/stable/game/draw.cpp,1249,void *SplitScreenPreCallbacks[4];
SplitScreenPostCallbacks,X:/rcb/code/stable/game/draw.cpp,1250,void *SplitScreenPostCallbacks[4];
LevelFogMode,X:/rcb/code/stable/game/draw.cpp,1259,int LevelFogMode;
SceneHeroMoby,X:/rcb/code/stable/game/draw.cpp,1262,void *SceneHeroMoby;
VisibilityCount,X:/rcb/code/stable/game/draw.cpp,1263,int VisibilityCount;
RegisteredDrawRoutines,X:/rcb/code/stable/game/draw.cpp,1264,RegisteredDrawRoutine_t RegisteredDrawRoutines[256];
StaticShadowCnt,X:/rcb/code/stable/game/draw.cpp,1266,int StaticShadowCnt;
StaticShadowBSpheres,X:/rcb/code/stable/game/draw.cpp,1267,vec4 *StaticShadowBSpheres;
StaticShadows,X:/rcb/code/stable/game/draw.cpp,1268,void **StaticShadows;
ShadowPal,X:/rcb/code/stable/game/draw.cpp,1269,int ShadowPal[256];
font_rgba_active,X:/rcb/code/stable/game/draw.cpp,1270,int font_rgba_active;
font_rgba_window,X:/rcb/code/stable/game/draw.cpp,1271,int font_rgba_window;
g_pInstDrawDistsStash,X:/rcb/code/stable/game/draw.cpp,1272,void *g_pInstDrawDistsStash;
iBRockin,X:/rcb/code/stable/game/FXRegistry.cpp,1286,int iBRockin;
FXSpawn,X:/rcb/code/stable/game/FXSpawn.cpp,1304,FXSpawningInterface FXSpawn;
_16FXUtilsInterface$vDefaultUp,X:/rcb/code/stable/game/FXUtil.cpp,1310,vec4a _16FXUtilsInterface$vDefaultUp;
_16FXUtilsInterface$fCircleSin,X:/rcb/code/stable/game/FXUtil.cpp,1312,float _16FXUtilsInterface$fCircleSin[65];
FXU_iDrawDistortShellTexture,X:/rcb/code/stable/game/FXUtil.cpp,1315,FX_TEXTURE_ENUM FXU_iDrawDistortShellTexture;
_16FXUtilsInterface$CubicLineStyle_Lightning,X:/rcb/code/stable/game/FXUtil.cpp,1316,FXU_CubicLineStatic_t _16FXUtilsInterface$CubicLineStyle_Lightning;
_16FXUtilsInterface$CubicLineStyle_ForceFieldBeam,X:/rcb/code/stable/game/FXUtil.cpp,1317,FXU_CubicLineStatic_t _16FXUtilsInterface$CubicLineStyle_ForceFieldBeam;
_16FXUtilsInterface$CubicLineStylesTable,X:/rcb/code/stable/game/FXUtil.cpp,1318,FXU_CubicLineStatic_t *_16FXUtilsInterface$CubicLineStylesTable[3];
FXUtil,X:/rcb/code/stable/game/FXUtil.cpp,1319,FXUtilsInterface FXUtil;
EFF_BC_FxB,X:/rcb/code/stable/game/effects.cpp,1326,int EFF_BC_FxB;
EFF_BC_FxD,X:/rcb/code/stable/game/effects.cpp,1327,int EFF_BC_FxD;
EFF_BC_FxSts,X:/rcb/code/stable/game/effects.cpp,1328,float EFF_BC_FxSts[4][2];
Fx_BlueColors,X:/rcb/code/stable/game/effects.cpp,1329,int Fx_BlueColors[2];
Fx_AlphaFlags,X:/rcb/code/stable/game/effects.cpp,1330,int Fx_AlphaFlags[8][5];
Fx_SparkTex,X:/rcb/code/stable/game/effects.cpp,1332,int Fx_SparkTex;
Fx_SparkScales,X:/rcb/code/stable/game/effects.cpp,1335,float Fx_SparkScales[2];
FX_HDB_Default_AlphaST,X:/rcb/code/stable/game/effects.cpp,1336,st_t FX_HDB_Default_AlphaST[4];
FX_HDB_Default_CenterST,X:/rcb/code/stable/game/effects.cpp,1337,st_t FX_HDB_Default_CenterST[4];
FX_HDB_Default_SideST,X:/rcb/code/stable/game/effects.cpp,1338,st_t FX_HDB_Default_SideST[4];
FX_HDB_Default_DrawInfo,X:/rcb/code/stable/game/effects.cpp,1339,FX_HDB_DrawInfo_t FX_HDB_Default_DrawInfo;
FX_ThinLightning,X:/rcb/code/stable/game/effects.cpp,1340,FX_LightningClass FX_ThinLightning;
QuadDMABuffers,X:/rcb/code/stable/game/efxfunc.cpp,1346,int QuadDMABuffers[2];
FogPlane_refgouraud,X:/rcb/code/stable/game/efxfunc.cpp,1347,long unsigned int FogPlane_refgouraud[10];
FogPlane_reftextured,X:/rcb/code/stable/game/efxfunc.cpp,1348,long unsigned int FogPlane_reftextured[10];
lava_init_gs_regs,X:/rcb/code/stable/game/efxfunc.cpp,1349,long unsigned int lava_init_gs_regs[18];
waterfall_init_gs_regs,X:/rcb/code/stable/game/efxfunc.cpp,1350,long unsigned int waterfall_init_gs_regs[18];
base_st,X:/rcb/code/stable/game/efxfunc.cpp,1351,short int base_st[512];
FogPlane1data,X:/rcb/code/stable/game/efxfunc.cpp,1352,short int FogPlane1data[4096];
FogPlane1Cluster,X:/rcb/code/stable/game/efxfunc.cpp,1353,GSQuad_Cluster FogPlane1Cluster[1];
FogPlane1,X:/rcb/code/stable/game/efxfunc.cpp,1354,GSQuad_Header FogPlane1;
FogPlane2data,X:/rcb/code/stable/game/efxfunc.cpp,1355,short int FogPlane2data[4096];
FogPlane2Cluster,X:/rcb/code/stable/game/efxfunc.cpp,1356,GSQuad_Cluster FogPlane2Cluster[1];
FogPlane2,X:/rcb/code/stable/game/efxfunc.cpp,1357,GSQuad_Header FogPlane2;
g_insomniac_scratch,X:/rcb/code/stable/game/fonts.cpp,1375,char g_insomniac_scratch[2048];
g_utf8_scratch,X:/rcb/code/stable/game/fonts.cpp,1376,char g_utf8_scratch[12288];
FPW_cache_line_cnt,X:/rcb/code/stable/game/fonts.cpp,1380,int FPW_cache_line_cnt;
FPW_cache_line_begs,X:/rcb/code/stable/game/fonts.cpp,1381,short int FPW_cache_line_begs[12];
FPW_cache_line_ends,X:/rcb/code/stable/game/fonts.cpp,1382,short int FPW_cache_line_ends[12];
FPW_cache_line_rgbas,X:/rcb/code/stable/game/fonts.cpp,1383,short int FPW_cache_line_rgbas[12];
FPW_cache_line_pixels,X:/rcb/code/stable/game/fonts.cpp,1384,short int FPW_cache_line_pixels[12];
FPS_CAM_YCHEAT_FADE_MAX,X:/rcb/code/stable/game/fpsmode.cpp,1390,float FPS_CAM_YCHEAT_FADE_MAX;
FPS_CAM_YCHEAT_FADE_MIN,X:/rcb/code/stable/game/fpsmode.cpp,1391,float FPS_CAM_YCHEAT_FADE_MIN;
kFpsCheckAheadFactor,X:/rcb/code/stable/game/fpsmode.cpp,1394,float kFpsCheckAheadFactor;
kFpsLookAheadMaxStepDist,X:/rcb/code/stable/game/fpsmode.cpp,1395,float kFpsLookAheadMaxStepDist;
kFpsLookAheadGain,X:/rcb/code/stable/game/fpsmode.cpp,1396,float kFpsLookAheadGain;
kFpsLookAheadDamp,X:/rcb/code/stable/game/fpsmode.cpp,1397,float kFpsLookAheadDamp;
kFpsLookAheadLimit,X:/rcb/code/stable/game/fpsmode.cpp,1398,float kFpsLookAheadLimit;
FPS_turnInputReport,X:/rcb/code/stable/game/fpsmode.cpp,1399,float FPS_turnInputReport;
mp_gadgetValues2,X:/rcb/code/stable/game/freeze.cpp,1409,char mp_gadgetValues2[1682];
FREEZE_BUTTON_Y1,X:/rcb/code/stable/game/freeze.cpp,1410,int FREEZE_BUTTON_Y1;
FREEZE_BUTTON_Y2,X:/rcb/code/stable/game/freeze.cpp,1411,int FREEZE_BUTTON_Y2;
WARN_TEXT_RGBA1,X:/rcb/code/stable/game/freeze.cpp,1412,int WARN_TEXT_RGBA1;
DBG_Freeze_Rot,X:/rcb/code/stable/game/freeze.cpp,1417,vec4 &DBG_Freeze_Rot;
Freeze,X:/rcb/code/stable/game/freeze.cpp,1418,freeze_t Freeze;
gen_init_gs_registers,X:/rcb/code/stable/game/genfunc.cpp,1428,long unsigned int gen_init_gs_registers[4];
gen_init_template,X:/rcb/code/stable/game/genfunc.cpp,1429,int gen_init_template[20];
gen_vert_template,X:/rcb/code/stable/game/genfunc.cpp,1430,int gen_vert_template[4];
gen_st_template,X:/rcb/code/stable/game/genfunc.cpp,1431,int gen_st_template[4];
gen_rgba_template,X:/rcb/code/stable/game/genfunc.cpp,1432,int gen_rgba_template[4];
gen_index_template,X:/rcb/code/stable/game/genfunc.cpp,1433,int gen_index_template[4];
gen_tex_template,X:/rcb/code/stable/game/genfunc.cpp,1434,int gen_tex_template[4];
gen_matrix_template,X:/rcb/code/stable/game/genfunc.cpp,1435,int gen_matrix_template[8];
KLUDGEVOL,X:/rcb/code/stable/game/globals.cpp,1445,int KLUDGEVOL;
MoonJumpIdealHeight,X:/rcb/code/stable/game/globals.cpp,1446,float MoonJumpIdealHeight[4];
gModePauseDisabledFlags,X:/rcb/code/stable/game/globals.cpp,1449,bool gModePauseDisabledFlags[18];
g_netEnabled,X:/rcb/code/stable/game/globals.cpp,1457,bool g_netEnabled;
LseCnt,X:/rcb/code/stable/game/globals.cpp,1459,int LseCnt;
SpaceShip_Thruster_Moby,X:/rcb/code/stable/game/globals.cpp,1463,short int SpaceShip_Thruster_Moby;
SpaceShip_Laser_Moby,X:/rcb/code/stable/game/globals.cpp,1464,short int SpaceShip_Laser_Moby;
SpaceShip_Missile_Moby,X:/rcb/code/stable/game/globals.cpp,1465,short int SpaceShip_Missile_Moby;
SpaceShip_Wingtip_Moby,X:/rcb/code/stable/game/globals.cpp,1466,short int SpaceShip_Wingtip_Moby;
reenterLevel,X:/rcb/code/stable/game/globals.cpp,1468,int reenterLevel;
HoverBikeLapsCompleted,X:/rcb/code/stable/game/globals.cpp,1477,int HoverBikeLapsCompleted;
HoverBikeTimer,X:/rcb/code/stable/game/globals.cpp,1478,int HoverBikeTimer;
HeroArea,X:/rcb/code/stable/game/globals.cpp,1479,int HeroArea;
InsideArena,X:/rcb/code/stable/game/globals.cpp,1482,int InsideArena;
TieGroupData,X:/rcb/code/stable/game/globals.cpp,1483,short int **TieGroupData;
TieGroupCnt,X:/rcb/code/stable/game/globals.cpp,1484,int TieGroupCnt;
ShrubGroupData,X:/rcb/code/stable/game/globals.cpp,1485,short int **ShrubGroupData;
ShrubGroupCnt,X:/rcb/code/stable/game/globals.cpp,1486,int ShrubGroupCnt;
DynamicBogeyCandidateCnt,X:/rcb/code/stable/game/globals.cpp,1487,int DynamicBogeyCandidateCnt;
DynamicBogeyQueueCnt,X:/rcb/code/stable/game/globals.cpp,1488,int DynamicBogeyQueueCnt;
DynamicBogeyCurWorldUpdateTime,X:/rcb/code/stable/game/globals.cpp,1489,int DynamicBogeyCurWorldUpdateTime;
WeaponMemory,X:/rcb/code/stable/game/globals.cpp,1492,WeaponMemoryInfo WeaponMemory[2];
WeaponMemoryBnk,X:/rcb/code/stable/game/globals.cpp,1493,int WeaponMemoryBnk;
WeaponMemoryId,X:/rcb/code/stable/game/globals.cpp,1494,int WeaponMemoryId;
MiniTurret_STIndex,X:/rcb/code/stable/game/globals.cpp,1495,int MiniTurret_STIndex;
MegaTurret_STIndex,X:/rcb/code/stable/game/globals.cpp,1496,int MegaTurret_STIndex;
gShowSpaceSPMsg,X:/rcb/code/stable/game/globals.cpp,1497,int gShowSpaceSPMsg;
L9_EnemiesKilledByRC1WeaponsOnly,X:/rcb/code/stable/game/globals.cpp,1498,int L9_EnemiesKilledByRC1WeaponsOnly;
L3_RobotsKilledByCraneCnt,X:/rcb/code/stable/game/globals.cpp,1499,int L3_RobotsKilledByCraneCnt;
Level16_NumCarsDestroyed,X:/rcb/code/stable/game/globals.cpp,1500,int Level16_NumCarsDestroyed;
L2_DeathsInQwark,X:/rcb/code/stable/game/globals.cpp,1501,int L2_DeathsInQwark;
L2_LastQwarkHelpDeskPlayed,X:/rcb/code/stable/game/globals.cpp,1502,int L2_LastQwarkHelpDeskPlayed;
L20_DeathsInNefarious,X:/rcb/code/stable/game/globals.cpp,1503,int L20_DeathsInNefarious;
L4_enemies_killed_with_refractor,X:/rcb/code/stable/game/globals.cpp,1504,int L4_enemies_killed_with_refractor;
L5_bugs_to_birds,X:/rcb/code/stable/game/globals.cpp,1505,int L5_bugs_to_birds;
L12_enemies_killed_with_wrench,X:/rcb/code/stable/game/globals.cpp,1506,int L12_enemies_killed_with_wrench;
L14_breakables_destroyed,X:/rcb/code/stable/game/globals.cpp,1507,int L14_breakables_destroyed;
L17_enemies_sucked,X:/rcb/code/stable/game/globals.cpp,1508,int L17_enemies_sucked;
L18_enemies_killed_with_refractor,X:/rcb/code/stable/game/globals.cpp,1509,int L18_enemies_killed_with_refractor;
L22_enemies_infected,X:/rcb/code/stable/game/globals.cpp,1510,int L22_enemies_infected;
InLevel1Training,X:/rcb/code/stable/game/globals.cpp,1512,int InLevel1Training;
TrainingStickStrength,X:/rcb/code/stable/game/globals.cpp,1513,float TrainingStickStrength;
SuperFastBoltCollectionGo,X:/rcb/code/stable/game/globals.cpp,1514,int SuperFastBoltCollectionGo;
GravyBoltRewards,X:/rcb/code/stable/game/globals.cpp,1517,int GravyBoltRewards[80];
g_parsed_widgets,X:/rcb/code/stable/game/globals.cpp,1518,unsigned int g_parsed_widgets;
CollDamage,X:/rcb/code/stable/game/globals.cpp,1520,COLL_DAM_OUT CollDamage[64];
UnitVec,X:/rcb/code/stable/game/globals.cpp,1522,vec4 UnitVec[4];
CageMatchCenter,X:/rcb/code/stable/game/globals.cpp,1524,vec4 CageMatchCenter;
NPC_HeadScaleManip,X:/rcb/code/stable/game/globals.cpp,1525,Manipulator NPC_HeadScaleManip;
reset_main_loop,X:/rcb/code/stable/game/globals.cpp,1531,int reset_main_loop;
frm_mode,X:/rcb/code/stable/game/globals.cpp,1532,int frm_mode;
movie_font_tex0,X:/rcb/code/stable/game/globals.cpp,1534,uint64 movie_font_tex0;
LevelSoundCnt,X:/rcb/code/stable/game/globals.cpp,1535,int LevelSoundCnt;
OcclVisibilityMerged,X:/rcb/code/stable/game/globals.cpp,1541,char OcclVisibilityMerged[4][128];
OcclGrid,X:/rcb/code/stable/game/globals.cpp,1542,void *OcclGrid;
OcclOct,X:/rcb/code/stable/game/globals.cpp,1543,void *OcclOct;
OcclPreviousGrid,X:/rcb/code/stable/game/globals.cpp,1547,void *OcclPreviousGrid[4];
GeneralScratchBuffer,X:/rcb/code/stable/game/globals.cpp,1549,char GeneralScratchBuffer[16384];
NPC,X:/rcb/code/stable/game/globals.cpp,1554,npcMode NPC;
GotoShip,X:/rcb/code/stable/game/globals.cpp,1555,int GotoShip;
GotoOptions,X:/rcb/code/stable/game/globals.cpp,1556,int GotoOptions;
XPDeficits,X:/rcb/code/stable/game/globals.cpp,1557,int XPDeficits[16][3];
BoltDeficits,X:/rcb/code/stable/game/globals.cpp,1558,int BoltDeficits[16][3];
HealthInit,X:/rcb/code/stable/game/globals.cpp,1562,MobyInstance *HealthInit;
display_ammo,X:/rcb/code/stable/game/globals.cpp,1563,int display_ammo;
da_alpha,X:/rcb/code/stable/game/globals.cpp,1564,int da_alpha;
da_height,X:/rcb/code/stable/game/globals.cpp,1565,int da_height;
da_text,X:/rcb/code/stable/game/globals.cpp,1566,char da_text[80];
da_text1,X:/rcb/code/stable/game/globals.cpp,1567,char da_text1[80];
IMobys,X:/rcb/code/stable/game/globals.cpp,1568,MobyInstance *IMobys[114];
timeSinceWeaponUsed,X:/rcb/code/stable/game/globals.cpp,1569,int timeSinceWeaponUsed;
GameplayAreaMap,X:/rcb/code/stable/game/globals.cpp,1570,AreaMapUnit *GameplayAreaMap;
GameplayAreaList,X:/rcb/code/stable/game/globals.cpp,1571,AreaList *GameplayAreaList;
DynamicBogeyCandidates,X:/rcb/code/stable/game/globals.cpp,1572,moby *DynamicBogeyCandidates[64];
DynamicBogeyQueue,X:/rcb/code/stable/game/globals.cpp,1573,moby *DynamicBogeyQueue[64];
DynamicBogeyCandidateTypes,X:/rcb/code/stable/game/globals.cpp,1574,int DynamicBogeyCandidateTypes[64];
DynamicSwingShotList,X:/rcb/code/stable/game/globals.cpp,1575,moby *DynamicSwingShotList[32];
DynamicHookShotList,X:/rcb/code/stable/game/globals.cpp,1576,moby *DynamicHookShotList[32];
DynamicPullShotList,X:/rcb/code/stable/game/globals.cpp,1577,moby *DynamicPullShotList[32];
DynamicDynamoList,X:/rcb/code/stable/game/globals.cpp,1578,moby *DynamicDynamoList[32];
DynamicNetBogeysList,X:/rcb/code/stable/game/globals.cpp,1579,moby *DynamicNetBogeysList[256];
MiniTurret_ST,X:/rcb/code/stable/game/globals.cpp,1580,MobyInstance *MiniTurret_ST[5];
MegaTurret_ST,X:/rcb/code/stable/game/globals.cpp,1581,MobyInstance *MegaTurret_ST[5];
Lses,X:/rcb/code/stable/game/globals.cpp,1582,Lse *Lses;
InfoBotSource,X:/rcb/code/stable/game/gmap.cpp,1588,int InfoBotSource[80];
MAP_FONT_YOFF,X:/rcb/code/stable/game/gmap.cpp,1589,int MAP_FONT_YOFF;
GC_InitedReclaimedList,X:/rcb/code/stable/game/group_control.cpp,1595,bool GC_InitedReclaimedList;
GC_On,X:/rcb/code/stable/game/group_control.cpp,1596,bool GC_On;
GC_TicksPerGlobalOperation,X:/rcb/code/stable/game/group_control.cpp,1597,int GC_TicksPerGlobalOperation;
GC_UIDCounter,X:/rcb/code/stable/game/group_control.cpp,1598,short unsigned int GC_UIDCounter;
RL_UIDCounter,X:/rcb/code/stable/game/group_control.cpp,1599,short unsigned int RL_UIDCounter;
WV_UIDCounter,X:/rcb/code/stable/game/group_control.cpp,1600,short unsigned int WV_UIDCounter;
GC_RoleBias,X:/rcb/code/stable/game/group_control.cpp,1601,GC_RoleBiasData GC_RoleBias[7];
GC_HideSpawnPreferences,X:/rcb/code/stable/game/group_control.cpp,1602,GC_Preferences GC_HideSpawnPreferences;
GC_Reclaimed,X:/rcb/code/stable/game/group_control.cpp,1603,GC_ReclamationRef GC_Reclaimed[128];
GC_ScoreKeeper,X:/rcb/code/stable/game/group_control.cpp,1604,GC_ScorerData GC_ScoreKeeper;
hud_bank_lengths,X:/rcb/code/stable/game/hud.cpp,1620,int hud_bank_lengths[8];
IM_Initialized,X:/rcb/code/stable/game/influence.cpp,1626,int IM_Initialized;
IM_InfluenceTime,X:/rcb/code/stable/game/influence.cpp,1627,int IM_InfluenceTime;
IM_DefaultAttention,X:/rcb/code/stable/game/influence.cpp,1628,IM_AdvertisingFeature IM_DefaultAttention;
IM_DefaultCover,X:/rcb/code/stable/game/influence.cpp,1629,IM_AdvertisingFeature IM_DefaultCover;
IM_DefaultDamagePotential,X:/rcb/code/stable/game/influence.cpp,1630,IM_AdvertisingFeature IM_DefaultDamagePotential;
IM_DefaultIntention,X:/rcb/code/stable/game/influence.cpp,1631,IM_AdvertisingFeature IM_DefaultIntention;
IM_DefaultOccupancy,X:/rcb/code/stable/game/influence.cpp,1632,IM_AdvertisingFeature IM_DefaultOccupancy;
IM_DefaultOccupancyStatic,X:/rcb/code/stable/game/influence.cpp,1633,IM_AdvertisingFeature IM_DefaultOccupancyStatic;
IM_DefaultPointList,X:/rcb/code/stable/game/influence.cpp,1634,IM_PointList IM_DefaultPointList;
IM_UtilityShape,X:/rcb/code/stable/game/influence.cpp,1635,IM_InfluenceShape IM_UtilityShape;
IM_LoadBalancers,X:/rcb/code/stable/game/influence.cpp,1636,IM_LoadBalancer IM_LoadBalancers[8];
IM_LoadBalanceBuckets,X:/rcb/code/stable/game/influence.cpp,1637,short unsigned int IM_LoadBalanceBuckets[4096];
IM_SectorHash,X:/rcb/code/stable/game/influence.cpp,1638,short unsigned int IM_SectorHash[4096];
IM_SectorSpace,X:/rcb/code/stable/game/influence.cpp,1639,IM_Sector IM_SectorSpace[2048];
IM_HUDGridTextBuffer,X:/rcb/code/stable/game/influence.cpp,1640,char IM_HUDGridTextBuffer[16];
IM_HUDSectorTextBuffer,X:/rcb/code/stable/game/influence.cpp,1641,char IM_HUDSectorTextBuffer[16];
IM_SectorSpaceFreespaceStart,X:/rcb/code/stable/game/influence.cpp,1642,int IM_SectorSpaceFreespaceStart;
IM_SectorSpaceUsedStart,X:/rcb/code/stable/game/influence.cpp,1643,int IM_SectorSpaceUsedStart;
IM_RegisteredOccupancyCallbacks,X:/rcb/code/stable/game/influence.cpp,1644,IM_OccupancyCBData IM_RegisteredOccupancyCallbacks[32];
IM_RegisteredOccupancyCount,X:/rcb/code/stable/game/influence.cpp,1645,int IM_RegisteredOccupancyCount;
bDisconnectPending,X:/rcb/code/stable/game/init.cpp,1651,bool bDisconnectPending;
g_buffer,X:/rcb/code/stable/game/initonce.cpp,1659,char g_buffer[1048576];
DirLightBolts_Color,X:/rcb/code/stable/game/lights.cpp,1673,vec4a DirLightBolts_Color;
DirLights,X:/rcb/code/stable/game/lights.cpp,1674,DirLight DirLights[16];
PointLights,X:/rcb/code/stable/game/lights.cpp,1675,PointLight PointLights[8];
PointLightData,X:/rcb/code/stable/game/lights.cpp,1676,PL_Data PointLightData[8];
DirLightData,X:/rcb/code/stable/game/lights.cpp,1677,DL_Data DirLightData[16];
PointLightLists,X:/rcb/code/stable/game/lights.cpp,1678,short int PointLightLists[4096];
g_nLightCuboids,X:/rcb/code/stable/game/lights.cpp,1680,int g_nLightCuboids;
g_max_mission_classes,X:/rcb/code/stable/game/loaders.cpp,1687,int g_max_mission_classes;
g_max_mission_instances,X:/rcb/code/stable/game/loaders.cpp,1688,int g_max_mission_instances;
g_max_mission_pvars,X:/rcb/code/stable/game/loaders.cpp,1689,int g_max_mission_pvars;
g_max_mission_groups,X:/rcb/code/stable/game/loaders.cpp,1690,int g_max_mission_groups;
g_max_mission_shared,X:/rcb/code/stable/game/loaders.cpp,1691,int g_max_mission_shared;
g_max_mission_spawn_cnt,X:/rcb/code/stable/game/loaders.cpp,1692,int g_max_mission_spawn_cnt;
g_core_used_inst_cnt,X:/rcb/code/stable/game/loaders.cpp,1693,int g_core_used_inst_cnt;
g_core_actual_inst_cnt,X:/rcb/code/stable/game/loaders.cpp,1694,int g_core_actual_inst_cnt;
g_core_spawn_cnt,X:/rcb/code/stable/game/loaders.cpp,1695,int g_core_spawn_cnt;
g_spawn_moby_size,X:/rcb/code/stable/game/loaders.cpp,1696,int g_spawn_moby_size;
g_moby_group_count,X:/rcb/code/stable/game/loaders.cpp,1697,int g_moby_group_count;
MobyGroupCore,X:/rcb/code/stable/game/loaders.cpp,1698,bool MobyGroupCore[272];
HeightMapChunk,X:/rcb/code/stable/game/loaders.cpp,1699,int HeightMapChunk;
moby_occl_cluster_cnt,X:/rcb/code/stable/game/loaders.cpp,1702,int moby_occl_cluster_cnt;
cur_comp_id,X:/rcb/code/stable/game/loaders.cpp,1703,int cur_comp_id;
GameplayAreaSize,X:/rcb/code/stable/game/loaders.cpp,1704,int GameplayAreaSize;
HeightMapMin,X:/rcb/code/stable/game/loaders.cpp,1708,vec4 HeightMapMin;
HeightMapMax,X:/rcb/code/stable/game/loaders.cpp,1709,vec4 HeightMapMax;
HeightMapSize,X:/rcb/code/stable/game/loaders.cpp,1710,vec4 HeightMapSize;
HeightMapStep,X:/rcb/code/stable/game/loaders.cpp,1711,vec4 HeightMapStep;
SegmentsCompletedAtLevelEntry,X:/rcb/code/stable/game/loaders.cpp,1712,char SegmentsCompletedAtLevelEntry[16];
HeightMap,X:/rcb/code/stable/game/loaders.cpp,1716,unsigned char *HeightMap;
moby_occl_clusters,X:/rcb/code/stable/game/loaders.cpp,1717,short int *moby_occl_clusters;
state_functions,X:/rcb/code/stable/game/mcstate.cpp,1723,void (*state_functions[34])(/* parameters unknown */);
mc_tblgetdir,X:/rcb/code/stable/game/memcard.cpp,1740,sceMcTblGetDir mc_tblgetdir[13];
local_mat,X:/rcb/code/stable/game/menufunc.cpp,1750,float local_mat[16][4][4];
OutData,X:/rcb/code/stable/game/menufunc.cpp,1751,long long unsigned int OutData[2048];
mf_enemyClassTable,X:/rcb/code/stable/game/missionfunc.cpp,1769,int mf_enemyClassTable[20];
mf_firstTimeInMission,X:/rcb/code/stable/game/missionfunc.cpp,1771,bool mf_firstTimeInMission;
mf_startSpawnPoint,X:/rcb/code/stable/game/missionfunc.cpp,1772,StartSpawnPoint mf_startSpawnPoint;
mf_spawnPointList,X:/rcb/code/stable/game/missionfunc.cpp,1773,SpawnPointList mf_spawnPointList[2];
mf_successCallBack,X:/rcb/code/stable/game/missionfunc.cpp,1774,bool (*mf_successCallBack[4])(/* parameters unknown */);
mf_successCallBackMoby,X:/rcb/code/stable/game/missionfunc.cpp,1775,moby *mf_successCallBackMoby[4];
mf_failureCallBack,X:/rcb/code/stable/game/missionfunc.cpp,1776,bool (*mf_failureCallBack[4])(/* parameters unknown */);
mf_failureCallBackMoby,X:/rcb/code/stable/game/missionfunc.cpp,1777,moby *mf_failureCallBackMoby[4];
mf_rewardData,X:/rcb/code/stable/game/missionfunc.cpp,1778,MF_MissionRewards mf_rewardData;
mf_spawnPointCheckers,X:/rcb/code/stable/game/missionfunc.cpp,1779,moby *mf_spawnPointCheckers[8];
mf_midMissionMobySaves,X:/rcb/code/stable/game/missionfunc.cpp,1780,MidMissionMobySave mf_midMissionMobySaves[16];
MobyInstanceCoreStart,X:/rcb/code/stable/game/mobyfunc.cpp,1790,MobyInstance *MobyInstanceCoreStart;
MobyInstanceCoreEnd,X:/rcb/code/stable/game/mobyfunc.cpp,1791,MobyInstance *MobyInstanceCoreEnd;
MobyInstanceMissionStart,X:/rcb/code/stable/game/mobyfunc.cpp,1792,MobyInstance *MobyInstanceMissionStart;
MobyInstanceMissionEnd,X:/rcb/code/stable/game/mobyfunc.cpp,1793,MobyInstance *MobyInstanceMissionEnd;
MobyInstanceMissionMaxEnd,X:/rcb/code/stable/game/mobyfunc.cpp,1794,MobyInstance *MobyInstanceMissionMaxEnd;
pal_trans_template,X:/rcb/code/stable/game/mobyfunc.cpp,1798,int pal_trans_template[28];
MobyShadowVecs,X:/rcb/code/stable/game/mobyfunc.cpp,1799,vec4 MobyShadowVecs[12];
MobyAnimJointCache,X:/rcb/code/stable/game/mobyfunc.cpp,1802,char MobyAnimJointCache[256];
MobyAnimDmaCache,X:/rcb/code/stable/game/mobyfunc.cpp,1803,char MobyAnimDmaCache[128];
MobyClassDistStash,X:/rcb/code/stable/game/mobyfunc.cpp,1804,int MobyClassDistStash[240];
MobyClasses,X:/rcb/code/stable/game/mobyfunc.cpp,1805,MobyClass *MobyClasses[240];
MobyClassUpdate,X:/rcb/code/stable/game/mobyfunc.cpp,1806,void *MobyClassUpdate[240];
MobyClassFuncsIndex,X:/rcb/code/stable/game/mobyfunc.cpp,1807,char MobyClassFuncsIndex[240];
MobyClassRef,X:/rcb/code/stable/game/mobyfunc.cpp,1808,short int MobyClassRef[240];
MobyClassNullRef,X:/rcb/code/stable/game/mobyfunc.cpp,1809,short int MobyClassNullRef[128];
MobyClassLookup,X:/rcb/code/stable/game/mobyfunc.cpp,1811,char MobyClassLookup[10240];
MobyClassNullUpdate,X:/rcb/code/stable/game/mobyfunc.cpp,1812,void *MobyClassNullUpdate[128];
MobyClassNullFuncsIndex,X:/rcb/code/stable/game/mobyfunc.cpp,1813,char MobyClassNullFuncsIndex[128];
MobyClassDrawCnts,X:/rcb/code/stable/game/mobyfunc.cpp,1815,char MobyClassDrawCnts[480];
MobyTexPos,X:/rcb/code/stable/game/mobyfunc.cpp,1816,int MobyTexPos;
MobyGsLocStash,X:/rcb/code/stable/game/mobyfunc.cpp,1819,int MobyGsLocStash[256];
MobyGsRegs,X:/rcb/code/stable/game/mobyfunc.cpp,1824,uint64 *MobyGsRegs;
MobyInstanceChainTail,X:/rcb/code/stable/game/mobyfunc.cpp,1829,MobyInstance *MobyInstanceChainTail;
MobyData,X:/rcb/code/stable/game/mobyfunc.cpp,1832,void *MobyData;
MobyVarList,X:/rcb/code/stable/game/mobyfunc.cpp,1833,int *MobyVarList;
MobyVarListHead,X:/rcb/code/stable/game/mobyfunc.cpp,1834,int *MobyVarListHead;
MobyVarListNext,X:/rcb/code/stable/game/mobyfunc.cpp,1836,int *MobyVarListNext;
MobyClipDist,X:/rcb/code/stable/game/mobyfunc.cpp,1838,int MobyClipDist;
MobyRegStash,X:/rcb/code/stable/game/mobyfunc.cpp,1840,long unsigned int MobyRegStash[12];
MobyGrids,X:/rcb/code/stable/game/mobyfunc.cpp,1841,int MobyGrids[28672];
MobyGroupCnt,X:/rcb/code/stable/game/mobyfunc.cpp,1843,int MobyGroupCnt;
MobyGroupData,X:/rcb/code/stable/game/mobyfunc.cpp,1844,void *MobyGroupData[272];
MobyGroupFirstDynamic,X:/rcb/code/stable/game/mobyfunc.cpp,1845,int MobyGroupFirstDynamic;
MobyGroupDynamicDataChunk,X:/rcb/code/stable/game/mobyfunc.cpp,1846,short int MobyGroupDynamicDataChunk[32][24];
MobyHeroOnlyList,X:/rcb/code/stable/game/mobyfunc.cpp,1849,moby *MobyHeroOnlyList[128];
MobyGsMax,X:/rcb/code/stable/game/mobyfunc.cpp,1856,int MobyGsMax;
MobyGroupDynamicLastAssigned,X:/rcb/code/stable/game/mobyfunc.cpp,1857,int MobyGroupDynamicLastAssigned;
AnimLayerCache,X:/rcb/code/stable/game/mobyanim_c.cpp,1868,MobyAnimLayer AnimLayerCache[32];
AnimLayerCacheSlotUsed,X:/rcb/code/stable/game/mobyanim_c.cpp,1869,char AnimLayerCacheSlotUsed[32];
AnimLayerCacheMobys,X:/rcb/code/stable/game/mobyanim_c.cpp,1870,MobyInstance *AnimLayerCacheMobys[32];
PoseCache,X:/rcb/code/stable/game/mobyanim_c.cpp,1878,short int PoseCache[8192];
snow,X:/rcb/code/stable/game/snow_c.cpp,1888,SnowData snow;
processed,X:/rcb/code/stable/game/snow_c.cpp,1889,unsigned char processed[8][8];
ExplodeFlash,X:/rcb/code/stable/game/mobyutil.cpp,1917,M639_paramInit ExplodeFlash;
ExplodeFlashGB,X:/rcb/code/stable/game/mobyutil.cpp,1918,M639_paramInit ExplodeFlashGB;
DT_GreatestError,X:/rcb/code/stable/game/mobyutil.cpp,1920,float DT_GreatestError;
invertlocal,X:/rcb/code/stable/game/mobyutil.cpp,1921,int invertlocal;
UnitSquareCoords,X:/rcb/code/stable/game/mobyutil.cpp,1923,vec4a UnitSquareCoords[4];
MB_FLAME_SIZE,X:/rcb/code/stable/game/mobyutil.cpp,1924,float MB_FLAME_SIZE;
MB_FLAME_SPEED,X:/rcb/code/stable/game/mobyutil.cpp,1925,float MB_FLAME_SPEED;
MB_FLAME_NUM_GLOW,X:/rcb/code/stable/game/mobyutil.cpp,1926,int MB_FLAME_NUM_GLOW;
MB_FLAME_RAND_VEL1,X:/rcb/code/stable/game/mobyutil.cpp,1928,float MB_FLAME_RAND_VEL1;
MB_FLAME_RAND_VEL2,X:/rcb/code/stable/game/mobyutil.cpp,1929,float MB_FLAME_RAND_VEL2;
DBA_RotSpeed,X:/rcb/code/stable/game/mobyutil.cpp,1930,float DBA_RotSpeed;
BREAKABLES_LAST_UPDATE_TIME,X:/rcb/code/stable/game/mobyutil.cpp,1931,int BREAKABLES_LAST_UPDATE_TIME;
Pills,X:/rcb/code/stable/game/mobyutil.cpp,1937,Pill *Pills;
PillCnt,X:/rcb/code/stable/game/mobyutil.cpp,1938,int PillCnt;
PathData,X:/rcb/code/stable/game/mobyutil.cpp,1945,void *PathData;
MineGroup,X:/rcb/code/stable/game/mobyutil.cpp,1946,short int MineGroup[10][64];
xgm_pGroup,X:/rcb/code/stable/game/mobyutil.cpp,1949,short int *xgm_pGroup;
xgm_index,X:/rcb/code/stable/game/mobyutil.cpp,1950,short int xgm_index;
xgm_prev,X:/rcb/code/stable/game/mobyutil.cpp,1951,MobyInstance *xgm_prev;
g_ack,X:/rcb/code/stable/game/mobyutil.cpp,1952,float g_ack;
BREAKABLES_GOING_BOOM,X:/rcb/code/stable/game/mobyutil.cpp,1953,int BREAKABLES_GOING_BOOM;
DBG_NAV_DRAW_BOUNDS,X:/rcb/code/stable/game/navutil.cpp,1959,int DBG_NAV_DRAW_BOUNDS;
DBG_NAV_DRAW_WAYPNTS,X:/rcb/code/stable/game/navutil.cpp,1960,int DBG_NAV_DRAW_WAYPNTS;
DBG_NAV_DRAW_OCCLUDERS,X:/rcb/code/stable/game/navutil.cpp,1961,int DBG_NAV_DRAW_OCCLUDERS;
Navthre,X:/rcb/code/stable/game/navutil.cpp,1962,float Navthre;
NavBounds,X:/rcb/code/stable/game/navutil.cpp,1963,NavBound NavBounds[64];
NavEffectors,X:/rcb/code/stable/game/navutil.cpp,1964,NavEffector NavEffectors[128];
NavWayPnts,X:/rcb/code/stable/game/navutil.cpp,1965,NavWayPnt NavWayPnts[256];
NavOccluders,X:/rcb/code/stable/game/navutil.cpp,1966,NavOccluder NavOccluders[64];
navareas,X:/rcb/code/stable/game/navutil.cpp,1967,navarea navareas[64];
NavBounds_Num,X:/rcb/code/stable/game/navutil.cpp,1968,int NavBounds_Num;
NavEffectors_Num,X:/rcb/code/stable/game/navutil.cpp,1969,int NavEffectors_Num;
NavWayPnts_Num,X:/rcb/code/stable/game/navutil.cpp,1970,int NavWayPnts_Num;
NavOccluders_Num,X:/rcb/code/stable/game/navutil.cpp,1971,int NavOccluders_Num;
navareas_Num,X:/rcb/code/stable/game/navutil.cpp,1972,int navareas_Num;
modeStack,X:/rcb/code/stable/game/mode.cpp,1987,PushedMode modeStack[8];
gsDialogueVol,X:/rcb/code/stable/game/music.cpp,2011,float gsDialogueVol;
music_SpeechDef,X:/rcb/code/stable/game/music.cpp,2013,SoundDef music_SpeechDef;
_15StreamInterface$m_num_open_streams,X:/rcb/code/stable/game/stream.cpp,2022,int _15StreamInterface$m_num_open_streams;
_15StreamInterface$ms_unique_id,X:/rcb/code/stable/game/stream.cpp,2023,short unsigned int _15StreamInterface$ms_unique_id;
StreamSys,X:/rcb/code/stable/game/stream.cpp,2024,StreamInterface StreamSys;
_15StreamInterface$m_streams,X:/rcb/code/stable/game/stream.cpp,2025,Stream _15StreamInterface$m_streams[3];
g_navg_testpaths,X:/rcb/code/stable/game/navsysglobal.cpp,2031,unsigned int g_navg_testpaths;
NAVG_MaxSteps,X:/rcb/code/stable/game/navsysglobal.cpp,2032,int NAVG_MaxSteps;
mp_values,X:/rcb/code/stable/game/partfunc.cpp,2052,char mp_values[2050];
PartClipDist,X:/rcb/code/stable/game/partfunc.cpp,2057,int PartClipDist;
PartAlloc,X:/rcb/code/stable/game/partfunc.cpp,2058,char PartAlloc[512];
PartTexs,X:/rcb/code/stable/game/partfunc.cpp,2059,PartTex PartTexs[128];
PartTexCnt,X:/rcb/code/stable/game/partfunc.cpp,2060,int PartTexCnt;
PartUpdate,X:/rcb/code/stable/game/partfunc.cpp,2061,void *PartUpdate[150];
PartClassData,X:/rcb/code/stable/game/partfunc.cpp,2063,char PartClassData[256];
PartRegStash,X:/rcb/code/stable/game/partfunc.cpp,2066,long unsigned int PartRegStash[4];
Part115Default,X:/rcb/code/stable/game/partupd.cpp,2076,Part115Init Part115Default;
partOneFrameOffset,X:/rcb/code/stable/game/partupd.cpp,2077,vec4 &partOneFrameOffset;
rotRange,X:/rcb/code/stable/game/partupd.cpp,2078,float rotRange;
GFLifeSpan,X:/rcb/code/stable/game/partupd.cpp,2079,int GFLifeSpan;
P012_RGBA2,X:/rcb/code/stable/game/partupd.cpp,2081,int P012_RGBA2;
P012_RGBA3,X:/rcb/code/stable/game/partupd.cpp,2082,int P012_RGBA3;
P012_RGBA4,X:/rcb/code/stable/game/partupd.cpp,2083,int P012_RGBA4;
P012_SCALE2,X:/rcb/code/stable/game/partupd.cpp,2085,float P012_SCALE2;
P012_LIFETIME1,X:/rcb/code/stable/game/partupd.cpp,2086,int P012_LIFETIME1;
P012_LIFETIME2,X:/rcb/code/stable/game/partupd.cpp,2087,int P012_LIFETIME2;
P012_1_RGBA2,X:/rcb/code/stable/game/partupd.cpp,2089,int P012_1_RGBA2;
P012_1_RGBA3,X:/rcb/code/stable/game/partupd.cpp,2090,int P012_1_RGBA3;
P012_1_RGBA4,X:/rcb/code/stable/game/partupd.cpp,2091,int P012_1_RGBA4;
P012_1_SCALE2,X:/rcb/code/stable/game/partupd.cpp,2093,float P012_1_SCALE2;
P012_1_LIFETIME1,X:/rcb/code/stable/game/partupd.cpp,2094,int P012_1_LIFETIME1;
P012_1_LIFETIME2,X:/rcb/code/stable/game/partupd.cpp,2095,int P012_1_LIFETIME2;
P012_Z_VEL,X:/rcb/code/stable/game/partupd.cpp,2097,float P012_Z_VEL;
P031_FACTOR2,X:/rcb/code/stable/game/partupd.cpp,2100,float P031_FACTOR2;
P031_TIME,X:/rcb/code/stable/game/partupd.cpp,2101,int P031_TIME;
_P39_PART_SIZE,X:/rcb/code/stable/game/partupd.cpp,2102,float _P39_PART_SIZE;
_P39_PART_PUSH,X:/rcb/code/stable/game/partupd.cpp,2104,float _P39_PART_PUSH;
_P39_ROT_SPEED,X:/rcb/code/stable/game/partupd.cpp,2105,int _P39_ROT_SPEED;
M855_ScaleRate,X:/rcb/code/stable/game/partupd.cpp,2107,float M855_ScaleRate;
P062_ScalePuzzle,X:/rcb/code/stable/game/partupd.cpp,2108,float P062_ScalePuzzle;
P064_randMin,X:/rcb/code/stable/game/partupd.cpp,2109,float P064_randMin;
P064_falloffMin,X:/rcb/code/stable/game/partupd.cpp,2111,float P064_falloffMin;
P064_falloffMax,X:/rcb/code/stable/game/partupd.cpp,2112,float P064_falloffMax;
P064_spawnSlimeChance,X:/rcb/code/stable/game/partupd.cpp,2113,int P064_spawnSlimeChance;
P076_RGBA1,X:/rcb/code/stable/game/partupd.cpp,2115,int P076_RGBA1;
P076_W1,X:/rcb/code/stable/game/partupd.cpp,2117,float P076_W1;
P076_W2,X:/rcb/code/stable/game/partupd.cpp,2118,float P076_W2;
P076_LIFETIME,X:/rcb/code/stable/game/partupd.cpp,2119,int P076_LIFETIME;
P076_DALPHA2,X:/rcb/code/stable/game/partupd.cpp,2121,int P076_DALPHA2;
P076_TEX,X:/rcb/code/stable/game/partupd.cpp,2122,int P076_TEX;
_M185_PartVel2,X:/rcb/code/stable/game/partupd.cpp,2123,float _M185_PartVel2;
part096_scaleA,X:/rcb/code/stable/game/partupd.cpp,2124,float part096_scaleA;
part096_scaleB,X:/rcb/code/stable/game/partupd.cpp,2125,float part096_scaleB;
part096_grav,X:/rcb/code/stable/game/partupd.cpp,2126,float part096_grav;
P119_Tex,X:/rcb/code/stable/game/partupd.cpp,2129,int P119_Tex;
P123_SHOOT_RGBA,X:/rcb/code/stable/game/partupd.cpp,2130,int P123_SHOOT_RGBA;
P123_EXPAND_RGBA,X:/rcb/code/stable/game/partupd.cpp,2131,int P123_EXPAND_RGBA;
P123_SHOOT_SIZE,X:/rcb/code/stable/game/partupd.cpp,2133,float P123_SHOOT_SIZE;
P123_SHOOT_ROT_SPEED,X:/rcb/code/stable/game/partupd.cpp,2134,int P123_SHOOT_ROT_SPEED;
P123_EXPAND_ROT_SPEED,X:/rcb/code/stable/game/partupd.cpp,2135,int P123_EXPAND_ROT_SPEED;
P124_respawnSpeedFactor,X:/rcb/code/stable/game/partupd.cpp,2137,float P124_respawnSpeedFactor;
P124_respawnVelRotOfs,X:/rcb/code/stable/game/partupd.cpp,2138,float P124_respawnVelRotOfs;
P124_respawnLifetimeLow,X:/rcb/code/stable/game/partupd.cpp,2139,int P124_respawnLifetimeLow;
P124_smokeProb,X:/rcb/code/stable/game/partupd.cpp,2141,int P124_smokeProb;
P124_rot,X:/rcb/code/stable/game/partupd.cpp,2142,char P124_rot;
PART_scaleKillThresh,X:/rcb/code/stable/game/partupd.cpp,2143,float PART_scaleKillThresh;
rain_translate,X:/rcb/code/stable/game/partupd.cpp,2144,vec4 rain_translate;
snow_wind,X:/rcb/code/stable/game/partupd.cpp,2145,vec4 snow_wind;
snow_translate,X:/rcb/code/stable/game/partupd.cpp,2146,vec4 snow_translate;
minz_camera,X:/rcb/code/stable/game/partupd.cpp,2147,float minz_camera;
snowCount,X:/rcb/code/stable/game/partupd.cpp,2148,int snowCount;
MapNameDataMap,X:/rcb/code/stable/game/pause.cpp,2158,MapNameDataCell MapNameDataMap[1];
static_alpha,X:/rcb/code/stable/game/pause.cpp,2159,int static_alpha;
DrawMonitorFrames,X:/rcb/code/stable/game/pause.cpp,2160,bool DrawMonitorFrames;
Ige_noAmmoHudUpdate,X:/rcb/code/stable/game/projectgui/projectgui.cpp,2171,bool Ige_noAmmoHudUpdate;
GuiMain_TeamColorStrings,X:/rcb/code/stable/game/projectgui/guimain.cpp,2183,char *GuiMain_TeamColorStrings[10];
GuiMain_UpdateTime,X:/rcb/code/stable/game/projectgui/guimain.cpp,2184,int GuiMain_UpdateTime;
GuiMain_PlayerData,X:/rcb/code/stable/game/projectgui/guimain.cpp,2185,GuiMain_PlayerData_s GuiMain_PlayerData[4];
PIBData,X:/rcb/code/stable/game/projectgui/guipib.cpp,2192,PIBData_s PIBData[32];
PIB_ExternalMemory,X:/rcb/code/stable/game/projectgui/guipib.cpp,2195,char PIB_ExternalMemory[77824];
GuiHud_PlayerData,X:/rcb/code/stable/game/projectgui/guihud.cpp,2203,GuiHud_PlayerData_s GuiHud_PlayerData[4];
g_mainMenuOpened,X:/rcb/code/stable/game/projectgui/guimenu.cpp,2213,bool g_mainMenuOpened;
GuiMenu_PlayerData,X:/rcb/code/stable/game/projectgui/guimenu.cpp,2216,GuiMenu_PlayerData_s GuiMenu_PlayerData[4];
GuiSupport_PlayerData,X:/rcb/code/stable/game/projectgui/guisupport.cpp,2223,GuiSupport_PlayerData_s GuiSupport_PlayerData[4];
__vt_6CtlBox,X:/rcb/code/stable/game/projectgui/controls/ctlbox.cpp,2229,__vtbl_ptr_type __vt_6CtlBox[4];
__vt_7CtlList,X:/rcb/code/stable/game/projectgui/controls/ctllist.cpp,2235,__vtbl_ptr_type __vt_7CtlList[4];
BootMemcard_counter,X:/rcb/code/stable/game/projectgui/boot/bootmemcard.cpp,2242,int BootMemcard_counter;
BootMain_buttons,X:/rcb/code/stable/game/projectgui/boot/bootmain.cpp,2249,MenuButton_s BootMain_buttons[5];
BootMain_InControllerDialog,X:/rcb/code/stable/game/projectgui/boot/bootmain.cpp,2251,int BootMain_InControllerDialog;
BootCampaign_buttons,X:/rcb/code/stable/game/projectgui/boot/bootcampaign.cpp,2258,MenuButton_s BootCampaign_buttons[2];
BootPatch_state,X:/rcb/code/stable/game/projectgui/boot/bootpatch.cpp,2264,int BootPatch_state;
BootLanguages_buttons,X:/rcb/code/stable/game/projectgui/boot/bootlanguages.cpp,2270,MenuButton_s BootLanguages_buttons[3];
__vt_26ConcreteDataSourceWidget3d,X:/rcb/code/stable/game/projectgui/projectdatasources.cpp,2276,__vtbl_ptr_type __vt_26ConcreteDataSourceWidget3d[8];
__vt_28ConcretePreLoadedImageBuffer,X:/rcb/code/stable/game/projectgui/projectdatasources.cpp,2277,__vtbl_ptr_type __vt_28ConcretePreLoadedImageBuffer[8];
__vt_25ConcreteLoadedImageBuffer,X:/rcb/code/stable/game/projectgui/projectdatasources.cpp,2278,__vtbl_ptr_type __vt_25ConcreteLoadedImageBuffer[8];
__vt_22ConcreteIconDataSource,X:/rcb/code/stable/game/projectgui/projectdatasources.cpp,2279,__vtbl_ptr_type __vt_22ConcreteIconDataSource[9];
HudInfo_SpecialKillsSplitData,X:/rcb/code/stable/game/projectgui/hud/hudinfo.cpp,2287,HudInfo_SpecialKillsData_s HudInfo_SpecialKillsSplitData[4][5];
HudInfo_PlayerData,X:/rcb/code/stable/game/projectgui/hud/hudinfo.cpp,2289,HudInfo_PlayerData_s HudInfo_PlayerData[4];
HealthHud_PlayerData,X:/rcb/code/stable/game/projectgui/hud/hudhealth.cpp,2297,HealthHud_PlayerData_s HealthHud_PlayerData[4];
bUpgradeWeapon,X:/rcb/code/stable/game/projectgui/hud/hudammo.cpp,2304,bool bUpgradeWeapon;
HudAmmo_PlayerData,X:/rcb/code/stable/game/projectgui/hud/hudammo.cpp,2305,HudAmmo_PlayerData_s HudAmmo_PlayerData[4];
HudRadar_PlayerData,X:/rcb/code/stable/game/projectgui/hud/hudradar.cpp,2315,HudRadar_PlayerData_s HudRadar_PlayerData[4];
BoltHud_PlayerData,X:/rcb/code/stable/game/projectgui/hud/hudbolt.cpp,2322,BoltHud_PlayerData_s BoltHud_PlayerData[2];
BotHud_PadTrigger,X:/rcb/code/stable/game/projectgui/hud/hudbot.cpp,2328,int BotHud_PadTrigger[4];
BotHud_PlayerData,X:/rcb/code/stable/game/projectgui/hud/hudbot.cpp,2335,BotHud_PlayerData_s BotHud_PlayerData[2];
HudMPInfo_PlayerData,X:/rcb/code/stable/game/projectgui/hud/hudmpinfo.cpp,2342,HudMPInfo_PlayerData_s HudMPInfo_PlayerData[4];
HudMPVote_PlayerData,X:/rcb/code/stable/game/projectgui/hud/hudmpvote.cpp,2350,HudMPVote_PlayerData_s HudMPVote_PlayerData[4];
HudMPNode_TeamData,X:/rcb/code/stable/game/projectgui/hud/hudmpnode.cpp,2358,HudMPNode_TeamData_s HudMPNode_TeamData[2];
MenuControls_Options,X:/rcb/code/stable/game/projectgui/menu/menucontrols.cpp,2407,Option_s MenuControls_Options[6];
MenuControls_ControllerButtonStrings,X:/rcb/code/stable/game/projectgui/menu/menucontrols.cpp,2409,unsigned int MenuControls_ControllerButtonStrings[3][13];
MenuControls_PlayerData,X:/rcb/code/stable/game/projectgui/menu/menucontrols.cpp,2411,MenuControls_PlayerData_s MenuControls_PlayerData[4];
MenuControlView_ControllerButtonStrings,X:/rcb/code/stable/game/projectgui/menu/menucontrolview.cpp,2417,unsigned int MenuControlView_ControllerButtonStrings[3][13];
MenuControlView_PlayerData,X:/rcb/code/stable/game/projectgui/menu/menucontrolview.cpp,2419,MenuControlView_PlayerData_s MenuControlView_PlayerData[1];
MenuAudioVisual_Options,X:/rcb/code/stable/game/projectgui/menu/menuaudiovisual.cpp,2425,Option_s MenuAudioVisual_Options[8];
MenuAudioVisual_PlayerData,X:/rcb/code/stable/game/projectgui/menu/menuaudiovisual.cpp,2427,MenuAudioVisual_PlayerData_s MenuAudioVisual_PlayerData[4];
MenuMission_PlayerData,X:/rcb/code/stable/game/projectgui/menu/menumission.cpp,2435,MenuMission_PlayerData_s MenuMission_PlayerData[1];
MenuMission_MissionList,X:/rcb/code/stable/game/projectgui/menu/menumission.cpp,2436,ListItem_s MenuMission_MissionList[64];
MenuPlanet_PlayerData,X:/rcb/code/stable/game/projectgui/menu/menuplanet.cpp,2449,MenuPlanet_PlayerData_s MenuPlanet_PlayerData[1];
MenuPlanet_LevelList,X:/rcb/code/stable/game/projectgui/menu/menuplanet.cpp,2450,ListItem_s MenuPlanet_LevelList[19];
MenuWeapon_PlayerData,X:/rcb/code/stable/game/projectgui/menu/menuweapon.cpp,2458,MenuWeapon_PlayerData_s MenuWeapon_PlayerData[1];
MenuArena_PlayerData,X:/rcb/code/stable/game/projectgui/menu/menuarena.cpp,2465,MenuArena_PlayerData_s MenuArena_PlayerData[2];
MenuArena_MissionList,X:/rcb/code/stable/game/projectgui/menu/menuarena.cpp,2466,ListItem_s MenuArena_MissionList[66];
MenuLoad_PlayerSaves,X:/rcb/code/stable/game/projectgui/menu/menuload.cpp,2482,GameSave_s MenuLoad_PlayerSaves[4];
MenuEquipment_PlayerData,X:/rcb/code/stable/game/projectgui/menu/menuequipment.cpp,2490,MenuEquipment_PlayerData_s MenuEquipment_PlayerData[4];
MenuCinematics_PlayerData,X:/rcb/code/stable/game/projectgui/menu/menucinematics.cpp,2497,MenuCinematics_PlayerData_s MenuCinematics_PlayerData[4];
MenuCinematics_CinematicList,X:/rcb/code/stable/game/projectgui/menu/menucinematics.cpp,2498,ListItem_s MenuCinematics_CinematicList[21];
MenuSkills_PlayerData,X:/rcb/code/stable/game/projectgui/menu/menuskills.cpp,2505,MenuSkills_PlayerData_s MenuSkills_PlayerData[4];
MenuSkills_SkillList,X:/rcb/code/stable/game/projectgui/menu/menuskills.cpp,2506,ListItem_s MenuSkills_SkillList[165];
MenuHelplog_PlayerData,X:/rcb/code/stable/game/projectgui/menu/menuhelplog.cpp,2513,MenuHelplog_PlayerData_s MenuHelplog_PlayerData[4];
MenuHelplog_HelplogList,X:/rcb/code/stable/game/projectgui/menu/menuhelplog.cpp,2514,ListItem_s MenuHelplog_HelplogList[100];
MenuCheats_Cheats,X:/rcb/code/stable/game/projectgui/menu/menucheats.cpp,2520,Cheat_s MenuCheats_Cheats[13];
HudColor2_Cheat,X:/rcb/code/stable/game/projectgui/menu/menucheats.cpp,2521,Cheat_s HudColor2_Cheat;
MenuCheats_PlayerData,X:/rcb/code/stable/game/projectgui/menu/menucheats.cpp,2523,MenuCheats_PlayerData_s MenuCheats_PlayerData[4];
MenuMoves_PlayerData,X:/rcb/code/stable/game/projectgui/menu/menumoves.cpp,2530,MenuMoves_PlayerData_s MenuMoves_PlayerData[4];
MenuMoves_MoveList,X:/rcb/code/stable/game/projectgui/menu/menumoves.cpp,2531,ListItem_s MenuMoves_MoveList[9];
giDefaultDifficulty,X:/rcb/code/stable/game/projectgui/menu/dialogdifficulty.cpp,2537,int giDefaultDifficulty;
xocto_key,X:/rcb/code/stable/game/projectgui/pausemode/pausemode.cpp,2545,int xocto_key[10];
xocto_index,X:/rcb/code/stable/game/projectgui/pausemode/pausemode.cpp,2546,int xocto_index;
xocto_key2,X:/rcb/code/stable/game/projectgui/pausemode/pausemode.cpp,2547,int xocto_key2[10];
xocto_index2,X:/rcb/code/stable/game/projectgui/pausemode/pausemode.cpp,2548,int xocto_index2;
goodies_key,X:/rcb/code/stable/game/projectgui/pausemode/pausemode.cpp,2549,int goodies_key[5];
goodies_index,X:/rcb/code/stable/game/projectgui/pausemode/pausemode.cpp,2550,int goodies_index;
failsafe_index,X:/rcb/code/stable/game/projectgui/pausemode/pausemode.cpp,2551,int failsafe_index;
failsafe_genOutput,X:/rcb/code/stable/game/projectgui/pausemode/pausemode.cpp,2552,int failsafe_genOutput;
failsafe_key,X:/rcb/code/stable/game/projectgui/pausemode/pausemode.cpp,2553,char failsafe_key[256];
demo_xocto_key,X:/rcb/code/stable/game/projectgui/pausemode/pausemode.cpp,2554,int demo_xocto_key[9];
demo_xocto_index,X:/rcb/code/stable/game/projectgui/pausemode/pausemode.cpp,2555,int demo_xocto_index;
failsafe_input,X:/rcb/code/stable/game/projectgui/pausemode/pausemode.cpp,2557,short int failsafe_input[20];
MenuStats_CommonData,X:/rcb/code/stable/game/projectgui/menu/menustats.cpp,2582,MenuStats_CommonData_s MenuStats_CommonData[4];
MenuStats_StatsList,X:/rcb/code/stable/game/projectgui/menu/menustats.cpp,2583,ListItem_s MenuStats_StatsList[50];
g_fromStatsScreen,X:/rcb/code/stable/game/projectgui/menu/menuleaderboard.cpp,2589,bool g_fromStatsScreen;
MenuLeaderboard_CommonData,X:/rcb/code/stable/game/projectgui/menu/menuleaderboard.cpp,2591,MenuLeaderboard_CommonData_s MenuLeaderboard_CommonData[4];
MenuConceptArt_CommonData,X:/rcb/code/stable/game/projectgui/menu/menuconceptart.cpp,2598,MenuConceptArt_CommonData_s MenuConceptArt_CommonData[4];
MenuConceptArt_ConceptArtList,X:/rcb/code/stable/game/projectgui/menu/menuconceptart.cpp,2599,ListItem_s MenuConceptArt_ConceptArtList[34];
MenuCharacters_CommonData,X:/rcb/code/stable/game/projectgui/menu/menucharacters.cpp,2606,MenuCharacters_CommonData_s MenuCharacters_CommonData[4];
MenuRobotCutaways_CommonData,X:/rcb/code/stable/game/projectgui/menu/menurobotcutaways.cpp,2614,MenuRobotCutaways_CommonData_s MenuRobotCutaways_CommonData[4];
MenuRobotCutaways_RobotCutawaysList,X:/rcb/code/stable/game/projectgui/menu/menurobotcutaways.cpp,2615,ListItem_s MenuRobotCutaways_RobotCutawaysList[7];
MenuCardViewer_CommonData,X:/rcb/code/stable/game/projectgui/menu/menucardviewer.cpp,2629,MenuCardViewer_CommonData_s MenuCardViewer_CommonData[1];
pPuzzleMaster,X:/rcb/code/stable/game/puzzle.cpp,2636,moby *pPuzzleMaster;
PuzzleMode,X:/rcb/code/stable/game/puzzle.cpp,2637,int PuzzleMode;
g_continueNext,X:/rcb/code/stable/game/save.cpp,2643,continuePoint g_continueNext;
g_continueLast,X:/rcb/code/stable/game/save.cpp,2644,continuePoint g_continueLast;
ShadowDir,X:/rcb/code/stable/game/shadow.cpp,2650,vec4 ShadowDir;
ShadowVec1,X:/rcb/code/stable/game/shadow.cpp,2651,vec4 ShadowVec1;
ShadowVec2,X:/rcb/code/stable/game/shadow.cpp,2652,vec4 ShadowVec2;
ShadowVec1TransformedToFrustum,X:/rcb/code/stable/game/shadow.cpp,2653,vec4 ShadowVec1TransformedToFrustum;
ShadowVec1TransformedToScreen,X:/rcb/code/stable/game/shadow.cpp,2654,vec4 ShadowVec1TransformedToScreen;
ShadowScreenTL,X:/rcb/code/stable/game/shadow.cpp,2655,vec4 ShadowScreenTL;
ShadowMtxWorldToScreen0,X:/rcb/code/stable/game/shadow.cpp,2656,vec4 ShadowMtxWorldToScreen0;
ShadowMtxWorldToScreen1,X:/rcb/code/stable/game/shadow.cpp,2657,vec4 ShadowMtxWorldToScreen1;
ShadowMtxWorldToScreen2,X:/rcb/code/stable/game/shadow.cpp,2658,vec4 ShadowMtxWorldToScreen2;
ShadowMtxWorldToScreen3,X:/rcb/code/stable/game/shadow.cpp,2659,vec4 ShadowMtxWorldToScreen3;
ShadowMtxWorldToFrustum0,X:/rcb/code/stable/game/shadow.cpp,2660,vec4 ShadowMtxWorldToFrustum0;
ShadowMtxWorldToFrustum1,X:/rcb/code/stable/game/shadow.cpp,2661,vec4 ShadowMtxWorldToFrustum1;
ShadowMtxWorldToFrustum2,X:/rcb/code/stable/game/shadow.cpp,2662,vec4 ShadowMtxWorldToFrustum2;
ShadowMtxWorldToFrustum3,X:/rcb/code/stable/game/shadow.cpp,2663,vec4 ShadowMtxWorldToFrustum3;
ShadowViewportScale,X:/rcb/code/stable/game/shadow.cpp,2664,vec4 ShadowViewportScale;
ShadowViewportOffset,X:/rcb/code/stable/game/shadow.cpp,2665,vec4 ShadowViewportOffset;
ShadowFrustumRatio,X:/rcb/code/stable/game/shadow.cpp,2666,vec4 ShadowFrustumRatio;
ShadowPlane,X:/rcb/code/stable/game/shadow.cpp,2667,vec4 ShadowPlane;
ShrubClasses,X:/rcb/code/stable/game/shrubfunc.cpp,2677,ShrubClass *ShrubClasses[64];
ShrubClassRef,X:/rcb/code/stable/game/shrubfunc.cpp,2678,short int ShrubClassRef[64];
ShrubClassLookup,X:/rcb/code/stable/game/shrubfunc.cpp,2679,ShrubClassLookupClass ShrubClassLookup;
ShrubClassIndex,X:/rcb/code/stable/game/shrubfunc.cpp,2680,int ShrubClassIndex;
ShrubInstCnt,X:/rcb/code/stable/game/shrubfunc.cpp,2681,int ShrubInstCnt;
ShrubInstances,X:/rcb/code/stable/game/shrubfunc.cpp,2682,ShrubInstance *ShrubInstances;
ShrubInstanceEnd,X:/rcb/code/stable/game/shrubfunc.cpp,2683,ShrubInstance *ShrubInstanceEnd;
ShrubInstanceData,X:/rcb/code/stable/game/shrubfunc.cpp,2684,ShrubInstData *ShrubInstanceData;
ShrubInstancePalettes,X:/rcb/code/stable/game/shrubfunc.cpp,2685,ShrubInstPal *ShrubInstancePalettes;
ShrubClipDist,X:/rcb/code/stable/game/shrubfunc.cpp,2686,float ShrubClipDist;
ShrubTexPos,X:/rcb/code/stable/game/shrubfunc.cpp,2687,int ShrubTexPos;
ShrubTexCnt,X:/rcb/code/stable/game/shrubfunc.cpp,2688,int ShrubTexCnt;
ShrubTexLocs,X:/rcb/code/stable/game/shrubfunc.cpp,2689,int ShrubTexLocs[256];
ShrubGsLocStash,X:/rcb/code/stable/game/shrubfunc.cpp,2690,int ShrubGsLocStash[256];
ShrubMipDists,X:/rcb/code/stable/game/shrubfunc.cpp,2691,int ShrubMipDists[64];
ShrubClassRectify,X:/rcb/code/stable/game/shrubfunc.cpp,2692,int ShrubClassRectify[64];
ShrubLightList,X:/rcb/code/stable/game/shrubfunc.cpp,2693,short int ShrubLightList[512];
ShrubTexLookup,X:/rcb/code/stable/game/shrubfunc.cpp,2694,int ShrubTexLookup[64][4];
ShrubVu1Marker,X:/rcb/code/stable/game/shrubfunc.cpp,2695,qword *ShrubVu1Marker;
ShrubGsRegs,X:/rcb/code/stable/game/shrubfunc.cpp,2696,uint64 *ShrubGsRegs;
ShrubGsMax,X:/rcb/code/stable/game/shrubfunc.cpp,2697,int ShrubGsMax;
SkyRotateSpeed,X:/rcb/code/stable/game/skyfunc.cpp,2707,float SkyRotateSpeed;
SkyRotateOfs,X:/rcb/code/stable/game/skyfunc.cpp,2708,float SkyRotateOfs;
sky_gouraud_template,X:/rcb/code/stable/game/skyfunc.cpp,2711,long unsigned int sky_gouraud_template[2];
SkyTransVector,X:/rcb/code/stable/game/skyfunc.cpp,2712,vec4 SkyTransVector;
gSoundChannels,X:/rcb/code/stable/game/sound.cpp,2727,SoundChannel *gSoundChannels;
gRmsDelay,X:/rcb/code/stable/game/sound.cpp,2728,int gRmsDelay;
g_reverb_enabled,X:/rcb/code/stable/game/sound.cpp,2729,unsigned int g_reverb_enabled;
g_module_status,X:/rcb/code/stable/game/stash.cpp,2740,_modulestatus g_module_status[64];
g_return_data,X:/rcb/code/stable/game/stash.cpp,2741,unsigned int g_return_data[4];
g_send_data,X:/rcb/code/stable/game/stash.cpp,2742,unsigned int g_send_data[4];
StdCollOutput,X:/rcb/code/stable/game/stdutil_ps2.cpp,2752,STD_COLLOUTPUT StdCollOutput;
x_unit_vector,X:/rcb/code/stable/game/tables.cpp,2758,vec4a x_unit_vector;
y_unit_vector,X:/rcb/code/stable/game/tables.cpp,2759,vec4a y_unit_vector;
z_unit_vector,X:/rcb/code/stable/game/tables.cpp,2760,vec4a z_unit_vector;
LevelNames,X:/rcb/code/stable/game/tables.cpp,2761,int LevelNames[25][3];
levelItemPrices,X:/rcb/code/stable/game/tables.cpp,2762,LevelItemPrice levelItemPrices[14];
WorldCoords,X:/rcb/code/stable/game/tables.cpp,2763,GMapTable_t WorldCoords[80];
PlanetSizes,X:/rcb/code/stable/game/tables.cpp,2764,int PlanetSizes[80];
VBGadgets,X:/rcb/code/stable/game/tables.cpp,2767,vbGadget_t VBGadgets[20];
CollPriorityTable,X:/rcb/code/stable/game/tables.cpp,2768,float CollPriorityTable[9];
flush_gif_fifo,X:/rcb/code/stable/game/tables.cpp,2778,long unsigned int flush_gif_fifo[62];
tie_consts,X:/rcb/code/stable/game/tables.cpp,2779,int tie_consts[40];
tie_near_consts,X:/rcb/code/stable/game/tables.cpp,2780,int tie_near_consts[40];
collClass,X:/rcb/code/stable/game/tables.cpp,2781,void *collClass[4];
tie_setup_consts,X:/rcb/code/stable/game/tables.cpp,2784,int tie_setup_consts[24];
tie_near_setup_consts,X:/rcb/code/stable/game/tables.cpp,2785,int tie_near_setup_consts[36];
mp_gadgetValues3,X:/rcb/code/stable/game/tables.cpp,2786,char mp_gadgetValues3[1554];
shrub_gs_setup,X:/rcb/code/stable/game/tables.cpp,2789,int shrub_gs_setup[16];
shrub_fade_gs_test,X:/rcb/code/stable/game/tables.cpp,2790,int shrub_fade_gs_test[12];
shrub_bboard_fade_gs_test,X:/rcb/code/stable/game/tables.cpp,2791,int shrub_bboard_fade_gs_test[12];
shrub_bboard_regs,X:/rcb/code/stable/game/tables.cpp,2792,int shrub_bboard_regs[20];
shrub_scis_regs,X:/rcb/code/stable/game/tables.cpp,2793,int shrub_scis_regs[16];
shrub_vis_header,X:/rcb/code/stable/game/tables.cpp,2794,int shrub_vis_header[8];
shrub_bboard_verts,X:/rcb/code/stable/game/tables.cpp,2795,vec4a shrub_bboard_verts[8];
part_dma_setup_b,X:/rcb/code/stable/game/tables.cpp,2798,int part_dma_setup_b[4];
hud_moby_light_bank,X:/rcb/code/stable/game/tables.cpp,2806,float hud_moby_light_bank[32];
GIFtag_PrimPixel,X:/rcb/code/stable/game/tables.cpp,2829,long unsigned int GIFtag_PrimPixel[2];
GIFtag_PrimFline,X:/rcb/code/stable/game/tables.cpp,2830,long unsigned int GIFtag_PrimFline[2];
GIFtag_OneAD,X:/rcb/code/stable/game/tables.cpp,2837,long unsigned int GIFtag_OneAD[2];
GIFtag_TwoAD,X:/rcb/code/stable/game/tables.cpp,2838,long unsigned int GIFtag_TwoAD[2];
GIF_Alpha_Normal,X:/rcb/code/stable/game/tables.cpp,2840,long unsigned int GIF_Alpha_Normal[2];
GIFtag_Tex1Alpha,X:/rcb/code/stable/game/tables.cpp,2841,long unsigned int GIFtag_Tex1Alpha[2];
GIFtag_PrimBBoard,X:/rcb/code/stable/game/tables.cpp,2848,long unsigned int GIFtag_PrimBBoard[2];
tfrag_dma_crap_nops,X:/rcb/code/stable/game/tables.cpp,2855,unsigned int tfrag_dma_crap_nops[128];
tfrag_dma_crap_template,X:/rcb/code/stable/game/tables.cpp,2856,unsigned int tfrag_dma_crap_template[4];
tie_strow_cleanup,X:/rcb/code/stable/game/tables.cpp,2868,unsigned int tie_strow_cleanup[8];
tie_glossmap_alpha,X:/rcb/code/stable/game/tables.cpp,2869,unsigned int tie_glossmap_alpha[16];
shrub_dma_init_template,X:/rcb/code/stable/game/tables.cpp,2879,unsigned int shrub_dma_init_template[4];
bboard_gif_tag_template,X:/rcb/code/stable/game/tables.cpp,2887,long unsigned int bboard_gif_tag_template[2];
RenderConsts1,X:/rcb/code/stable/game/tables.cpp,2891,vec4a RenderConsts1;
FontTableSmall,X:/rcb/code/stable/game/tables.cpp,2893,fontLetter FontTableSmall[232];
FontTableLarge,X:/rcb/code/stable/game/tables.cpp,2894,fontLetter FontTableLarge[232];
TargetableMobys,X:/rcb/code/stable/game/tables.cpp,2895,short int TargetableMobys[1];
EnemyTypeLookup,X:/rcb/code/stable/game/tables.cpp,2896,EnemyTypeTag EnemyTypeLookup[1];
LedgeTrans,X:/rcb/code/stable/game/tables.cpp,2897,float LedgeTrans[15];
ClankLedgeTrans,X:/rcb/code/stable/game/tables.cpp,2898,float ClankLedgeTrans[28];
dbg_prf_colors,X:/rcb/code/stable/game/tables.cpp,2899,char dbg_prf_colors[18][4];
dbg_hotspot_colors,X:/rcb/code/stable/game/tables.cpp,2900,int dbg_hotspot_colors[32];
dbg_on_string,X:/rcb/code/stable/game/tables.cpp,2901,char *dbg_on_string[2];
dbg_control_options,X:/rcb/code/stable/game/tables.cpp,2902,char *dbg_control_options[4];
dbg_profile_options,X:/rcb/code/stable/game/tables.cpp,2903,char *dbg_profile_options[8];
dbg_magnetic_options,X:/rcb/code/stable/game/tables.cpp,2904,char *dbg_magnetic_options[3];
dbg_view_dist_string,X:/rcb/code/stable/game/tables.cpp,2905,char *dbg_view_dist_string[2];
dbg_coll_flag_string,X:/rcb/code/stable/game/tables.cpp,2906,char *dbg_coll_flag_string[4];
dbg_tv_mode_string,X:/rcb/code/stable/game/tables.cpp,2907,char *dbg_tv_mode_string[3];
dbg_screen_string,X:/rcb/code/stable/game/tables.cpp,2908,char *dbg_screen_string[5];
dbg_occlusion_options,X:/rcb/code/stable/game/tables.cpp,2909,char *dbg_occlusion_options[3];
dbg_occl_grid_status,X:/rcb/code/stable/game/tables.cpp,2910,char *dbg_occl_grid_status[3];
dbg_draw_types,X:/rcb/code/stable/game/tables.cpp,2911,char *dbg_draw_types[23];
dbg_menu_screen_options,X:/rcb/code/stable/game/tables.cpp,2912,char *dbg_menu_screen_options[4];
dbg_menu_lod_string,X:/rcb/code/stable/game/tables.cpp,2913,char *dbg_menu_lod_string[2];
WindSinTable256,X:/rcb/code/stable/game/tables.cpp,2914,unsigned char WindSinTable256[256];
WindConstants,X:/rcb/code/stable/game/tables.cpp,2915,WIND WindConstants;
flatvif_head,X:/rcb/code/stable/game/tables.cpp,2921,unsigned int flatvif_head[28];
static_shadows_viftexchange,X:/rcb/code/stable/game/tables.cpp,2924,unsigned int static_shadows_viftexchange[12];
hero_skin_shadow_0,X:/rcb/code/stable/game/tables.cpp,2925,unsigned int hero_skin_shadow_0[252];
hero_skin_shadow_4932,X:/rcb/code/stable/game/tables.cpp,2926,unsigned int hero_skin_shadow_4932[84];
hero_skin_shadow_7958,X:/rcb/code/stable/game/tables.cpp,2927,unsigned int hero_skin_shadow_7958[204];
hero_skin_shadow_7959,X:/rcb/code/stable/game/tables.cpp,2928,unsigned int hero_skin_shadow_7959[192];
hero_skin_shadow_7960,X:/rcb/code/stable/game/tables.cpp,2929,unsigned int hero_skin_shadow_7960[192];
hero_skin_shadow_7961,X:/rcb/code/stable/game/tables.cpp,2930,unsigned int hero_skin_shadow_7961[192];
hero_skin_shadow_7962,X:/rcb/code/stable/game/tables.cpp,2931,unsigned int hero_skin_shadow_7962[228];
hero_skin_shadow_7963,X:/rcb/code/stable/game/tables.cpp,2932,unsigned int hero_skin_shadow_7963[116];
hero_skin_shadow_lookup,X:/rcb/code/stable/game/tables.cpp,2933,HeroSkinShadowLookup hero_skin_shadow_lookup[14];
IMobyBaseIndices,X:/rcb/code/stable/game/tables.cpp,2934,int IMobyBaseIndices[20];
MonitorGadgets,X:/rcb/code/stable/game/tables.cpp,2935,_monitorGadgetAttributes MonitorGadgets[52];
hpMultiplierPerLevel,X:/rcb/code/stable/game/tables.cpp,2936,float hpMultiplierPerLevel[15];
xpMultiplierPerLevel,X:/rcb/code/stable/game/tables.cpp,2937,float xpMultiplierPerLevel[15];
damageMultiplierPerLevel,X:/rcb/code/stable/game/tables.cpp,2938,float damageMultiplierPerLevel[15];
boltMultiplierPerLevel,X:/rcb/code/stable/game/tables.cpp,2939,float boltMultiplierPerLevel[15];
TBL_EnemySkinInfoTable,X:/rcb/code/stable/game/tables.cpp,2942,TBL_EnemySkinInfo TBL_EnemySkinInfoTable[98];
TfragTexCnt,X:/rcb/code/stable/game/tfragfunc.cpp,2951,int TfragTexCnt;
TfragIntDists,X:/rcb/code/stable/game/tfragfunc.cpp,2954,int TfragIntDists[3];
TfragClipDist,X:/rcb/code/stable/game/tfragfunc.cpp,2956,float TfragClipDist;
TfragTexLocs,X:/rcb/code/stable/game/tfragfunc.cpp,2957,int TfragTexLocs[192];
TfragGsLocStash,X:/rcb/code/stable/game/tfragfunc.cpp,2958,int TfragGsLocStash[192];
TfragLightList,X:/rcb/code/stable/game/tfragfunc.cpp,2960,short int TfragLightList[512];
TfragGsMax,X:/rcb/code/stable/game/tfragfunc.cpp,2961,int TfragGsMax;
TieTextureMatrices,X:/rcb/code/stable/game/tiefunc.cpp,2971,mtx4 *TieTextureMatrices;
tie_guard_frustum,X:/rcb/code/stable/game/tiefunc.cpp,2972,vec4a tie_guard_frustum;
tie_sphere_map_const,X:/rcb/code/stable/game/tiefunc.cpp,2973,vec4a tie_sphere_map_const;
tie_sphere_map_const2,X:/rcb/code/stable/game/tiefunc.cpp,2974,vec4a tie_sphere_map_const2;
_TieTextureMatrices,X:/rcb/code/stable/game/tiefunc.cpp,2975,mtx4 _TieTextureMatrices[4];
TieClasses,X:/rcb/code/stable/game/tiefunc.cpp,2976,TieClass *TieClasses[128];
TieClassRef,X:/rcb/code/stable/game/tiefunc.cpp,2977,short int TieClassRef[128];
TieClassLookup,X:/rcb/code/stable/game/tiefunc.cpp,2978,TieClassLookupClass TieClassLookup;
TieClassIndex,X:/rcb/code/stable/game/tiefunc.cpp,2979,int TieClassIndex;
TieInstanceData,X:/rcb/code/stable/game/tiefunc.cpp,2982,TieInstData *TieInstanceData;
TieCnt,X:/rcb/code/stable/game/tiefunc.cpp,2983,int TieCnt;
TieCache,X:/rcb/code/stable/game/tiefunc.cpp,2984,void *TieCache;
TieMatrixStash,X:/rcb/code/stable/game/tiefunc.cpp,2985,void *TieMatrixStash;
TieShellInstLen,X:/rcb/code/stable/game/tiefunc.cpp,2986,int TieShellInstLen;
TieShellCacheLen,X:/rcb/code/stable/game/tiefunc.cpp,2987,int TieShellCacheLen;
TieShellClassLen,X:/rcb/code/stable/game/tiefunc.cpp,2988,int TieShellClassLen;
TieShellScissorLen,X:/rcb/code/stable/game/tiefunc.cpp,2989,int TieShellScissorLen;
TieShellLightLen,X:/rcb/code/stable/game/tiefunc.cpp,2990,int TieShellLightLen;
TieCacheListHead,X:/rcb/code/stable/game/tiefunc.cpp,2991,int TieCacheListHead;
TieCacheListTail,X:/rcb/code/stable/game/tiefunc.cpp,2992,int TieCacheListTail;
TieCacheListTop,X:/rcb/code/stable/game/tiefunc.cpp,2993,int TieCacheListTop;
TieCacheList,X:/rcb/code/stable/game/tiefunc.cpp,2994,uint64 *TieCacheList;
TieCacheSize,X:/rcb/code/stable/game/tiefunc.cpp,2995,int TieCacheSize;
TieCacheListBuf,X:/rcb/code/stable/game/tiefunc.cpp,2996,long unsigned int TieCacheListBuf[1024];
TieShellInstList,X:/rcb/code/stable/game/tiefunc.cpp,2997,int TieShellInstList[1024];
TieShellCacheList,X:/rcb/code/stable/game/tiefunc.cpp,2998,short int TieShellCacheList[1024];
TieShellClassList,X:/rcb/code/stable/game/tiefunc.cpp,2999,int TieShellClassList[512];
TieShellScissorList,X:/rcb/code/stable/game/tiefunc.cpp,3000,int TieShellScissorList[256];
TieShellLightList,X:/rcb/code/stable/game/tiefunc.cpp,3001,short int TieShellLightList[512];
TieTexPos,X:/rcb/code/stable/game/tiefunc.cpp,3002,int TieTexPos;
TieTexCnt,X:/rcb/code/stable/game/tiefunc.cpp,3003,int TieTexCnt;
TieTexLocs,X:/rcb/code/stable/game/tiefunc.cpp,3004,int TieTexLocs[256];
TieGsLocStash,X:/rcb/code/stable/game/tiefunc.cpp,3005,int TieGsLocStash[256];
TieMipDists,X:/rcb/code/stable/game/tiefunc.cpp,3006,int TieMipDists[128];
TieClassRectify,X:/rcb/code/stable/game/tiefunc.cpp,3007,int TieClassRectify[128];
TieTexLookup,X:/rcb/code/stable/game/tiefunc.cpp,3008,int TieTexLookup[128][4];
TieVu1Marker,X:/rcb/code/stable/game/tiefunc.cpp,3009,qword *TieVu1Marker;
TieGsRegs,X:/rcb/code/stable/game/tiefunc.cpp,3010,uint64 *TieGsRegs;
TieClipDist,X:/rcb/code/stable/game/tiefunc.cpp,3011,int TieClipDist;
SS_TieInstances,X:/rcb/code/stable/game/tiefunc.cpp,3012,TieInstance *SS_TieInstances[4];
SS_TieInstanceEnd,X:/rcb/code/stable/game/tiefunc.cpp,3013,TieInstance *SS_TieInstanceEnd[4];
SS_TieCache,X:/rcb/code/stable/game/tiefunc.cpp,3014,void *SS_TieCache[4];
SS_TieCacheListHead,X:/rcb/code/stable/game/tiefunc.cpp,3015,int SS_TieCacheListHead[4];
SS_TieCacheListTail,X:/rcb/code/stable/game/tiefunc.cpp,3016,int SS_TieCacheListTail[4];
SS_TieCacheListTop,X:/rcb/code/stable/game/tiefunc.cpp,3017,int SS_TieCacheListTop[4];
SS_TieCacheList,X:/rcb/code/stable/game/tiefunc.cpp,3018,uint64 *SS_TieCacheList[4];
TieGsMax,X:/rcb/code/stable/game/tiefunc.cpp,3019,int TieGsMax;
TieTurnOffClassList,X:/rcb/code/stable/game/tiefunc.cpp,3020,char TieTurnOffClassList[16];
TieTurnOffClassCnt,X:/rcb/code/stable/game/tiefunc.cpp,3021,int TieTurnOffClassCnt;
TieTurnOffClassState,X:/rcb/code/stable/game/tiefunc.cpp,3022,int TieTurnOffClassState;
movie_track,X:/rcb/code/stable/game/update_core.cpp,3045,int movie_track;
NPC_HeadScaleManips,X:/rcb/code/stable/game/update.cpp,3051,Manipulator NPC_HeadScaleManips[7];
last_vu1_mpg,X:/rcb/code/stable/game/vuchain.cpp,3066,int last_vu1_mpg;
vu1_bufLimit,X:/rcb/code/stable/game/vuchain.cpp,3069,qword *vu1_bufLimit;
vu1_use,X:/rcb/code/stable/game/vuchain.cpp,3072,int vu1_use;
vu1_useBeforeMobys,X:/rcb/code/stable/game/vuchain.cpp,3073,int vu1_useBeforeMobys;
vu1_maxUse,X:/rcb/code/stable/game/vuchain.cpp,3074,int vu1_maxUse;
p_GSRegisterPacket,X:/rcb/code/stable/game/vuchain.cpp,3076,qword *p_GSRegisterPacket;
WaterOverlayG,X:/rcb/code/stable/game/water.cpp,3084,char WaterOverlayG;
WaterOverlayB,X:/rcb/code/stable/game/water.cpp,3085,char WaterOverlayB;
WaterOverlayA,X:/rcb/code/stable/game/water.cpp,3086,char WaterOverlayA;
WaterDampenEnable,X:/rcb/code/stable/game/water.cpp,3094,int WaterDampenEnable;
WaterCurrentColorizer,X:/rcb/code/stable/game/water.cpp,3095,int WaterCurrentColorizer;
water_init_gs_regs,X:/rcb/code/stable/game/water.cpp,3096,long unsigned int water_init_gs_regs[14];
Water_NW,X:/rcb/code/stable/game/water.cpp,3098,int Water_NW;
WaterTile_waveTime,X:/rcb/code/stable/game/water.cpp,3101,float WaterTile_waveTime;
WaterTile_cache_tex1,X:/rcb/code/stable/game/water.cpp,3103,unsigned int WaterTile_cache_tex1;
WaterTile_cache_alpha0,X:/rcb/code/stable/game/water.cpp,3104,unsigned int WaterTile_cache_alpha0;
WaterTile_cache_alpha1,X:/rcb/code/stable/game/water.cpp,3105,unsigned int WaterTile_cache_alpha1;
watertile_strip_indices_rgba,X:/rcb/code/stable/game/water.cpp,3106,short int watertile_strip_indices_rgba[46];
watertile_strip_indices_st,X:/rcb/code/stable/game/water.cpp,3107,short int watertile_strip_indices_st[46];
watertile_strip_indices_xyz,X:/rcb/code/stable/game/water.cpp,3108,short int watertile_strip_indices_xyz[46];
watertile_strip_sts,X:/rcb/code/stable/game/water.cpp,3109,float watertile_strip_sts[92];
watertile_base_sts,X:/rcb/code/stable/game/water.cpp,3110,float watertile_base_sts[92];
watertile_dir_table,X:/rcb/code/stable/game/water.cpp,3115,int watertile_dir_table[46];
ocean_strip_indices,X:/rcb/code/stable/game/water.cpp,3116,short int ocean_strip_indices[124];
ocean_strip_sts_template,X:/rcb/code/stable/game/water.cpp,3117,float ocean_strip_sts_template[252];
ocean_init_gs_regs,X:/rcb/code/stable/game/water.cpp,3120,long unsigned int ocean_init_gs_regs[6];
ice_init_gs_regs,X:/rcb/code/stable/game/water.cpp,3121,long unsigned int ice_init_gs_regs[18];
THERM_S,X:/rcb/code/stable/game/water.cpp,3122,float THERM_S;
THERM_T,X:/rcb/code/stable/game/water.cpp,3123,float THERM_T;
THERM_COLOR_OVERRIDE_ON,X:/rcb/code/stable/game/water.cpp,3124,int THERM_COLOR_OVERRIDE_ON;
THERM_toColor,X:/rcb/code/stable/game/water.cpp,3126,int THERM_toColor;
THERM_A1,X:/rcb/code/stable/game/water.cpp,3127,int THERM_A1;
THERM_B1,X:/rcb/code/stable/game/water.cpp,3128,int THERM_B1;
THERM_D1,X:/rcb/code/stable/game/water.cpp,3130,int THERM_D1;
THERM_ICE_ALPHA,X:/rcb/code/stable/game/water.cpp,3131,int THERM_ICE_ALPHA;
THERM_A2,X:/rcb/code/stable/game/water.cpp,3132,int THERM_A2;
THERM_C2,X:/rcb/code/stable/game/water.cpp,3134,int THERM_C2;
THERM_D2,X:/rcb/code/stable/game/water.cpp,3135,int THERM_D2;
THERM_ALPHA2,X:/rcb/code/stable/game/water.cpp,3136,int THERM_ALPHA2;
WaterPlaneBounds,X:/rcb/code/stable/game/water.cpp,3137,vec4 WaterPlaneBounds;
WaterTileBoxes,X:/rcb/code/stable/game/water.cpp,3139,WaterTileBox *WaterTileBoxes;
WaterDampenCoef,X:/rcb/code/stable/game/water.cpp,3142,float WaterDampenCoef;
ocean_strip_sts,X:/rcb/code/stable/game/water.cpp,3143,float ocean_strip_sts[252];
Ocean_WaterTex0,X:/rcb/code/stable/game/water.cpp,3144,uint64 Ocean_WaterTex0;
Ocean_fogND,X:/rcb/code/stable/game/water.cpp,3145,float Ocean_fogND;
Ocean_fogFD,X:/rcb/code/stable/game/water.cpp,3146,float Ocean_fogFD;
Ocean_fogNI,X:/rcb/code/stable/game/water.cpp,3147,float Ocean_fogNI;
Ocean_fogFI,X:/rcb/code/stable/game/water.cpp,3148,float Ocean_fogFI;
WPN_NumMobsInfected,X:/rcb/code/stable/game/weapons.cpp,3163,int WPN_NumMobsInfected;
WPN_ReticuleRGBA,X:/rcb/code/stable/game/weapons.cpp,3164,int WPN_ReticuleRGBA[2];
WPN_ReticuleNormTimer,X:/rcb/code/stable/game/weapons.cpp,3165,int WPN_ReticuleNormTimer[10];
WPN_UPG_OFS_Y,X:/rcb/code/stable/game/weapons.cpp,3171,float WPN_UPG_OFS_Y;
WPN_UPG_OFS_Z,X:/rcb/code/stable/game/weapons.cpp,3172,float WPN_UPG_OFS_Z;
WPN_UPG_ALT_OFS_X,X:/rcb/code/stable/game/weapons.cpp,3173,float WPN_UPG_ALT_OFS_X;
_WPN_UPGRADE_MODE_PART_SIZE,X:/rcb/code/stable/game/weapons.cpp,3175,float _WPN_UPGRADE_MODE_PART_SIZE;
WPN_THICK1,X:/rcb/code/stable/game/weapons.cpp,3176,float WPN_THICK1;
WPN_THICK2,X:/rcb/code/stable/game/weapons.cpp,3177,float WPN_THICK2;
WPN_THICK4,X:/rcb/code/stable/game/weapons.cpp,3179,float WPN_THICK4;
WPN_Profiles_Main,X:/rcb/code/stable/game/weapons.cpp,3180,float WPN_Profiles_Main[20][4];
WPN_jointManipCache,X:/rcb/code/stable/game/weapons.cpp,3189,WPN_JointManipCache WPN_jointManipCache[64];
WPN_velOrientationCache,X:/rcb/code/stable/game/weapons.cpp,3190,WPN_VelOrientationCache WPN_velOrientationCache[128];
WPN_ReticuleNorms,X:/rcb/code/stable/game/weapons.cpp,3192,vec4 WPN_ReticuleNorms[10][15];
WPN_HoloShields,X:/rcb/code/stable/game/weapons.cpp,3193,moby *WPN_HoloShields[10][4];
WPN_Rifts,X:/rcb/code/stable/game/weapons.cpp,3194,moby *WPN_Rifts[6];
WPN_AreaEffectIncoming,X:/rcb/code/stable/game/weapons.cpp,3195,moby *WPN_AreaEffectIncoming;
M8454_FlailBall,X:/rcb/code/stable/game/weapons.cpp,3196,moby *M8454_FlailBall;
WPN_globalTherminatorData,X:/rcb/code/stable/game/weapons.cpp,3198,WPN_GlobalTherminatorInfo WPN_globalTherminatorData;
WPN_bunkerClassRegistry,X:/rcb/code/stable/game/weapons.cpp,3199,WPN_BunkerClassRegistryData WPN_bunkerClassRegistry;
ShieldChargerHitPoints,X:/rcb/code/stable/game/weapons.cpp,3201,float ShieldChargerHitPoints;
ShieldChargerInvinc,X:/rcb/code/stable/game/weapons.cpp,3202,int ShieldChargerInvinc;
WPN_LavaSurfaceList,X:/rcb/code/stable/game/weapons.cpp,3203,moby *WPN_LavaSurfaceList[16];
M9464_apl,X:/rcb/code/stable/game/weapons.cpp,3204,WPN_ActiveProjectileLimiter M9464_apl;
WPN_noShowcase,X:/rcb/code/stable/game/weapons.cpp,3205,bool WPN_noShowcase;
gs_widget_regs,X:/rcb/code/stable/game/widget.cpp,3215,long unsigned int gs_widget_regs[4];
GifTag_Widget2DFlatQuad,X:/rcb/code/stable/game/widget.cpp,3216,long unsigned int GifTag_Widget2DFlatQuad[2];
GifTag_Widget2DFlatLine,X:/rcb/code/stable/game/widget.cpp,3217,long unsigned int GifTag_Widget2DFlatLine[2];
__vt_Q39Insomniac3Gui15SimpleKeyFramer,X:/rcb/code/stable/game/gui/behaviors.cpp,3227,__vtbl_ptr_type __vt_Q39Insomniac3Gui15SimpleKeyFramer[5];
__vt_Q39Insomniac3Gui25LinearColorInterpolator3f,X:/rcb/code/stable/game/gui/behaviors.cpp,3228,__vtbl_ptr_type __vt_Q39Insomniac3Gui25LinearColorInterpolator3f[5];
__vt_Q39Insomniac3Gui20LinearInterpolator3f,X:/rcb/code/stable/game/gui/behaviors.cpp,3229,__vtbl_ptr_type __vt_Q39Insomniac3Gui20LinearInterpolator3f[5];
__vt_Q39Insomniac3Gui19HermiteTimeEnvelope,X:/rcb/code/stable/game/gui/behaviors.cpp,3230,__vtbl_ptr_type __vt_Q39Insomniac3Gui19HermiteTimeEnvelope[5];
__vt_Q39Insomniac3Gui13TestKeyFramer,X:/rcb/code/stable/game/gui/behaviors.cpp,3231,__vtbl_ptr_type __vt_Q39Insomniac3Gui13TestKeyFramer[5];
__vt_Q39Insomniac3Gui18KeyFrameDataParser,X:/rcb/code/stable/game/gui/behaviors.cpp,3232,__vtbl_ptr_type __vt_Q39Insomniac3Gui18KeyFrameDataParser[5];
__vt_Q39Insomniac3Gui15iInterpolator3f,X:/rcb/code/stable/game/gui/behaviors.cpp,3233,__vtbl_ptr_type __vt_Q39Insomniac3Gui15iInterpolator3f[5];
__vt_Q39Insomniac3Gui9iBehavior,X:/rcb/code/stable/game/gui/behaviors.cpp,3234,__vtbl_ptr_type __vt_Q39Insomniac3Gui9iBehavior[5];
_Q29Insomniac3Gui$tvMode,X:/rcb/code/stable/game/gui/generalGui.cpp,3244,eTVModes _Q29Insomniac3Gui$tvMode;
_Q29Insomniac3Gui$palScale,X:/rcb/code/stable/game/gui/generalGui.cpp,3245,float _Q29Insomniac3Gui$palScale;
_Q29Insomniac3Gui$palScale_Scale,X:/rcb/code/stable/game/gui/generalGui.cpp,3246,float _Q29Insomniac3Gui$palScale_Scale;
__vt_Q39Insomniac3Gui12WidgetSlider,X:/rcb/code/stable/game/gui/graphicObjects.cpp,3252,__vtbl_ptr_type __vt_Q39Insomniac3Gui12WidgetSlider[5];
__vt_Q39Insomniac3Gui10WidgetText,X:/rcb/code/stable/game/gui/graphicObjects.cpp,3253,__vtbl_ptr_type __vt_Q39Insomniac3Gui10WidgetText[5];
__vt_Q39Insomniac3Gui12WidgetSprite,X:/rcb/code/stable/game/gui/graphicObjects.cpp,3254,__vtbl_ptr_type __vt_Q39Insomniac3Gui12WidgetSprite[5];
__vt_Q39Insomniac3Gui8Widget3D,X:/rcb/code/stable/game/gui/graphicObjects.cpp,3255,__vtbl_ptr_type __vt_Q39Insomniac3Gui8Widget3D[5];
__vt_Q39Insomniac3Gui15iGraphicsObject,X:/rcb/code/stable/game/gui/graphicObjects.cpp,3256,__vtbl_ptr_type __vt_Q39Insomniac3Gui15iGraphicsObject[5];
voBufTag,X:/rcb/code/stable/game/movie/movie.cpp,3284,VoTag *voBufTag;
mpegWork,X:/rcb/code/stable/game/movie/movie.cpp,3286,u_char *mpegWork;
audioBuff,X:/rcb/code/stable/game/movie/movie.cpp,3288,u_char *audioBuff;
videoDecStack,X:/rcb/code/stable/game/movie/movie.cpp,3290,char *videoDecStack;
infile,X:/rcb/code/stable/game/movie/movie.cpp,3292,StrFile *infile;
g_save_planet_name,X:/rcb/code/stable/game/transition.cpp,3341,char g_save_planet_name[64];
space_main_light_array,X:/rcb/code/stable/game/transition.cpp,3345,vec4a space_main_light_array[4];
space_main_light,X:/rcb/code/stable/game/transition.cpp,3346,DirLight space_main_light;
g_Transition_PlanetPos,X:/rcb/code/stable/game/transitionfunc.cpp,3352,vec4 *g_Transition_PlanetPos;
g_UseLevel1Transitions,X:/rcb/code/stable/game/transitionfunc.cpp,3353,bool g_UseLevel1Transitions;
g_BloomTexOffset,X:/rcb/code/stable/game/posteffects.cpp,3360,int g_BloomTexOffset;
g_BloomCopyTintG,X:/rcb/code/stable/game/posteffects.cpp,3362,int g_BloomCopyTintG;
g_BloomCopyTintB,X:/rcb/code/stable/game/posteffects.cpp,3363,int g_BloomCopyTintB;
g_BloomCopyTintA,X:/rcb/code/stable/game/posteffects.cpp,3364,int g_BloomCopyTintA;
g_BloomApply2A,X:/rcb/code/stable/game/posteffects.cpp,3366,int g_BloomApply2A;
g_SandStormFlag,X:/rcb/code/stable/game/posteffects.cpp,3368,int g_SandStormFlag;
g_ArcadeEffectStrength,X:/rcb/code/stable/game/posteffects.cpp,3369,float g_ArcadeEffectStrength;
PE_pLastSandStorm,X:/rcb/code/stable/game/posteffects.cpp,3377,SandStormParms_t *PE_pLastSandStorm;
PE_PunchDepth,X:/rcb/code/stable/game/posteffects.cpp,3378,int PE_PunchDepth;
PE_bUseDoorwayClipPlanes,X:/rcb/code/stable/game/posteffects.cpp,3379,bool PE_bUseDoorwayClipPlanes;
PE_fSandStormTexRollDeadSpace,X:/rcb/code/stable/game/posteffects.cpp,3380,float PE_fSandStormTexRollDeadSpace;
PE_stSandStormCornerOfs,X:/rcb/code/stable/game/posteffects.cpp,3381,st_t PE_stSandStormCornerOfs[4];
PE_fSandStormLightningLayerColorChange,X:/rcb/code/stable/game/posteffects.cpp,3382,float PE_fSandStormLightningLayerColorChange[2];
PE_fSandStormCrazyLightningLayerColorChange,X:/rcb/code/stable/game/posteffects.cpp,3383,float PE_fSandStormCrazyLightningLayerColorChange[2];
PE_iSandStormLightningFullEffectRepeatMax,X:/rcb/code/stable/game/posteffects.cpp,3384,int PE_iSandStormLightningFullEffectRepeatMax;
PE_iSandStormCrazyLightningFullEffectRepeatMax,X:/rcb/code/stable/game/posteffects.cpp,3385,int PE_iSandStormCrazyLightningFullEffectRepeatMax;
PE_vSandStormMoveVel,X:/rcb/code/stable/game/posteffects.cpp,3386,vec4 PE_vSandStormMoveVel[2];
PE_vLastCameraPos,X:/rcb/code/stable/game/posteffects.cpp,3387,vec4 PE_vLastCameraPos;
PE_vLastCameraDir,X:/rcb/code/stable/game/posteffects.cpp,3388,vec4 PE_vLastCameraDir;
PE_vLastCameraUp,X:/rcb/code/stable/game/posteffects.cpp,3389,vec4 PE_vLastCameraUp;
PE_vLastCameraMove,X:/rcb/code/stable/game/posteffects.cpp,3390,vec4 PE_vLastCameraMove;
PE_vSandStormCurrWindDir,X:/rcb/code/stable/game/posteffects.cpp,3391,vec4 PE_vSandStormCurrWindDir;
PE_vSandStormTargetWindDir,X:/rcb/code/stable/game/posteffects.cpp,3392,vec4 PE_vSandStormTargetWindDir;
PE_vViewFrustrum,X:/rcb/code/stable/game/posteffects.cpp,3393,vec4 PE_vViewFrustrum[4];
g_pSandStormTexOrTemp1,X:/rcb/code/stable/game/posteffects.cpp,3395,int g_pSandStormTexOrTemp1;
g_BloomCreateSizeA_vu1,X:/rcb/code/stable/game/posteffects.cpp,3396,int g_BloomCreateSizeA_vu1;
PE_sandStormTexSize,X:/rcb/code/stable/game/posteffects.cpp,3400,st_t PE_sandStormTexSize[2];
PE_sandStormScroll,X:/rcb/code/stable/game/posteffects.cpp,3401,st_t PE_sandStormScroll[2][2];
PE_fSandStormZoom,X:/rcb/code/stable/game/posteffects.cpp,3402,float PE_fSandStormZoom[2];
PE_fSandStormLastZoom,X:/rcb/code/stable/game/posteffects.cpp,3403,float PE_fSandStormLastZoom[2];
PE_fSandStormTexRoll,X:/rcb/code/stable/game/posteffects.cpp,3404,float PE_fSandStormTexRoll;
PE_fSandStormTexRollCos,X:/rcb/code/stable/game/posteffects.cpp,3405,float PE_fSandStormTexRollCos;
PE_fSandStormTexRollSin,X:/rcb/code/stable/game/posteffects.cpp,3406,float PE_fSandStormTexRollSin;
PE_iSandStormLastUpdateTime,X:/rcb/code/stable/game/posteffects.cpp,3407,int PE_iSandStormLastUpdateTime;
PE_fSandStormOneOverNormalWindSpeed,X:/rcb/code/stable/game/posteffects.cpp,3409,float PE_fSandStormOneOverNormalWindSpeed;
PE_fSandStormWindChangeSpeed,X:/rcb/code/stable/game/posteffects.cpp,3410,float PE_fSandStormWindChangeSpeed;
PE_stSandStormHeatWaverCornerOfs,X:/rcb/code/stable/game/posteffects.cpp,3412,st_t PE_stSandStormHeatWaverCornerOfs[4];
PE_iSandStormHeatWaverTimer,X:/rcb/code/stable/game/posteffects.cpp,3413,int PE_iSandStormHeatWaverTimer;
PE_iSandStormLightningNextTime,X:/rcb/code/stable/game/posteffects.cpp,3414,int PE_iSandStormLightningNextTime;
PE_iSandStormLightningNextCloudEffectOnlyTime,X:/rcb/code/stable/game/posteffects.cpp,3416,int PE_iSandStormLightningNextCloudEffectOnlyTime;
PE_iSandStormLightningUpdateTime,X:/rcb/code/stable/game/posteffects.cpp,3417,int PE_iSandStormLightningUpdateTime;
PE_iSandStormLightningActive,X:/rcb/code/stable/game/posteffects.cpp,3418,int PE_iSandStormLightningActive;
PE_fSandStormLightningCurrentStrength,X:/rcb/code/stable/game/posteffects.cpp,3419,float PE_fSandStormLightningCurrentStrength;
PE_fSandStormLightningTargetStrength,X:/rcb/code/stable/game/posteffects.cpp,3420,float PE_fSandStormLightningTargetStrength;
PE_fSandStormLightningStrengthSpeedMult,X:/rcb/code/stable/game/posteffects.cpp,3421,float PE_fSandStormLightningStrengthSpeedMult;
PE_iSandStormLightningFullEffectRepeatCount,X:/rcb/code/stable/game/posteffects.cpp,3422,int PE_iSandStormLightningFullEffectRepeatCount;
PE_cSandStormCurrentFullScreen_R,X:/rcb/code/stable/game/posteffects.cpp,3423,unsigned char PE_cSandStormCurrentFullScreen_R;
PE_cSandStormCurrentFullScreen_G,X:/rcb/code/stable/game/posteffects.cpp,3424,unsigned char PE_cSandStormCurrentFullScreen_G;
PE_cSandStormCurrentFullScreen_B,X:/rcb/code/stable/game/posteffects.cpp,3425,unsigned char PE_cSandStormCurrentFullScreen_B;
PE_cSandStormCurrentFullScreen_A,X:/rcb/code/stable/game/posteffects.cpp,3426,unsigned char PE_cSandStormCurrentFullScreen_A;
PE_iSandStormCurrentLayerColor,X:/rcb/code/stable/game/posteffects.cpp,3427,int PE_iSandStormCurrentLayerColor[2];
PE_bOldHeroOutdoors,X:/rcb/code/stable/game/posteffects.cpp,3429,bool PE_bOldHeroOutdoors;
PE_fSandStormNearLayerOpacity,X:/rcb/code/stable/game/posteffects.cpp,3430,float PE_fSandStormNearLayerOpacity;
PE_vSandStormCameraSpeeds,X:/rcb/code/stable/game/posteffects.cpp,3431,vec3 PE_vSandStormCameraSpeeds[2];
PE_vSandStormScrollSpeeds,X:/rcb/code/stable/game/posteffects.cpp,3432,vec3 PE_vSandStormScrollSpeeds[2];
PE_vSandStormScrollScales,X:/rcb/code/stable/game/posteffects.cpp,3433,vec3 PE_vSandStormScrollScales[2];
PE_vSandStormTexReps,X:/rcb/code/stable/game/posteffects.cpp,3434,vec3 PE_vSandStormTexReps[2];
PE_vSandStormCameraScroll,X:/rcb/code/stable/game/posteffects.cpp,3435,vec3 PE_vSandStormCameraScroll[2];
PE_drawLightning,X:/rcb/code/stable/game/posteffects.cpp,3436,float PE_drawLightning;
TN_coopEnemyHpFactor,X:/rcb/code/stable/game/tuning.cpp,3451,float TN_coopEnemyHpFactor;
ST_MissionStatistics,X:/rcb/code/stable/game/stats.cpp,3460,ST_MissionData ST_MissionStatistics;
_4Math$g_PreserveRegCnt,X:/rcb/code/stable/game/mathfunc.cpp,3470,u32 _4Math$g_PreserveRegCnt;
_4Math$g_PreserveEERegCnt,X:/rcb/code/stable/game/mathfunc.cpp,3471,u32 _4Math$g_PreserveEERegCnt;
_4Math$g_PreserveVFRegCnt,X:/rcb/code/stable/game/mathfunc.cpp,3472,u32 _4Math$g_PreserveVFRegCnt;
_4Math$g_RegStash,X:/rcb/code/stable/game/mathfunc.cpp,3473,long long unsigned int _4Math$g_RegStash[22];
_4Math$g_EERegStash,X:/rcb/code/stable/game/mathfunc.cpp,3474,long long unsigned int _4Math$g_EERegStash[8];
_4Math$g_VFRegStash,X:/rcb/code/stable/game/mathfunc.cpp,3475,long long unsigned int _4Math$g_VFRegStash[14];
MU,X:/rcb/code/stable/game/mathutil.cpp,3485,MathUtilities MU;
gPowerSemaphoreId,X:/rcb/code/stable/game/network/ss_poweroff.cpp,3495,int gPowerSemaphoreId;
s_dlTweaksDefault,X:/rcb/code/stable/game/network/nw.cpp,3501,tNW_DownloadedTweaks s_dlTweaksDefault;
g_tourneyRoundJoinInfo,X:/rcb/code/stable/game/network/nw.cpp,3503,TourneyRoundJoinInfo g_tourneyRoundJoinInfo;
g_nethash,X:/rcb/code/stable/game/network/nw.cpp,3504,int g_nethash;
gDNAS_s_uidParam,X:/rcb/code/stable/game/network/nw.cpp,3505,sceDNAS2UniqueID_t gDNAS_s_uidParam;
gDNAS_s_uidResult,X:/rcb/code/stable/game/network/nw.cpp,3506,unsigned int gDNAS_s_uidResult[8];
gDNAS_s_uidResultSize,X:/rcb/code/stable/game/network/nw.cpp,3507,int gDNAS_s_uidResultSize;
g_nwCallbacks,X:/rcb/code/stable/game/network/nwMediusCallbacks.cpp,3513,tNW_MediusCallbacks g_nwCallbacks;
gstAudioInfoData,X:/rcb/code/stable/game/network/nwInit.cpp,3519,stAudioInfo gstAudioInfoData;
g_RegisteredMessageHandler,X:/rcb/code/stable/game/network/nwMessages.cpp,3526,int (*g_RegisteredMessageHandler[19])(/* parameters unknown */);
mpChecksumConstants,X:/rcb/code/stable/game/network/nwObjects.cpp,3537,tChecksumConstants mpChecksumConstants;
g_LocalNetPlayerData,X:/rcb/code/stable/game/network/nwObjects.cpp,3539,tNW_PlayerData g_LocalNetPlayerData[4];
g_NW_PlayerSetupMessageId,X:/rcb/code/stable/game/network/nwObjects.cpp,3545,unsigned int g_NW_PlayerSetupMessageId;
g_NW_PlayerHasHeadSetMessageId,X:/rcb/code/stable/game/network/nwObjects.cpp,3546,unsigned int g_NW_PlayerHasHeadSetMessageId;
g_NW_ClientJoinMessageId,X:/rcb/code/stable/game/network/nwObjects.cpp,3547,unsigned int g_NW_ClientJoinMessageId;
gReadyForAsyncOp,X:/rcb/code/stable/game/network/nwAudioUtil.cpp,3562,int gReadyForAsyncOp;
gAsyncOpRequested,X:/rcb/code/stable/game/network/nwAudioUtil.cpp,3563,int gAsyncOpRequested;
gAsyncBytesRead,X:/rcb/code/stable/game/network/nwAudioUtil.cpp,3564,int gAsyncBytesRead;
gAsyncBytesWritten,X:/rcb/code/stable/game/network/nwAudioUtil.cpp,3565,int gAsyncBytesWritten;
gbUsingScheduler,X:/rcb/code/stable/game/network/nwAudioUtil.cpp,3567,int gbUsingScheduler;
gVoiceThreadId,X:/rcb/code/stable/game/network/nwAudioUtil.cpp,3568,int gVoiceThreadId;
gVoiceAlarmId,X:/rcb/code/stable/game/network/nwAudioUtil.cpp,3569,int gVoiceAlarmId;
gAsyncOpsPerTick,X:/rcb/code/stable/game/network/nwAudioUtil.cpp,3574,int gAsyncOpsPerTick[2];
VoiceMaxGain,X:/rcb/code/stable/game/network/nwAudioUtil.cpp,3584,float VoiceMaxGain;
gVoiceIgnore,X:/rcb/code/stable/game/network/nwAudioUtil.cpp,3586,int gVoiceIgnore[10];
gAsyncResult,X:/rcb/code/stable/game/network/nwAudioUtil.cpp,3587,int gAsyncResult;
gpVoiceThreadStackMem,X:/rcb/code/stable/game/network/nwAudioUtil.cpp,3588,unsigned char gpVoiceThreadStackMem[2048];
gAsyncPlayBuffer,X:/rcb/code/stable/game/network/nwAudioUtil.cpp,3589,unsigned char gAsyncPlayBuffer[16][1920];
gAsyncRecordBuffer,X:/rcb/code/stable/game/network/nwAudioUtil.cpp,3590,unsigned char gAsyncRecordBuffer[8][320];
g_SendToTeam,X:/rcb/code/stable/game/network/nwVoice.cpp,3599,bool g_SendToTeam;
gEnableWrite,X:/rcb/code/stable/game/network/nwVoice.cpp,3600,int gEnableWrite;
gDecodedBuffer,X:/rcb/code/stable/game/network/nwVoice.cpp,3601,unsigned char gDecodedBuffer[1920];
_8nwSocket$s_initialized,X:/rcb/code/stable/game/network/nwSocket.cpp,3614,bool _8nwSocket$s_initialized;
_8nwSocket$s_cd,X:/rcb/code/stable/game/network/nwSocket.cpp,3615,sceSifMClientData _8nwSocket$s_cd;
_8nwSocket$s_netBuffer,X:/rcb/code/stable/game/network/nwSocket.cpp,3616,char _8nwSocket$s_netBuffer[1024];
__vt_9iBehavior,X:/rcb/code/stable/game/ige/behaviors/iBehavior.cpp,3627,__vtbl_ptr_type __vt_9iBehavior[9];
__vt_7iObject,X:/rcb/code/stable/game/ige/behaviors/iBehavior.cpp,3628,__vtbl_ptr_type __vt_7iObject[7];
__vt_7iObject,X:/rcb/code/stable/game/ige/behaviors/KeyFramerBehavior2f.cpp,3636,__vtbl_ptr_type __vt_7iObject[7];
__vt_7iObject,X:/rcb/code/stable/game/ige/core/iObject.cpp,3703,__vtbl_ptr_type __vt_7iObject[7];
__vt_7iObject,X:/rcb/code/stable/game/ige/facadeapi/facadeApi.cpp,3790,__vtbl_ptr_type __vt_7iObject[7];
__vt_7iObject,X:/rcb/code/stable/game/ige/frames/Frame.cpp,3837,__vtbl_ptr_type __vt_7iObject[7];
__vt_7iObject,X:/rcb/code/stable/game/ige/frames/FrameContainer.cpp,3845,__vtbl_ptr_type __vt_7iObject[7];
__vt_7iObject,X:/rcb/code/stable/game/ige/frames/WidgetHollowRectangle.cpp,3853,__vtbl_ptr_type __vt_7iObject[7];
__vt_7iObject,X:/rcb/code/stable/game/ige/frames/WidgetRectangle.cpp,3861,__vtbl_ptr_type __vt_7iObject[7];
__vt_7iObject,X:/rcb/code/stable/game/ige/frames/WidgetText.cpp,3869,__vtbl_ptr_type __vt_7iObject[7];
__vt_7iObject,X:/rcb/code/stable/game/ige/frames/WidgetTextArea.cpp,3877,__vtbl_ptr_type __vt_7iObject[7];
__vt_7iObject,X:/rcb/code/stable/game/ige/frames/WidgetWheel.cpp,3884,__vtbl_ptr_type __vt_7iObject[7];
__vt_7iObject,X:/rcb/code/stable/game/ige/frames/Widget3d.cpp,3894,__vtbl_ptr_type __vt_7iObject[7];
_19KeyFramerBehavior2f$id,X:/rcb/code/stable/game/ige/behaviors/KeyFramerBehavior2f.cpp,3634,unsigned int _19KeyFramerBehavior2f$id;
__vt_19KeyFramerBehavior2f,X:/rcb/code/stable/game/ige/behaviors/KeyFramerBehavior2f.cpp,3635,__vtbl_ptr_type __vt_19KeyFramerBehavior2f[9];
_8TimeLine$id,X:/rcb/code/stable/game/ige/behaviors/TimeLine.cpp,3650,unsigned int _8TimeLine$id;
_t9HashTable2Z8TimeLinei48$m_vacated_sentinel,X:/rcb/code/stable/game/ige/core/Canvas.cpp,3664,unsigned char _t9HashTable2Z8TimeLinei48$m_vacated_sentinel;
_t9HashTable2Z7iObjecti1024$m_vacated_sentinel,X:/rcb/code/stable/game/ige/core/Canvas.cpp,3665,unsigned char _t9HashTable2Z7iObjecti1024$m_vacated_sentinel;
_9Channel3f$id,X:/rcb/code/stable/game/ige/core/Channels.cpp,3675,unsigned int _9Channel3f$id;
_9Channel2f$id,X:/rcb/code/stable/game/ige/core/Channels.cpp,3676,unsigned int _9Channel2f$id;
_9Channel1f$id,X:/rcb/code/stable/game/ige/core/Channels.cpp,3677,unsigned int _9Channel1f$id;
_12Channel1UInt$id,X:/rcb/code/stable/game/ige/core/Channels.cpp,3678,unsigned int _12Channel1UInt$id;
_11ChannelARGB$id,X:/rcb/code/stable/game/ige/core/Channels.cpp,3679,unsigned int _11ChannelARGB$id;
_6Engine$m_instance,X:/rcb/code/stable/game/ige/core/Engine.cpp,3685,Engine _6Engine$m_instance;
engine_data,X:/rcb/code/stable/game/ige/core/Engine.cpp,3686,EngineData engine_data;
kGuiNullState,X:/rcb/code/stable/game/ige/core/GuiState.cpp,3696,GuiNullState kGuiNullState;
_7iObject$id,X:/rcb/code/stable/game/ige/core/iObject.cpp,3702,unsigned int _7iObject$id;
_Q33IGE6DRIVER3PS2$prevVC_xratio,X:/rcb/code/stable/game/ige/driver/ps2driver/renderstate.cpp,3718,float _Q33IGE6DRIVER3PS2$prevVC_xratio;
_Q33IGE6DRIVER3PS2$prev_font,X:/rcb/code/stable/game/ige/driver/ps2driver/renderstate.cpp,3719,FontNames _Q33IGE6DRIVER3PS2$prev_font;
_Q33IGE6DRIVER3PS2$WIDGET_XSCALE_ADJUST,X:/rcb/code/stable/game/ige/driver/ps2driver/ScreenDefs.cpp,3725,float _Q33IGE6DRIVER3PS2$WIDGET_XSCALE_ADJUST;
_Q33IGE6DRIVER3PS2$WIDGET_YSCALE_ADJUST,X:/rcb/code/stable/game/ige/driver/ps2driver/ScreenDefs.cpp,3726,float _Q33IGE6DRIVER3PS2$WIDGET_YSCALE_ADJUST;
_Q33IGE6DRIVER3PS2$WIDGET_XPOS_ADJUST,X:/rcb/code/stable/game/ige/driver/ps2driver/ScreenDefs.cpp,3727,float _Q33IGE6DRIVER3PS2$WIDGET_XPOS_ADJUST;
_Q33IGE6DRIVER3PS2$WIDGET_YPOS_ADJUST,X:/rcb/code/stable/game/ige/driver/ps2driver/ScreenDefs.cpp,3728,float _Q33IGE6DRIVER3PS2$WIDGET_YPOS_ADJUST;
_Q33IGE6DRIVER3PS2$SCREEN_SIZE_X,X:/rcb/code/stable/game/ige/driver/ps2driver/ScreenDefs.cpp,3729,float _Q33IGE6DRIVER3PS2$SCREEN_SIZE_X;
_Q33IGE6DRIVER3PS2$SCREEN_SIZE_Y,X:/rcb/code/stable/game/ige/driver/ps2driver/ScreenDefs.cpp,3730,float _Q33IGE6DRIVER3PS2$SCREEN_SIZE_Y;
_Q33IGE6DRIVER3PS2$SCREEN_XMAX,X:/rcb/code/stable/game/ige/driver/ps2driver/ScreenDefs.cpp,3731,float _Q33IGE6DRIVER3PS2$SCREEN_XMAX;
_Q33IGE6DRIVER3PS2$SCREEN_YMAX,X:/rcb/code/stable/game/ige/driver/ps2driver/ScreenDefs.cpp,3732,float _Q33IGE6DRIVER3PS2$SCREEN_YMAX;
_Q33IGE6DRIVER3PS2$CANVAS_XMAX,X:/rcb/code/stable/game/ige/driver/ps2driver/ScreenDefs.cpp,3733,float _Q33IGE6DRIVER3PS2$CANVAS_XMAX;
_Q33IGE6DRIVER3PS2$CANVAS_YMAX,X:/rcb/code/stable/game/ige/driver/ps2driver/ScreenDefs.cpp,3734,float _Q33IGE6DRIVER3PS2$CANVAS_YMAX;
_Q33IGE6DRIVER3PS2$CANVAS_TO_SCREEN_X,X:/rcb/code/stable/game/ige/driver/ps2driver/ScreenDefs.cpp,3735,float _Q33IGE6DRIVER3PS2$CANVAS_TO_SCREEN_X;
_Q33IGE6DRIVER3PS2$CANVAS_TO_SCREEN_Y,X:/rcb/code/stable/game/ige/driver/ps2driver/ScreenDefs.cpp,3736,float _Q33IGE6DRIVER3PS2$CANVAS_TO_SCREEN_Y;
_Q33IGE6DRIVER3PS2$SCREEN_ORIGINAL_XMAX,X:/rcb/code/stable/game/ige/driver/ps2driver/ScreenDefs.cpp,3737,float _Q33IGE6DRIVER3PS2$SCREEN_ORIGINAL_XMAX;
_Q33IGE6DRIVER3PS2$SCREEN_ORIGINAL_YMAX,X:/rcb/code/stable/game/ige/driver/ps2driver/ScreenDefs.cpp,3738,float _Q33IGE6DRIVER3PS2$SCREEN_ORIGINAL_YMAX;
_Q33IGE6DRIVER3PS2$SCREEN_CURRENT_TO_ORIGINAL_XMAX_RATIO,X:/rcb/code/stable/game/ige/driver/ps2driver/ScreenDefs.cpp,3739,float _Q33IGE6DRIVER3PS2$SCREEN_CURRENT_TO_ORIGINAL_XMAX_RATIO;
_Q33IGE6DRIVER3PS2$SCREEN_CURRENT_TO_ORIGINAL_YMAX_RATIO,X:/rcb/code/stable/game/ige/driver/ps2driver/ScreenDefs.cpp,3740,float _Q33IGE6DRIVER3PS2$SCREEN_CURRENT_TO_ORIGINAL_YMAX_RATIO;
_Q33IGE6DRIVER3PS2$FONT_NORMAL_PARAMETRIC_HEIGHT,X:/rcb/code/stable/game/ige/driver/ps2driver/ScreenDefs.cpp,3741,float _Q33IGE6DRIVER3PS2$FONT_NORMAL_PARAMETRIC_HEIGHT;
_Q33IGE6DRIVER3PS2$FONT_NORMAL_PARAMETRIC_FONTPRINT_OFFSET,X:/rcb/code/stable/game/ige/driver/ps2driver/ScreenDefs.cpp,3742,float _Q33IGE6DRIVER3PS2$FONT_NORMAL_PARAMETRIC_FONTPRINT_OFFSET;
_Q33IGE6DRIVER3PS2$iIGEScissoringStackSize,X:/rcb/code/stable/game/ige/driver/ps2driver/hardware.cpp,3748,int _Q33IGE6DRIVER3PS2$iIGEScissoringStackSize;
_Q33IGE6DRIVER3PS2$vIGEScissoringStack,X:/rcb/code/stable/game/ige/driver/ps2driver/hardware.cpp,3749,Scissoring_s _Q33IGE6DRIVER3PS2$vIGEScissoringStack[8];
_t9HashTable2ZFP7iObjectff_bi8$m_vacated_sentinel,X:/rcb/code/stable/game/ige/facadeapi/facadeApi.cpp,3772,unsigned char _t9HashTable2ZFP7iObjectff_bi8$m_vacated_sentinel;
_t9HashTable2ZFP7iObjectRfRf_bi8$m_vacated_sentinel,X:/rcb/code/stable/game/ige/facadeapi/facadeApi.cpp,3773,unsigned char _t9HashTable2ZFP7iObjectRfRf_bi8$m_vacated_sentinel;
_t9HashTable2ZFP7iObjectff_bi3$m_vacated_sentinel,X:/rcb/code/stable/game/ige/facadeapi/facadeApi.cpp,3774,unsigned char _t9HashTable2ZFP7iObjectff_bi3$m_vacated_sentinel;
_t9HashTable2ZFP7iObjectUi_bi8$m_vacated_sentinel,X:/rcb/code/stable/game/ige/facadeapi/facadeApi.cpp,3775,unsigned char _t9HashTable2ZFP7iObjectUi_bi8$m_vacated_sentinel;
_t9HashTable2ZFP7iObjectf_bi3$m_vacated_sentinel,X:/rcb/code/stable/game/ige/facadeapi/facadeApi.cpp,3776,unsigned char _t9HashTable2ZFP7iObjectf_bi3$m_vacated_sentinel;
_t9HashTable2ZFP7iObjectf_bi8$m_vacated_sentinel,X:/rcb/code/stable/game/ige/facadeapi/facadeApi.cpp,3777,unsigned char _t9HashTable2ZFP7iObjectf_bi8$m_vacated_sentinel;
_t9HashTable2ZFP7iObjectRf_bi8$m_vacated_sentinel,X:/rcb/code/stable/game/ige/facadeapi/facadeApi.cpp,3778,unsigned char _t9HashTable2ZFP7iObjectRf_bi8$m_vacated_sentinel;
_t9HashTable2ZFP7iObjectUiUi_bi8$m_vacated_sentinel,X:/rcb/code/stable/game/ige/facadeapi/facadeApi.cpp,3779,unsigned char _t9HashTable2ZFP7iObjectUiUi_bi8$m_vacated_sentinel;
_t9HashTable2ZFP7iObjectUiRb_bi8$m_vacated_sentinel,X:/rcb/code/stable/game/ige/facadeapi/facadeApi.cpp,3780,unsigned char _t9HashTable2ZFP7iObjectUiRb_bi8$m_vacated_sentinel;
_t9HashTable2ZFP7iObjectRUiRUi_bi8$m_vacated_sentinel,X:/rcb/code/stable/game/ige/facadeapi/facadeApi.cpp,3781,unsigned char _t9HashTable2ZFP7iObjectRUiRUi_bi8$m_vacated_sentinel;
_t9HashTable2ZFP7iObjectRfRfRfRf_bi8$m_vacated_sentinel,X:/rcb/code/stable/game/ige/facadeapi/facadeApi.cpp,3782,unsigned char _t9HashTable2ZFP7iObjectRfRfRfRf_bi8$m_vacated_sentinel;
_t9HashTable2ZFP7iObjectPc_bi8$m_vacated_sentinel,X:/rcb/code/stable/game/ige/facadeapi/facadeApi.cpp,3783,unsigned char _t9HashTable2ZFP7iObjectPc_bi8$m_vacated_sentinel;
_t9HashTable2ZFP7iObjectPPcssUi_bi8$m_vacated_sentinel,X:/rcb/code/stable/game/ige/facadeapi/facadeApi.cpp,3784,unsigned char _t9HashTable2ZFP7iObjectPPcssUi_bi8$m_vacated_sentinel;
_t9HashTable2ZFP7iObjectUi_bi3$m_vacated_sentinel,X:/rcb/code/stable/game/ige/facadeapi/facadeApi.cpp,3785,unsigned char _t9HashTable2ZFP7iObjectUi_bi3$m_vacated_sentinel;
_t9HashTable2ZFP7iObjectUiUiUiUi_bi8$m_vacated_sentinel,X:/rcb/code/stable/game/ige/facadeapi/facadeApi.cpp,3786,unsigned char _t9HashTable2ZFP7iObjectUiUiUiUi_bi8$m_vacated_sentinel;
_t9HashTable2ZFP7iObjectPvUi_bi8$m_vacated_sentinel,X:/rcb/code/stable/game/ige/facadeapi/facadeApi.cpp,3787,unsigned char _t9HashTable2ZFP7iObjectPvUi_bi8$m_vacated_sentinel;
_t9HashTable2ZFP7iObjectffff_bi8$m_vacated_sentinel,X:/rcb/code/stable/game/ige/facadeapi/facadeApi.cpp,3788,unsigned char _t9HashTable2ZFP7iObjectffff_bi8$m_vacated_sentinel;
_t9HashTable2ZFP7iObject_bi8$m_vacated_sentinel,X:/rcb/code/stable/game/ige/facadeapi/facadeApi.cpp,3789,unsigned char _t9HashTable2ZFP7iObject_bi8$m_vacated_sentinel;
SetPositionCommand,X:/rcb/code/stable/game/ige/facadeapi/facadeApi.cpp,3791,"Command<bool ()(iObject *, float, float),8> SetPositionCommand;"
GetPositionCommand,X:/rcb/code/stable/game/ige/facadeapi/facadeApi.cpp,3792,"Command<bool ()(iObject *, float &, float &),8> GetPositionCommand;"
SetScaleCommand,X:/rcb/code/stable/game/ige/facadeapi/facadeApi.cpp,3793,"Command<bool ()(iObject *, float, float),8> SetScaleCommand;"
GetScaleCommand,X:/rcb/code/stable/game/ige/facadeapi/facadeApi.cpp,3794,"Command<bool ()(iObject *, float &, float &),8> GetScaleCommand;"
GetTextSizesCommand,X:/rcb/code/stable/game/ige/facadeapi/facadeApi.cpp,3795,"Command<bool ()(iObject *, float &, float &),8> GetTextSizesCommand;"
SetTextCommand,X:/rcb/code/stable/game/ige/facadeapi/facadeApi.cpp,3796,"Command<bool ()(iObject *, char *),8> SetTextCommand;"
SetListTextCommand,X:/rcb/code/stable/game/ige/facadeapi/facadeApi.cpp,3797,"Command<bool ()(iObject *, char **, short int, short int, unsigned int),8> SetListTextCommand;"
SetAlphaCommand,X:/rcb/code/stable/game/ige/facadeapi/facadeApi.cpp,3798,"Command<bool ()(iObject *, float),8> SetAlphaCommand;"
SetColorCommand,X:/rcb/code/stable/game/ige/facadeapi/facadeApi.cpp,3799,"Command<bool ()(iObject *, unsigned int),8> SetColorCommand;"
SetDropShadowOffsetsCommand,X:/rcb/code/stable/game/ige/facadeapi/facadeApi.cpp,3800,"Command<bool ()(iObject *, float, float),8> SetDropShadowOffsetsCommand;"
SetDropShadowColorCommand,X:/rcb/code/stable/game/ige/facadeapi/facadeApi.cpp,3801,"Command<bool ()(iObject *, unsigned int),8> SetDropShadowColorCommand;"
SetLayerCommand,X:/rcb/code/stable/game/ige/facadeapi/facadeApi.cpp,3802,"Command<bool ()(iObject *, unsigned int, unsigned int),8> SetLayerCommand;"
ClearLayerCommand,X:/rcb/code/stable/game/ige/facadeapi/facadeApi.cpp,3803,"Command<bool ()(iObject *, unsigned int),8> ClearLayerCommand;"
GetLineSpacingCommand,X:/rcb/code/stable/game/ige/facadeapi/facadeApi.cpp,3804,"Command<bool ()(iObject *, float &),8> GetLineSpacingCommand;"
GetSelectedLinePositionCommand,X:/rcb/code/stable/game/ige/facadeapi/facadeApi.cpp,3805,"Command<bool ()(iObject *, float &, float &),8> GetSelectedLinePositionCommand;"
SetTextureCommand,X:/rcb/code/stable/game/ige/facadeapi/facadeApi.cpp,3806,"Command<bool ()(iObject *, unsigned int),8> SetTextureCommand;"
AddContainerFrameCommand,X:/rcb/code/stable/game/ige/facadeapi/facadeApi.cpp,3807,"Command<bool ()(iObject *, unsigned int),8> AddContainerFrameCommand;"
RemoveAllContainerFramesCommand,X:/rcb/code/stable/game/ige/facadeapi/facadeApi.cpp,3808,"Command<bool ()(iObject *),8> RemoveAllContainerFramesCommand;"
SetBoundingRectangleCommand,X:/rcb/code/stable/game/ige/facadeapi/facadeApi.cpp,3809,"Command<bool ()(iObject *, float, float, float, float),8> SetBoundingRectangleCommand;"
SetDataSourceCommand,X:/rcb/code/stable/game/ige/facadeapi/facadeApi.cpp,3810,"Command<bool ()(iObject *, void *, unsigned int),8> SetDataSourceCommand;"
SetArtAnimationFrameCommand,X:/rcb/code/stable/game/ige/facadeapi/facadeApi.cpp,3811,"Command<bool ()(iObject *, float),8> SetArtAnimationFrameCommand;"
SetControlFlagsCommand,X:/rcb/code/stable/game/ige/facadeapi/facadeApi.cpp,3812,"Command<bool ()(iObject *, unsigned int, unsigned int),8> SetControlFlagsCommand;"
GetControlFlagsCommand,X:/rcb/code/stable/game/ige/facadeapi/facadeApi.cpp,3813,"Command<bool ()(iObject *, unsigned int, bool &),8> GetControlFlagsCommand;"
SetAlignmentFlagsCommand,X:/rcb/code/stable/game/ige/facadeapi/facadeApi.cpp,3814,"Command<bool ()(iObject *, unsigned int, unsigned int),8> SetAlignmentFlagsCommand;"
GetAlignmentFlagsCommand,X:/rcb/code/stable/game/ige/facadeapi/facadeApi.cpp,3815,"Command<bool ()(iObject *, unsigned int &, unsigned int &),8> GetAlignmentFlagsCommand;"
GetBoundingRectangleCommand,X:/rcb/code/stable/game/ige/facadeapi/facadeApi.cpp,3816,"Command<bool ()(iObject *, float &, float &, float &, float &),8> GetBoundingRectangleCommand;"
SetVertexColorsCommand,X:/rcb/code/stable/game/ige/facadeapi/facadeApi.cpp,3817,"Command<bool ()(iObject *, unsigned int, unsigned int, unsigned int, unsigned int),8> SetVertexColorsCommand;"
SetRotationCommand,X:/rcb/code/stable/game/ige/facadeapi/facadeApi.cpp,3818,"Command<bool ()(iObject *, float),8> SetRotationCommand;"
GetRotationCommand,X:/rcb/code/stable/game/ige/facadeapi/facadeApi.cpp,3819,"Command<bool ()(iObject *, float &),8> GetRotationCommand;"
SetTextScrollCommand,X:/rcb/code/stable/game/ige/facadeapi/facadeApi.cpp,3820,"Command<bool ()(iObject *, float, float),3> SetTextScrollCommand;"
SetTextScaleCommand,X:/rcb/code/stable/game/ige/facadeapi/facadeApi.cpp,3821,"Command<bool ()(iObject *, float),3> SetTextScaleCommand;"
SetLineSpacingCommand,X:/rcb/code/stable/game/ige/facadeapi/facadeApi.cpp,3822,"Command<bool ()(iObject *, float),3> SetLineSpacingCommand;"
SetTextScrollXYCommand,X:/rcb/code/stable/game/ige/facadeapi/facadeApi.cpp,3823,"Command<bool ()(iObject *, float, float),3> SetTextScrollXYCommand;"
SetInsetsCommand,X:/rcb/code/stable/game/ige/facadeapi/facadeApi.cpp,3824,"Command<bool ()(iObject *, float, float),3> SetInsetsCommand;"
SetFontCommand,X:/rcb/code/stable/game/ige/facadeapi/facadeApi.cpp,3825,"Command<bool ()(iObject *, unsigned int),3> SetFontCommand;"
_6iFrame$id,X:/rcb/code/stable/game/ige/frames/Frame.cpp,3835,unsigned int _6iFrame$id;
__vt_6iFrame,X:/rcb/code/stable/game/ige/frames/Frame.cpp,3836,__vtbl_ptr_type __vt_6iFrame[12];
_14FrameContainer$id,X:/rcb/code/stable/game/ige/frames/FrameContainer.cpp,3843,unsigned int _14FrameContainer$id;
__vt_14FrameContainer,X:/rcb/code/stable/game/ige/frames/FrameContainer.cpp,3844,__vtbl_ptr_type __vt_14FrameContainer[12];
_21WidgetHollowRectangle$id,X:/rcb/code/stable/game/ige/frames/WidgetHollowRectangle.cpp,3851,unsigned int _21WidgetHollowRectangle$id;
__vt_21WidgetHollowRectangle,X:/rcb/code/stable/game/ige/frames/WidgetHollowRectangle.cpp,3852,__vtbl_ptr_type __vt_21WidgetHollowRectangle[12];
_15WidgetRectangle$id,X:/rcb/code/stable/game/ige/frames/WidgetRectangle.cpp,3859,unsigned int _15WidgetRectangle$id;
__vt_15WidgetRectangle,X:/rcb/code/stable/game/ige/frames/WidgetRectangle.cpp,3860,__vtbl_ptr_type __vt_15WidgetRectangle[12];
_10WidgetText$id,X:/rcb/code/stable/game/ige/frames/WidgetText.cpp,3867,unsigned int _10WidgetText$id;
__vt_10WidgetText,X:/rcb/code/stable/game/ige/frames/WidgetText.cpp,3868,__vtbl_ptr_type __vt_10WidgetText[12];
_14WidgetTextArea$id,X:/rcb/code/stable/game/ige/frames/WidgetTextArea.cpp,3875,unsigned int _14WidgetTextArea$id;
__vt_14WidgetTextArea,X:/rcb/code/stable/game/ige/frames/WidgetTextArea.cpp,3876,__vtbl_ptr_type __vt_14WidgetTextArea[12];
__vt_11WidgetWheel,X:/rcb/code/stable/game/ige/frames/WidgetWheel.cpp,3883,__vtbl_ptr_type __vt_11WidgetWheel[12];
_8Widget3d$id,X:/rcb/code/stable/game/ige/frames/Widget3d.cpp,3890,unsigned int _8Widget3d$id;
_11Widget3d_2D$id,X:/rcb/code/stable/game/ige/frames/Widget3d.cpp,3891,unsigned int _11Widget3d_2D$id;
__vt_11Widget3d_2D,X:/rcb/code/stable/game/ige/frames/Widget3d.cpp,3892,__vtbl_ptr_type __vt_11Widget3d_2D[12];
__vt_8Widget3d,X:/rcb/code/stable/game/ige/frames/Widget3d.cpp,3893,__vtbl_ptr_type __vt_8Widget3d[12];
__vt_30ConstantBlockSizeMemoryManager,X:/rcb/code/stable/game/ige/memory/ConstantBlockSize.cpp,3900,__vtbl_ptr_type __vt_30ConstantBlockSizeMemoryManager[5];
gMPGameStarted,X:/rcb/code/stable/game/guber/GuberFunc.cpp,3922,bool gMPGameStarted;
g_CurrentLocalHero,X:/rcb/code/stable/game/guber/GuberFunc.cpp,3925,LocalHero *g_CurrentLocalHero;
kMaxObjects,X:/rcb/code/stable/game/guber/Guber.cpp,3931,int kMaxObjects[7];
kGidHostIdShift,X:/rcb/code/stable/game/guber/Guber.cpp,3932,int kGidHostIdShift;
kGidObjectCountShift,X:/rcb/code/stable/game/guber/Guber.cpp,3934,int kGidObjectCountShift;
kGidObjectIdxShift,X:/rcb/code/stable/game/guber/Guber.cpp,3935,int kGidObjectIdxShift;
kGidHostIdMask,X:/rcb/code/stable/game/guber/Guber.cpp,3936,int kGidHostIdMask;
kGidObjectCountMask,X:/rcb/code/stable/game/guber/Guber.cpp,3938,int kGidObjectCountMask;
kGidObjectIdxMask,X:/rcb/code/stable/game/guber/Guber.cpp,3939,int kGidObjectIdxMask;
__vt_7Vehicle,X:/rcb/code/stable/game/guber/Guber.cpp,3941,__vtbl_ptr_type __vt_7Vehicle[10];
_5Guber$LocalHostId,X:/rcb/code/stable/game/guber/Guber.cpp,3942,int _5Guber$LocalHostId;
_5Guber$DefaultMaster,X:/rcb/code/stable/game/guber/Guber.cpp,3943,int _5Guber$DefaultMaster;
__vt_13PowerupMaster,X:/rcb/code/stable/game/guber/Master.cpp,3949,__vtbl_ptr_type __vt_13PowerupMaster[6];
__vt_10BaseMaster,X:/rcb/code/stable/game/guber/Master.cpp,3950,__vtbl_ptr_type __vt_10BaseMaster[6];
__vt_10ShotMaster,X:/rcb/code/stable/game/guber/Master.cpp,3951,__vtbl_ptr_type __vt_10ShotMaster[6];
__vt_13VehicleMaster,X:/rcb/code/stable/game/guber/Master.cpp,3952,__vtbl_ptr_type __vt_13VehicleMaster[6];
__vt_6Master,X:/rcb/code/stable/game/guber/Master.cpp,3953,__vtbl_ptr_type __vt_6Master[6];
__vt_4Game,X:/rcb/code/stable/game/guber/Game.cpp,3959,__vtbl_ptr_type __vt_4Game[10];
TheGame,X:/rcb/code/stable/game/guber/Game.cpp,3960,Game TheGame;
s_HACKERRAY_ON_SQUARE,X:/rcb/code/stable/game/guber/Hero.cpp,3967,bool s_HACKERRAY_ON_SQUARE;
_4Hero$s_sndJuggieConstantSound,X:/rcb/code/stable/game/guber/Hero.cpp,3969,int _4Hero$s_sndJuggieConstantSound;
g_FriendlyFireOff,X:/rcb/code/stable/game/guber/Hero.cpp,3970,int g_FriendlyFireOff;
_4Hero$PlayerWalkSpeedTable,X:/rcb/code/stable/game/guber/Hero.cpp,3972,float _4Hero$PlayerWalkSpeedTable[2][4];
_4Hero$PlayerWalkStartFrames,X:/rcb/code/stable/game/guber/Hero.cpp,3973,int _4Hero$PlayerWalkStartFrames[2];
_4Hero$PlayerRunJumpTable,X:/rcb/code/stable/game/guber/Hero.cpp,3974,char _4Hero$PlayerRunJumpTable[25];
_4Hero$PlayerAnimEnvelopes,X:/rcb/code/stable/game/guber/Hero.cpp,3975,float _4Hero$PlayerAnimEnvelopes[4][25];
mp_capture_joints,X:/rcb/code/stable/game/guber/Hero.cpp,3976,int mp_capture_joints[4];
Player_ShieldPUStyle,X:/rcb/code/stable/game/guber/Hero.cpp,3977,FXU_DistortionShellStyle_t Player_ShieldPUStyle;
_4Hero$s_juggernautIndex,X:/rcb/code/stable/game/guber/Hero.cpp,3978,int _4Hero$s_juggernautIndex;
Player_vChargeBootFlameOfs,X:/rcb/code/stable/game/guber/Hero.cpp,3979,vec4 *Player_vChargeBootFlameOfs;
Player_iChargeBootFlameJoints,X:/rcb/code/stable/game/guber/Hero.cpp,3980,int Player_iChargeBootFlameJoints[2];
Player_vChargeBootCheckPos,X:/rcb/code/stable/game/guber/Hero.cpp,3981,vec4 &Player_vChargeBootCheckPos;
_4Hero$PlayerAttackDefs,X:/rcb/code/stable/game/guber/Hero.cpp,3982,HeroAttackDef _4Hero$PlayerAttackDefs[11];
player_blink_quats,X:/rcb/code/stable/game/guber/Hero.cpp,3983,vec4 *player_blink_quats;
player_blink_scales,X:/rcb/code/stable/game/guber/Hero.cpp,3984,vec4 *player_blink_scales;
player_blink_trans,X:/rcb/code/stable/game/guber/Hero.cpp,3985,vec4 *player_blink_trans;
playerConstants,X:/rcb/code/stable/game/guber/Hero.cpp,3986,HeroPlayerConstants playerConstants[1];
g_TeleportFXScale,X:/rcb/code/stable/game/guber/Hero.cpp,3989,float g_TeleportFXScale;
g_HeroName_BaseHeight,X:/rcb/code/stable/game/guber/Hero.cpp,3990,float g_HeroName_BaseHeight;
HERO_FPSgun,X:/rcb/code/stable/game/guber/Hero.cpp,3994,moby *HERO_FPSgun;
HERO_FPSoffHandGun,X:/rcb/code/stable/game/guber/Hero.cpp,3995,moby *HERO_FPSoffHandGun;
HERO_offHandMG,X:/rcb/code/stable/game/guber/Hero.cpp,3996,GadgetFPSData HERO_offHandMG;
HERO_offHandMGGangsta,X:/rcb/code/stable/game/guber/Hero.cpp,3997,GadgetFPSData HERO_offHandMGGangsta;
flagGunData,X:/rcb/code/stable/game/guber/Hero.cpp,3999,GadgetFPSData flagGunData;
HeroWpnExpUpdateTimer,X:/rcb/code/stable/game/guber/Hero.cpp,4000,int HeroWpnExpUpdateTimer;
HERO_COMMAND_LOCK_TIME,X:/rcb/code/stable/game/guber/Hero.cpp,4001,int HERO_COMMAND_LOCK_TIME;
_mp_help_yShift,X:/rcb/code/stable/game/guber/Hero.cpp,4002,int _mp_help_yShift;
__vt_4Hero,X:/rcb/code/stable/game/guber/Hero.cpp,4003,__vtbl_ptr_type __vt_4Hero[24];
mp_cache_capture_joints,X:/rcb/code/stable/game/guber/Hero.cpp,4004,int mp_cache_capture_joints[4];
g_HeroName_Visibility,X:/rcb/code/stable/game/guber/Hero.cpp,4005,char g_HeroName_Visibility[4][10];
g_respawnPrompt,X:/rcb/code/stable/game/guber/HeroTransitions.cpp,4019,char *g_respawnPrompt;
g_respawnPromptPlayer,X:/rcb/code/stable/game/guber/HeroTransitions.cpp,4020,char g_respawnPromptPlayer[4][128];
playerDrProfiles,X:/rcb/code/stable/game/guber/LocalHero.cpp,4026,tDR_Profile playerDrProfiles[1];
g_WeaponPackLerp,X:/rcb/code/stable/game/guber/LocalHero.cpp,4027,float g_WeaponPackLerp[4];
g_LastGadgetEquipped,X:/rcb/code/stable/game/guber/LocalHero.cpp,4028,int g_LastGadgetEquipped[2];
__vt_9LocalHero,X:/rcb/code/stable/game/guber/LocalHero.cpp,4029,__vtbl_ptr_type __vt_9LocalHero[24];
g_LocalHero,X:/rcb/code/stable/game/guber/LocalHero.cpp,4030,LocalHero g_LocalHero[4];
_4Hero$ObjectMemory,X:/rcb/code/stable/game/guber/LocalHero.cpp,4031,char _4Hero$ObjectMemory[156304];
_10GuberEvent$sFreeEventList,X:/rcb/code/stable/game/guber/GuberEvent.cpp,4037,GuberEvent *_10GuberEvent$sFreeEventList;
_10GuberEvent$sUsedEventList,X:/rcb/code/stable/game/guber/GuberEvent.cpp,4038,GuberEvent *_10GuberEvent$sUsedEventList;
_10GuberEvent$sDispatchEventList,X:/rcb/code/stable/game/guber/GuberEvent.cpp,4039,GuberEvent *_10GuberEvent$sDispatchEventList;
_10GuberEvent$sEventBuffer,X:/rcb/code/stable/game/guber/GuberEvent.cpp,4040,GuberEvent _10GuberEvent$sEventBuffer[256];
__vt_10RemoteHero,X:/rcb/code/stable/game/guber/RemoteHero.cpp,4047,__vtbl_ptr_type __vt_10RemoteHero[24];
g_RemoteHero,X:/rcb/code/stable/game/guber/RemoteHero.cpp,4048,RemoteHero g_RemoteHero[10];
kVehicleMPExploDamage,X:/rcb/code/stable/game/guber/Vehicle.cpp,4054,float kVehicleMPExploDamage;
kVehicleMPExploDamageRadiusPad,X:/rcb/code/stable/game/guber/Vehicle.cpp,4055,float kVehicleMPExploDamageRadiusPad;
kVehicleHealthACTTuningHealthFactors,X:/rcb/code/stable/game/guber/Vehicle.cpp,4056,float kVehicleHealthACTTuningHealthFactors[10][5];
kVehicleFlagAttachOfs,X:/rcb/code/stable/game/guber/Vehicle.cpp,4057,vec4 *kVehicleFlagAttachOfs;
gVehicle_CollisionPrep_bPrepWorkDone,X:/rcb/code/stable/game/guber/Vehicle.cpp,4058,bool gVehicle_CollisionPrep_bPrepWorkDone;
kVehicleFallDeathSmokeTime,X:/rcb/code/stable/game/guber/Vehicle.cpp,4060,int kVehicleFallDeathSmokeTime;
GBV_fHoverBikeDamagePushFactor,X:/rcb/code/stable/game/guber/Vehicle.cpp,4061,float GBV_fHoverBikeDamagePushFactor;
GBV_fHoverBikeDamagePushMin,X:/rcb/code/stable/game/guber/Vehicle.cpp,4062,float GBV_fHoverBikeDamagePushMin;
GBV_fHoverBikeDamageSlowdownFactor,X:/rcb/code/stable/game/guber/Vehicle.cpp,4064,float GBV_fHoverBikeDamageSlowdownFactor;
GBV_fHoverBikeDamageSlowdownMin,X:/rcb/code/stable/game/guber/Vehicle.cpp,4065,float GBV_fHoverBikeDamageSlowdownMin;
GBV_fHoverBikeDamageSlowdownMax,X:/rcb/code/stable/game/guber/Vehicle.cpp,4066,float GBV_fHoverBikeDamageSlowdownMax;
GB_Vehicle_TestExitPos,X:/rcb/code/stable/game/guber/Vehicle.cpp,4069,int GB_Vehicle_TestExitPos;
MPV_PreExplode_Scale,X:/rcb/code/stable/game/guber/Vehicle.cpp,4070,float MPV_PreExplode_Scale;
MPV_PreExplode_Gravity,X:/rcb/code/stable/game/guber/Vehicle.cpp,4071,float MPV_PreExplode_Gravity;
MPV_PreExplode_VelZ,X:/rcb/code/stable/game/guber/Vehicle.cpp,4072,float MPV_PreExplode_VelZ;
__vt_11VehicleBase,X:/rcb/code/stable/game/guber/Vehicle.cpp,4073,__vtbl_ptr_type __vt_11VehicleBase[10];
_7Vehicle$ObjectMemory,X:/rcb/code/stable/game/guber/Vehicle.cpp,4075,Vehicle _7Vehicle$ObjectMemory[0];
gVehicle_CollisionPrep_bHeroWasSolid,X:/rcb/code/stable/game/guber/Vehicle.cpp,4076,bool gVehicle_CollisionPrep_bHeroWasSolid[10];
gVehicle_CollisionPrep_bBotWasSolid,X:/rcb/code/stable/game/guber/Vehicle.cpp,4077,bool gVehicle_CollisionPrep_bBotWasSolid[4];
__vt_4Base,X:/rcb/code/stable/game/guber/Base.cpp,4087,__vtbl_ptr_type __vt_4Base[10];
_4Base$ObjectMemory,X:/rcb/code/stable/game/guber/Base.cpp,4088,Base _4Base$ObjectMemory[0];
_4Team$TeamColor,X:/rcb/code/stable/game/guber/Team.cpp,4094,char _4Team$TeamColor[11][3];
MP_Team_Colors,X:/rcb/code/stable/game/guber/Team.cpp,4095,int MP_Team_Colors[11];
MP_Team_Pulse_Colors,X:/rcb/code/stable/game/guber/Team.cpp,4096,int MP_Team_Pulse_Colors[11][2];
MP_Team_Light_Colors,X:/rcb/code/stable/game/guber/Team.cpp,4097,int MP_Team_Light_Colors[11][4];
MP_Team_GlowPoly_Colors,X:/rcb/code/stable/game/guber/Team.cpp,4098,int MP_Team_GlowPoly_Colors[11];
_4Team$NumTeams,X:/rcb/code/stable/game/guber/Team.cpp,4099,int _4Team$NumTeams;
__vt_4Team,X:/rcb/code/stable/game/guber/Team.cpp,4100,__vtbl_ptr_type __vt_4Team[10];
_4Team$ObjectMemory,X:/rcb/code/stable/game/guber/Team.cpp,4101,Team _4Team$ObjectMemory[0];
__vt_7Powerup,X:/rcb/code/stable/game/guber/Powerup.cpp,4107,__vtbl_ptr_type __vt_7Powerup[10];
_7Powerup$ObjectMemory,X:/rcb/code/stable/game/guber/Powerup.cpp,4108,Powerup _7Powerup$ObjectMemory[0];
_9GuberMoby$pNetMobyClassEventHandler,X:/rcb/code/stable/game/guber/GuberMoby.cpp,4114,GuberMoby *_9GuberMoby$pNetMobyClassEventHandler;
__vt_9GuberMoby,X:/rcb/code/stable/game/guber/GuberMoby.cpp,4116,__vtbl_ptr_type __vt_9GuberMoby[10];
_9GuberMoby$ObjectMemory,X:/rcb/code/stable/game/guber/GuberMoby.cpp,4117,GuberMoby _9GuberMoby$ObjectMemory[512];
_13VehicleMaster$MasterMemory,X:/rcb/code/stable/game/guber/VehicleMaster.cpp,4123,VehicleMaster _13VehicleMaster$MasterMemory[0];
_10ShotMaster$MasterMemory,X:/rcb/code/stable/game/guber/ShotMaster.cpp,4129,ShotMaster _10ShotMaster$MasterMemory[0];
_10BaseMaster$MasterMemory,X:/rcb/code/stable/game/guber/BaseMaster.cpp,4135,BaseMaster _10BaseMaster$MasterMemory[0];
__vt_10TeamMaster,X:/rcb/code/stable/game/guber/TeamMaster.cpp,4141,__vtbl_ptr_type __vt_10TeamMaster[6];
_10TeamMaster$MasterMemory,X:/rcb/code/stable/game/guber/TeamMaster.cpp,4142,TeamMaster _10TeamMaster$MasterMemory[0];
_13PowerupMaster$MasterMemory,X:/rcb/code/stable/game/guber/PowerupMaster.cpp,4148,PowerupMaster _13PowerupMaster$MasterMemory[0];
__vt_15GuberMobyMaster,X:/rcb/code/stable/game/guber/GuberMobyMaster.cpp,4154,__vtbl_ptr_type __vt_15GuberMobyMaster[6];
_15GuberMobyMaster$MasterMemory,X:/rcb/code/stable/game/guber/GuberMobyMaster.cpp,4155,GuberMobyMaster _15GuberMobyMaster$MasterMemory[512];
_9GadgetBox$g_AmmoModChart,X:/rcb/code/stable/game/guber/Gadget.cpp,4178,int _9GadgetBox$g_AmmoModChart[20];
_9GadgetBox$g_BasicModUpgChart,X:/rcb/code/stable/game/guber/Gadget.cpp,4179,GadgetUpgMods _9GadgetBox$g_BasicModUpgChart[20];
_9GadgetBox$g_GadgetLevels,X:/rcb/code/stable/game/guber/Gadget.cpp,4180,GadgetLevels _9GadgetBox$g_GadgetLevels[20];
_9GadgetBox$g_GadgetMegaLevelInfos,X:/rcb/code/stable/game/guber/Gadget.cpp,4181,GadgetMegaLevelInfo _9GadgetBox$g_GadgetMegaLevelInfos[20];
VendorGadgets,X:/rcb/code/stable/game/guber/Gadget.cpp,4182,GadgetAvailability VendorGadgets[0];
_9GadgetBox$g_GadgetLevelDefs,X:/rcb/code/stable/game/guber/Gadget.cpp,4183,GadgetLevelDef _9GadgetBox$g_GadgetLevelDefs[117];
_9GadgetBox$g_GadgetDefs,X:/rcb/code/stable/game/guber/Gadget.cpp,4184,GadgetDef _9GadgetBox$g_GadgetDefs[20];
GB_iCanvas02,X:/rcb/code/stable/game/guber/GadgetBox.cpp,4194,int GB_iCanvas02;
GB_msg01,X:/rcb/code/stable/game/guber/GadgetBox.cpp,4195,char GB_msg01[128];
GB_msg02,X:/rcb/code/stable/game/guber/GadgetBox.cpp,4196,char GB_msg02[128];
_8LevelBox$gMapDefs,X:/rcb/code/stable/game/guber/LevelBox.cpp,4203,MapDef _8LevelBox$gMapDefs[7];
_8LevelBox$gLevelDefs,X:/rcb/code/stable/game/guber/LevelBox.cpp,4204,LevelDef _8LevelBox$gLevelDefs[13];
_8LevelBox$gPostMissionSceneDefs,X:/rcb/code/stable/game/guber/LevelBox.cpp,4206,PostMissionSceneDef _8LevelBox$gPostMissionSceneDefs[7];
_8LevelBox$gSkillPointDefs,X:/rcb/code/stable/game/guber/LevelBox.cpp,4207,SkillPointDef _8LevelBox$gSkillPointDefs[189];
_8LevelBox$gSkillPointListCompleteIndices,X:/rcb/code/stable/game/guber/LevelBox.cpp,4208,int _8LevelBox$gSkillPointListCompleteIndices[20];
DMG_ImpactMomentumMult,X:/rcb/code/stable/game/guber/Mods.cpp,4214,float DMG_ImpactMomentumMult;
_9GadgetBox$g_Mod_Basic_Defs,X:/rcb/code/stable/game/guber/Mods.cpp,4215,ModBasicDef _9GadgetBox$g_Mod_Basic_Defs[9];
_9GadgetBox$g_Mod_Weapon_Defs,X:/rcb/code/stable/game/guber/Mods.cpp,4217,ModWeaponDef _9GadgetBox$g_Mod_Weapon_Defs[7];
tm_sLoadingString,X:/rcb/code/stable/game/transitionmulti.cpp,4239,char *tm_sLoadingString[6];
g_Overlay_XStartFactor,X:/rcb/code/stable/game/transitionmulti.cpp,4243,float g_Overlay_XStartFactor;
g_Overlay_YStartFactor,X:/rcb/code/stable/game/transitionmulti.cpp,4245,float g_Overlay_YStartFactor;
g_Overlay_YEndFactor,X:/rcb/code/stable/game/transitionmulti.cpp,4246,float g_Overlay_YEndFactor;
g_Splash_fHeightFactor,X:/rcb/code/stable/game/transitionmulti.cpp,4248,float g_Splash_fHeightFactor;
g_Splash_Bottom_x,X:/rcb/code/stable/game/transitionmulti.cpp,4254,float g_Splash_Bottom_x;
__DTOR_LIST__,/usr/local/sce/ee/gcc/src/gcc/libgcc2.c,4386,func_ptr __DTOR_LIST__[2];
gACodecGSMInterfacePtr,/public/work/210/dme_client/src/DmeInterfaceManager.c,4808,ACODEC_INTERFACE *gACodecGSMInterfacePtr;
gPingInfo,/public/work/210/dme_client/src/DmeLocal.c,4826,NetTypePingInfo gPingInfo[127];
gpfReallocCallback,/public/work/210/rt_util/rt_memory.c,4878,pf_rt_memory_realloc_callback gpfReallocCallback;
PRIME_START,/public/work/210/rt_crypt/src/LargeInt.c,4933,unsigned int PRIME_START;
gbMyClientIsJoined,/public/work/210/dme_object/src/ClientMgr.c,5022,RT_BOOL gbMyClientIsJoined;
gszrtObjectVersionString,/public/work/210/dme_object/src/DmeObject.c,5028,char gszrtObjectVersionString[26];
MBILL_SCEA_BSP,/public/work/210/MediusClientLibrary/src/MediusBilling.c,5062,char MBILL_SCEA_BSP[5];
MBILL_SCEJ_BSP,/public/work/210/MediusClientLibrary/src/MediusBilling.c,5064,char MBILL_SCEJ_BSP[5];
MediusBillingTunnelCallbackFunctionPtr,/public/work/210/MediusClientLibrary/src/MediusBilling.c,5066,MediusTypeBillingTunnelCallback MediusBillingTunnelCallbackFunctionPtr;
MediusBillingInfoCallbackFunctionPtr,/public/work/210/MediusClientLibrary/src/MediusBilling.c,5067,MediusTypeBillingInfoCallback MediusBillingInfoCallbackFunctionPtr;
MediusBillingLoginCallbackFunctionPtr,/public/work/210/MediusClientLibrary/src/MediusBilling.c,5068,MediusTypeBillingLoginCallback MediusBillingLoginCallbackFunctionPtr;
MediusBillingListCallbackFunctionPtr,/public/work/210/MediusClientLibrary/src/MediusBilling.c,5069,MediusTypeBillingListCallback MediusBillingListCallbackFunctionPtr;
MediusBillingDetailCallbackFunctionPtr,/public/work/210/MediusClientLibrary/src/MediusBilling.c,5070,MediusTypeBillingDetailCallback MediusBillingDetailCallbackFunctionPtr;
MediusProductPurchaseCallbackFunctionPtr,/public/work/210/MediusClientLibrary/src/MediusBilling.c,5071,MediusTypeProductPurchaseCallback MediusProductPurchaseCallbackFunctionPtr;
gPostDebugEnabled,/public/work/210/MediusClientLibrary/src/MediusClient.c,5085,int gPostDebugEnabled;
MediusDList_I,/public/work/210/MediusDList/src/MediusDList.c,5112,MediusDListInterface_ MediusDList_I;
MEDIUS_PLIST_PLAYER_ID_DEF,/public/work/210/MediusDList/src/MediusDPlayerList.c,5132,MediusDFieldDef_ MEDIUS_PLIST_PLAYER_ID_DEF;
MEDIUS_PLIST_PLAYER_NAME_DEF,/public/work/210/MediusDList/src/MediusDPlayerList.c,5137,MediusDFieldDef_ MEDIUS_PLIST_PLAYER_NAME_DEF;
MEDIUS_PLIST_PLAYER_STATUS_DEF,/public/work/210/MediusDList/src/MediusDPlayerList.c,5142,MediusDFieldDef_ MEDIUS_PLIST_PLAYER_STATUS_DEF;
MEDIUS_PLIST_LOBBY_ID_DEF,/public/work/210/MediusDList/src/MediusDPlayerList.c,5147,MediusDFieldDef_ MEDIUS_PLIST_LOBBY_ID_DEF;
MEDIUS_PLIST_LOBBY_NAME_DEF,/public/work/210/MediusDList/src/MediusDPlayerList.c,5152,MediusDFieldDef_ MEDIUS_PLIST_LOBBY_NAME_DEF;
MEDIUS_PLIST_GAME_ID_DEF,/public/work/210/MediusDList/src/MediusDPlayerList.c,5157,MediusDFieldDef_ MEDIUS_PLIST_GAME_ID_DEF;
MEDIUS_PLIST_GAME_NAME_DEF,/public/work/210/MediusDList/src/MediusDPlayerList.c,5162,MediusDFieldDef_ MEDIUS_PLIST_GAME_NAME_DEF;
MEDIUS_PLIST_UNAME_DEF,/public/work/210/MediusDList/src/MediusDPlayerList.c,5167,MediusDFieldDef_ MEDIUS_PLIST_UNAME_DEF;
MEDIUS_PLIST_TITLE_NAME_DEF,/public/work/210/MediusDList/src/MediusDPlayerList.c,5172,MediusDFieldDef_ MEDIUS_PLIST_TITLE_NAME_DEF;
MEDIUS_PLIST_ONLINE_DEF,/public/work/210/MediusDList/src/MediusDPlayerList.c,5177,MediusDFieldDef_ MEDIUS_PLIST_ONLINE_DEF;
MEDIUS_PLIST_PLAYER_STATS_DEF,/public/work/210/MediusDList/src/MediusDPlayerList.c,5182,MediusDFieldDef_ MEDIUS_PLIST_PLAYER_STATS_DEF;
MediusDType_PI,/public/work/210/MediusDList/src/MediusDType.c,5188,MediusDTypePInterface_ MediusDType_PI;
MediusDType_I,/public/work/210/MediusDList/src/MediusDType.c,5189,MediusDTypeInterface_ MediusDType_I;
G_MFS_uiClientUploadDataSize,/public/work/210/MediusClientLibrary/src/MediusFileServices.c,5196,unsigned int G_MFS_uiClientUploadDataSize;
SSL_CK_RC4_128_EXPORT40_WITH_MD5,/public/work/210/rt_ssl/src/ClientMsg.c,5239,cypher_spec SSL_CK_RC4_128_EXPORT40_WITH_MD5;
SSL_CK_RC2_128_CBC_EXPORT40_WITH_MD5,/public/work/210/rt_ssl/src/ClientMsg.c,5241,cypher_spec SSL_CK_RC2_128_CBC_EXPORT40_WITH_MD5;
SSL_CK_DES_64_CBC_WITH_MD5,/public/work/210/rt_ssl/src/ClientMsg.c,5243,cypher_spec SSL_CK_DES_64_CBC_WITH_MD5;
SSL_NULL_WITH_NULL_NULL,/public/work/210/rt_ssl/src/ClientMsg.c,5245,cypher_spec SSL_NULL_WITH_NULL_NULL;
SSL_RSA_WITH_NULL_SHA,/public/work/210/rt_ssl/src/ClientMsg.c,5247,cypher_spec SSL_RSA_WITH_NULL_SHA;
SSL_RSA_EXPORT_WITH_RC2_CBC_40_MD5,/public/work/210/rt_ssl/src/ClientMsg.c,5251,cypher_spec SSL_RSA_EXPORT_WITH_RC2_CBC_40_MD5;
SSL_RSA_EXPORT_WITH_DES40_CBC_SHA,/public/work/210/rt_ssl/src/ClientMsg.c,5253,cypher_spec SSL_RSA_EXPORT_WITH_DES40_CBC_SHA;
SSL_RSA_WITH_3DES_EDE_CBC_SHA,/public/work/210/rt_ssl/src/ClientMsg.c,5255,cypher_spec SSL_RSA_WITH_3DES_EDE_CBC_SHA;
SSL_DH_DSS_WITH_DES_CBC_SHA,/public/work/210/rt_ssl/src/ClientMsg.c,5257,cypher_spec SSL_DH_DSS_WITH_DES_CBC_SHA;
SSL_DH_RSA_EXPORT_WITH_DES40_CBC_SHA,/public/work/210/rt_ssl/src/ClientMsg.c,5259,cypher_spec SSL_DH_RSA_EXPORT_WITH_DES40_CBC_SHA;
SSL_DH_RSA_WITH_3DES_EDE_CBC_SHA,/public/work/210/rt_ssl/src/ClientMsg.c,5261,cypher_spec SSL_DH_RSA_WITH_3DES_EDE_CBC_SHA;
SSL_DHE_DSS_WITH_DES_CBC_SHA,/public/work/210/rt_ssl/src/ClientMsg.c,5263,cypher_spec SSL_DHE_DSS_WITH_DES_CBC_SHA;
SSL_DHE_RSA_EXPORT_WITH_DES40_CBC_SHA,/public/work/210/rt_ssl/src/ClientMsg.c,5265,cypher_spec SSL_DHE_RSA_EXPORT_WITH_DES40_CBC_SHA;
SSL_DHE_RSA_WITH_3DES_EDE_CBC_SHA,/public/work/210/rt_ssl/src/ClientMsg.c,5267,cypher_spec SSL_DHE_RSA_WITH_3DES_EDE_CBC_SHA;
SSL_DH_anon_WITH_RC4_128_MD5,/public/work/210/rt_ssl/src/ClientMsg.c,5269,cypher_spec SSL_DH_anon_WITH_RC4_128_MD5;
SSL_DH_anon_WITH_DES_CBC_SHA,/public/work/210/rt_ssl/src/ClientMsg.c,5271,cypher_spec SSL_DH_anon_WITH_DES_CBC_SHA;
SSL_FORTEZZA_DMS_WITH_NULL_SHA,/public/work/210/rt_ssl/src/ClientMsg.c,5273,cypher_spec SSL_FORTEZZA_DMS_WITH_NULL_SHA;
gPreMasterSecret,/public/work/210/rt_ssl/src/master_secret.c,5291,unsigned char gPreMasterSecret[48];
gClientRandom,/public/work/210/rt_ssl/src/master_secret.c,5292,unsigned char gClientRandom[32];
gServerRandom,/public/work/210/rt_ssl/src/master_secret.c,5293,unsigned char gServerRandom[32];
gMasterSecret,/public/work/210/rt_ssl/src/master_secret.c,5294,unsigned char gMasterSecret[48];
gKeyBlock,/public/work/210/rt_ssl/src/master_secret.c,5295,unsigned char gKeyBlock[112];
gClientMac,/public/work/210/rt_ssl/src/master_secret.c,5296,unsigned char gClientMac[16];
gServerMac,/public/work/210/rt_ssl/src/master_secret.c,5297,unsigned char gServerMac[16];
gClientKey,/public/work/210/rt_ssl/src/master_secret.c,5298,unsigned char gClientKey[16];
gServerKey,/public/work/210/rt_ssl/src/master_secret.c,5299,unsigned char gServerKey[16];
__vt_10HttpSecure,/home/abrunstetter/public/HEAD/SVO3/client/core/HttpSecure.cpp,5345,__vtbl_ptr_type __vt_10HttpSecure[29];
gHttpsInterfacePtr,/home/abrunstetter/public/HEAD/SVO3/client/core/HttpSecure.cpp,5346,HTTPS_INTERFACE gHttpsInterfacePtr;
_10HttpSecure$m_rtTimeStamp,/home/abrunstetter/public/HEAD/SVO3/client/core/HttpSecure.cpp,5347,RT_TIME_STAMP _10HttpSecure$m_rtTimeStamp;
_10HttpSecure$m_secondsSinceEpoch,/home/abrunstetter/public/HEAD/SVO3/client/core/HttpSecure.cpp,5348,RT_U4BYTE _10HttpSecure$m_secondsSinceEpoch;
_TagName,/home/abrunstetter/public/HEAD/SVO3/client/core/CPage.cpp,5354,char *_TagName;
_5CPage$m_contextData,/home/abrunstetter/public/HEAD/SVO3/client/core/CPage.cpp,5355,CAllContextData_t _5CPage$m_contextData;
_4Http$gTimeoutFrameDuration,/home/abrunstetter/public/HEAD/SVO3/client/core/CHttp.cpp,5361,int _4Http$gTimeoutFrameDuration;
__vt_4Http,/home/abrunstetter/public/HEAD/SVO3/client/core/CHttp.cpp,5362,__vtbl_ptr_type __vt_4Http[23];
_16CDrawContextBase$s_tagid,/home/abrunstetter/public/HEAD/SVO3/client/core/CDrawContextBase.cpp,5368,unsigned int _16CDrawContextBase$s_tagid;
_16CDrawContextBase$s_throbberCnt,/home/abrunstetter/public/HEAD/SVO3/client/core/CDrawContextBase.cpp,5369,unsigned int _16CDrawContextBase$s_throbberCnt;
__vt_16CDrawContextBase,/home/abrunstetter/public/HEAD/SVO3/client/core/CDrawContextBase.cpp,5370,__vtbl_ptr_type __vt_16CDrawContextBase[40];
SVOCreateGameStatusStrings,/home/abrunstetter/public/HEAD/SVO3/client/core/CSystemContextBase.cpp,5376,char *SVOCreateGameStatusStrings[23];
SVOJoinGameResultStrings,/home/abrunstetter/public/HEAD/SVO3/client/core/CSystemContextBase.cpp,5377,char *SVOJoinGameResultStrings[2];
SVOLoginStatusStrings,/home/abrunstetter/public/HEAD/SVO3/client/core/CSystemContextBase.cpp,5378,char *SVOLoginStatusStrings[2];
__vt_18CSystemContextBase,/home/abrunstetter/public/HEAD/SVO3/client/core/CSystemContextBase.cpp,5379,__vtbl_ptr_type __vt_18CSystemContextBase[16];
_6CError$errorStr,/home/abrunstetter/public/HEAD/SVO3/client/core/CError.cpp,5385,char _6CError$errorStr[512];
_6CError$gRTimeErrorCode,/home/abrunstetter/public/HEAD/SVO3/client/core/CError.cpp,5386,int _6CError$gRTimeErrorCode;
_6CError$m_errorCode,/home/abrunstetter/public/HEAD/SVO3/client/core/CError.cpp,5387,int _6CError$m_errorCode;
__vt_17CAudioContextBase,/home/abrunstetter/public/HEAD/SVO3/client/core/CAudioContextBase.cpp,5393,__vtbl_ptr_type __vt_17CAudioContextBase[5];
__vt_17CInputContextBase,/home/abrunstetter/public/HEAD/SVO3/client/core/CInputContextBase.cpp,5399,__vtbl_ptr_type __vt_17CInputContextBase[20];
SVO_CONFIG_PREFIX,/home/abrunstetter/public/HEAD/SVO3/client/core/CConfig.cpp,5405,char *SVO_CONFIG_PREFIX;
_9SVBrowser$m_targetTypeStrings,/home/abrunstetter/public/HEAD/SVO3/client/core/SVBrowser.cpp,5415,char *_9SVBrowser$m_targetTypeStrings[4];
requestStatus,/home/abrunstetter/public/HEAD/SVO3/client/core/SVBrowser.cpp,5417,CG_DL_STATUS requestStatus;
_9CMemChunk$id_count,/home/abrunstetter/public/HEAD/SVO3/client/core/CMemoryContextBase.cpp,5429,int _9CMemChunk$id_count;
__vt_7TextTag,/home/abrunstetter/public/HEAD/SVO3/client/core/TextTag.cpp,5452,__vtbl_ptr_type __vt_7TextTag[22];
_13TextTagModule$s_instance,/home/abrunstetter/public/HEAD/SVO3/client/core/TextTagModule.cpp,5458,TextTagModule *_13TextTagModule$s_instance;
__vt_13TextTagModule,/home/abrunstetter/public/HEAD/SVO3/client/core/TextTagModule.cpp,5459,__vtbl_ptr_type __vt_13TextTagModule[13];
_15SVTagModuleList$s_instance,/home/abrunstetter/public/HEAD/SVO3/client/core/SVTagModuleList.cpp,5465,SVTagModuleList *_15SVTagModuleList$s_instance;
_link_option_strings,/home/abrunstetter/public/HEAD/SVO3/client/core/TagUtils.cpp,5471,char *_link_option_strings[9];
__vt_11SVTagModule,/home/abrunstetter/public/HEAD/SVO3/client/core/SVTagModule.cpp,5477,__vtbl_ptr_type __vt_11SVTagModule[13];
__vt_5SVTag,/home/abrunstetter/public/HEAD/SVO3/client/core/SVTag.cpp,5483,__vtbl_ptr_type __vt_5SVTag[21];
_10RTCommSock$guiRTCommSockSendBufferSize,/home/abrunstetter/public/HEAD/SVO3/client/core/RTCommSock.cpp,5493,unsigned int _10RTCommSock$guiRTCommSockSendBufferSize;
__vt_10RTCommSock,/home/abrunstetter/public/HEAD/SVO3/client/core/RTCommSock.cpp,5494,__vtbl_ptr_type __vt_10RTCommSock[21];
__vt_12SVRTCommAddr,/home/abrunstetter/public/HEAD/SVO3/client/core/RTCommSock.cpp,5495,__vtbl_ptr_type __vt_12SVRTCommAddr[4];
_10RTCommSock$m_bDNSLookupFinished,/home/abrunstetter/public/HEAD/SVO3/client/core/RTCommSock.cpp,5497,SVBOOL _10RTCommSock$m_bDNSLookupFinished;
__vt_6SVSock,/home/abrunstetter/public/HEAD/SVO3/client/core/RTCommSock.cpp,5498,__vtbl_ptr_type __vt_6SVSock[21];
__vt_6SVSock,/home/abrunstetter/public/HEAD/SVO3/client/core/SVSock.cpp,5505,__vtbl_ptr_type __vt_6SVSock[21];
__vt_6SVAddr,/home/abrunstetter/public/HEAD/SVO3/client/core/RTCommSock.cpp,5499,__vtbl_ptr_type __vt_6SVAddr[4];
__vt_9ButtonTag,/home/abrunstetter/public/HEAD/SVO3/client/core/buttonTag.cpp,5511,__vtbl_ptr_type __vt_9ButtonTag[22];
_15ButtonTagModule$s_instance,/home/abrunstetter/public/HEAD/SVO3/client/core/ButtonTagModule.cpp,5517,ButtonTagModule *_15ButtonTagModule$s_instance;
__vt_15ButtonTagModule,/home/abrunstetter/public/HEAD/SVO3/client/core/ButtonTagModule.cpp,5518,__vtbl_ptr_type __vt_15ButtonTagModule[13];
_gradient_color_strings,/home/abrunstetter/public/HEAD/SVO3/client/core/RectangleTag.cpp,5524,char *_gradient_color_strings[4];
__vt_12RectangleTag,/home/abrunstetter/public/HEAD/SVO3/client/core/RectangleTag.cpp,5525,__vtbl_ptr_type __vt_12RectangleTag[22];
_13LineTagModule$s_instance,/home/abrunstetter/public/HEAD/SVO3/client/core/LineTagModule.cpp,5531,LineTagModule *_13LineTagModule$s_instance;
__vt_13LineTagModule,/home/abrunstetter/public/HEAD/SVO3/client/core/LineTagModule.cpp,5532,__vtbl_ptr_type __vt_13LineTagModule[13];
__vt_14SetVariableTag,/home/abrunstetter/public/HEAD/SVO3/client/core/SetVariableTag.cpp,5538,__vtbl_ptr_type __vt_14SetVariableTag[22];
_20SetVariableTagModule$s_instance,/home/abrunstetter/public/HEAD/SVO3/client/core/SetVariableTagModule.cpp,5544,SetVariableTagModule *_20SetVariableTagModule$s_instance;
__vt_20SetVariableTagModule,/home/abrunstetter/public/HEAD/SVO3/client/core/SetVariableTagModule.cpp,5545,__vtbl_ptr_type __vt_20SetVariableTagModule[13];
_18RectangleTagModule$s_instance,/home/abrunstetter/public/HEAD/SVO3/client/core/RectangleTagModule.cpp,5551,RectangleTagModule *_18RectangleTagModule$s_instance;
__vt_18RectangleTagModule,/home/abrunstetter/public/HEAD/SVO3/client/core/RectangleTagModule.cpp,5552,__vtbl_ptr_type __vt_18RectangleTagModule[13];
__vt_7LineTag,/home/abrunstetter/public/HEAD/SVO3/client/core/LineTag.cpp,5558,__vtbl_ptr_type __vt_7LineTag[22];
__vt_12QuickLinkTag,/home/abrunstetter/public/HEAD/SVO3/client/core/QuickLinkTag.cpp,5564,__vtbl_ptr_type __vt_12QuickLinkTag[22];
_18QuickLinkTagModule$s_instance,/home/abrunstetter/public/HEAD/SVO3/client/core/QuickLinkTagModule.cpp,5570,QuickLinkTagModule *_18QuickLinkTagModule$s_instance;
__vt_18QuickLinkTagModule,/home/abrunstetter/public/HEAD/SVO3/client/core/QuickLinkTagModule.cpp,5571,__vtbl_ptr_type __vt_18QuickLinkTagModule[13];
emptyString,/home/abrunstetter/public/HEAD/SVO3/client/core/SelectTag.cpp,5577,char *emptyString;
__vt_9SelectTag,/home/abrunstetter/public/HEAD/SVO3/client/core/SelectTag.cpp,5578,__vtbl_ptr_type __vt_9SelectTag[22];
_15SelectTagModule$s_instance,/home/abrunstetter/public/HEAD/SVO3/client/core/SelectTagModule.cpp,5584,SelectTagModule *_15SelectTagModule$s_instance;
__vt_15SelectTagModule,/home/abrunstetter/public/HEAD/SVO3/client/core/SelectTagModule.cpp,5585,__vtbl_ptr_type __vt_15SelectTagModule[13];
_14ImageTagModule$s_instance,/home/abrunstetter/public/HEAD/SVO3/client/core/ImageTagModule.cpp,5591,ImageTagModule *_14ImageTagModule$s_instance;
__vt_14ImageTagModule,/home/abrunstetter/public/HEAD/SVO3/client/core/ImageTagModule.cpp,5592,__vtbl_ptr_type __vt_14ImageTagModule[13];
_image_type_strings,/home/abrunstetter/public/HEAD/SVO3/client/core/ImageTag.cpp,5598,char *_image_type_strings[4];
__vt_8ImageTag,/home/abrunstetter/public/HEAD/SVO3/client/core/ImageTag.cpp,5599,__vtbl_ptr_type __vt_8ImageTag[22];
_20StaticImageTagModule$s_instance,/home/abrunstetter/public/HEAD/SVO3/client/core/StaticImageTagModule.cpp,5605,StaticImageTagModule *_20StaticImageTagModule$s_instance;
__vt_20StaticImageTagModule,/home/abrunstetter/public/HEAD/SVO3/client/core/StaticImageTagModule.cpp,5606,__vtbl_ptr_type __vt_20StaticImageTagModule[13];
__vt_14StaticImageTag,/home/abrunstetter/public/HEAD/SVO3/client/core/StaticImageTag.cpp,5612,__vtbl_ptr_type __vt_14StaticImageTag[22];
__vt_11TextAreaTag,/home/abrunstetter/public/HEAD/SVO3/client/core/TextAreaTag.cpp,5618,__vtbl_ptr_type __vt_11TextAreaTag[30];
_17TextAreaTagModule$s_instance,/home/abrunstetter/public/HEAD/SVO3/client/core/TextAreaTagModule.cpp,5624,TextAreaTagModule *_17TextAreaTagModule$s_instance;
__vt_17TextAreaTagModule,/home/abrunstetter/public/HEAD/SVO3/client/core/TextAreaTagModule.cpp,5625,__vtbl_ptr_type __vt_17TextAreaTagModule[13];
__vt_12TextInputTag,/home/abrunstetter/public/HEAD/SVO3/client/core/TextInputTag.cpp,5631,__vtbl_ptr_type __vt_12TextInputTag[33];
_18TextInputTagModule$s_instance,/home/abrunstetter/public/HEAD/SVO3/client/core/TextInputTagModule.cpp,5637,TextInputTagModule *_18TextInputTagModule$s_instance;
__vt_18TextInputTagModule,/home/abrunstetter/public/HEAD/SVO3/client/core/TextInputTagModule.cpp,5638,__vtbl_ptr_type __vt_18TextInputTagModule[13];
__vt_16PasswordInputTag,/home/abrunstetter/public/HEAD/SVO3/client/core/PasswordInputTag.cpp,5648,__vtbl_ptr_type __vt_16PasswordInputTag[33];
_22PasswordInputTagModule$s_instance,/home/abrunstetter/public/HEAD/SVO3/client/core/PasswordInputTagModule.cpp,5654,PasswordInputTagModule *_22PasswordInputTagModule$s_instance;
__vt_22PasswordInputTagModule,/home/abrunstetter/public/HEAD/SVO3/client/core/PasswordInputTagModule.cpp,5655,__vtbl_ptr_type __vt_22PasswordInputTagModule[13];
__vt_13RadioInputTag,/home/abrunstetter/public/HEAD/SVO3/client/core/RadioInputTag.cpp,5661,__vtbl_ptr_type __vt_13RadioInputTag[22];
_19RadioInputTagModule$s_instance,/home/abrunstetter/public/HEAD/SVO3/client/core/RadioInputTagModule.cpp,5667,RadioInputTagModule *_19RadioInputTagModule$s_instance;
__vt_19RadioInputTagModule,/home/abrunstetter/public/HEAD/SVO3/client/core/RadioInputTagModule.cpp,5668,__vtbl_ptr_type __vt_19RadioInputTagModule[13];
__vt_16CheckboxInputTag,/home/abrunstetter/public/HEAD/SVO3/client/core/CheckboxInputTag.cpp,5674,__vtbl_ptr_type __vt_16CheckboxInputTag[22];
_22CheckboxInputTagModule$s_instance,/home/abrunstetter/public/HEAD/SVO3/client/core/CheckboxInputTagModule.cpp,5680,CheckboxInputTagModule *_22CheckboxInputTagModule$s_instance;
__vt_22CheckboxInputTagModule,/home/abrunstetter/public/HEAD/SVO3/client/core/CheckboxInputTagModule.cpp,5681,__vtbl_ptr_type __vt_22CheckboxInputTagModule[13];
__vt_7FormTag,/home/abrunstetter/public/HEAD/SVO3/client/core/FormTag.cpp,5687,__vtbl_ptr_type __vt_7FormTag[22];
_13FormTagModule$s_instance,/home/abrunstetter/public/HEAD/SVO3/client/core/FormTagModule.cpp,5693,FormTagModule *_13FormTagModule$s_instance;
__vt_13FormTagModule,/home/abrunstetter/public/HEAD/SVO3/client/core/FormTagModule.cpp,5694,__vtbl_ptr_type __vt_13FormTagModule[13];
__vt_14SubmitInputTag,/home/abrunstetter/public/HEAD/SVO3/client/core/SubmitInputTag.cpp,5700,__vtbl_ptr_type __vt_14SubmitInputTag[22];
_20SubmitInputTagModule$s_instance,/home/abrunstetter/public/HEAD/SVO3/client/core/SubmitInputTagModule.cpp,5706,SubmitInputTagModule *_20SubmitInputTagModule$s_instance;
__vt_20SubmitInputTagModule,/home/abrunstetter/public/HEAD/SVO3/client/core/SubmitInputTagModule.cpp,5707,__vtbl_ptr_type __vt_20SubmitInputTagModule[13];
__vt_9LogoutTag,/home/abrunstetter/public/HEAD/SVO3/client/core/LogoutTag.cpp,5713,__vtbl_ptr_type __vt_9LogoutTag[22];
_15LogoutTagModule$s_instance,/home/abrunstetter/public/HEAD/SVO3/client/core/LogoutTagModule.cpp,5719,LogoutTagModule *_15LogoutTagModule$s_instance;
__vt_15LogoutTagModule,/home/abrunstetter/public/HEAD/SVO3/client/core/LogoutTagModule.cpp,5720,__vtbl_ptr_type __vt_15LogoutTagModule[13];
__vt_7GridTag,/home/abrunstetter/public/HEAD/SVO3/client/core/GridTag.cpp,5728,__vtbl_ptr_type __vt_7GridTag[22];
_13GridTagModule$s_instance,/home/abrunstetter/public/HEAD/SVO3/client/core/GridTagModule.cpp,5734,GridTagModule *_13GridTagModule$s_instance;
__vt_13GridTagModule,/home/abrunstetter/public/HEAD/SVO3/client/core/GridTagModule.cpp,5735,__vtbl_ptr_type __vt_13GridTagModule[13];
__vt_8PopupTag,/home/abrunstetter/public/HEAD/SVO3/client/core/PopupTag.cpp,5741,__vtbl_ptr_type __vt_8PopupTag[22];
_14PopupTagModule$s_instance,/home/abrunstetter/public/HEAD/SVO3/client/core/PopupTagModule.cpp,5747,PopupTagModule *_14PopupTagModule$s_instance;
__vt_14PopupTagModule,/home/abrunstetter/public/HEAD/SVO3/client/core/PopupTagModule.cpp,5748,__vtbl_ptr_type __vt_14PopupTagModule[13];
__vt_14HiddenInputTag,/home/abrunstetter/public/HEAD/SVO3/client/core/HiddenInputTag.cpp,5754,__vtbl_ptr_type __vt_14HiddenInputTag[22];
_20HiddenInputTagModule$s_instance,/home/abrunstetter/public/HEAD/SVO3/client/core/HiddenInputTagModule.cpp,5760,HiddenInputTagModule *_20HiddenInputTagModule$s_instance;
__vt_20HiddenInputTagModule,/home/abrunstetter/public/HEAD/SVO3/client/core/HiddenInputTagModule.cpp,5761,__vtbl_ptr_type __vt_20HiddenInputTagModule[13];
__vt_11RedirectTag,/home/abrunstetter/public/HEAD/SVO3/client/core/RedirectTag.cpp,5771,__vtbl_ptr_type __vt_11RedirectTag[22];
_17RedirectTagModule$s_instance,/home/abrunstetter/public/HEAD/SVO3/client/core/RedirectTagModule.cpp,5777,RedirectTagModule *_17RedirectTagModule$s_instance;
__vt_17RedirectTagModule,/home/abrunstetter/public/HEAD/SVO3/client/core/RedirectTagModule.cpp,5778,__vtbl_ptr_type __vt_17RedirectTagModule[13];
__vt_7DataTag,/home/abrunstetter/public/HEAD/SVO3/client/core/DataTag.cpp,5789,__vtbl_ptr_type __vt_7DataTag[22];
_13DataTagModule$s_instance,/home/abrunstetter/public/HEAD/SVO3/client/core/DataTagModule.cpp,5795,DataTagModule *_13DataTagModule$s_instance;
__vt_13DataTagModule,/home/abrunstetter/public/HEAD/SVO3/client/core/DataTagModule.cpp,5796,__vtbl_ptr_type __vt_13DataTagModule[13];
__vt_11CPluginBase,/home/abrunstetter/public/HEAD/SVO3/client/core/CPluginBase.cpp,5802,__vtbl_ptr_type __vt_11CPluginBase[16];
__vt_10ListBoxTag,/home/abrunstetter/public/HEAD/SVO3/client/core/ListBoxTag.cpp,5812,__vtbl_ptr_type __vt_10ListBoxTag[40];
_16ListBoxTagModule$s_instance,/home/abrunstetter/public/HEAD/SVO3/client/core/ListBoxTagModule.cpp,5818,ListBoxTagModule *_16ListBoxTagModule$s_instance;
__vt_16ListBoxTagModule,/home/abrunstetter/public/HEAD/SVO3/client/core/ListBoxTagModule.cpp,5819,__vtbl_ptr_type __vt_16ListBoxTagModule[13];
_15PageIDTagModule$s_instance,/home/abrunstetter/public/HEAD/SVO3/client/core/PageIDTagModule.cpp,5825,PageIDTagModule *_15PageIDTagModule$s_instance;
__vt_15PageIDTagModule,/home/abrunstetter/public/HEAD/SVO3/client/core/PageIDTagModule.cpp,5826,__vtbl_ptr_type __vt_15PageIDTagModule[13];
__vt_9PageIDTag,/home/abrunstetter/public/HEAD/SVO3/client/core/PageIDTag.cpp,5832,__vtbl_ptr_type __vt_9PageIDTag[22];
_10CHttpUtils$gEntityMap,/home/abrunstetter/public/HEAD/SVO3/client/core/HttpUtils.cpp,5838,HTTPEntity _10CHttpUtils$gEntityMap[9];
_10CHttpUtils$gInvalidChars,/home/abrunstetter/public/HEAD/SVO3/client/core/HttpUtils.cpp,5839,char *_10CHttpUtils$gInvalidChars;
__vt_18IURISchemeProvider,/home/abrunstetter/public/HEAD/SVO3/client/core/URISchemeMgr.cpp,5845,__vtbl_ptr_type __vt_18IURISchemeProvider[10];
__vt_14DownloadBinary,/home/abrunstetter/public/HEAD/SVO3/client/core/DownloadBinary.cpp,5851,__vtbl_ptr_type __vt_14DownloadBinary[4];
_14LoginTagModule$s_instance,/home/abrunstetter/public/HEAD/SVO3/client/core/LoginTagModule.cpp,5857,LoginTagModule *_14LoginTagModule$s_instance;
__vt_14LoginTagModule,/home/abrunstetter/public/HEAD/SVO3/client/core/LoginTagModule.cpp,5859,__vtbl_ptr_type __vt_14LoginTagModule[13];
__vt_8ParseXML,/home/abrunstetter/public/HEAD/SVO3/client/core/ParseXML.cpp,5865,__vtbl_ptr_type __vt_8ParseXML[7];
__vt_19ParseSVMLAddObjects,/home/abrunstetter/public/HEAD/SVO3/client/core/ParseSVMLAddObjects.cpp,5871,__vtbl_ptr_type __vt_19ParseSVMLAddObjects[7];
__vt_21ParseSVMLForDownloads,/home/abrunstetter/public/HEAD/SVO3/client/core/ParseSVMLForDownloads.cpp,5877,__vtbl_ptr_type __vt_21ParseSVMLForDownloads[7];
__vt_12ParseXMLInfo,/home/abrunstetter/public/HEAD/SVO3/client/core/ParseXMLInfo.cpp,5883,__vtbl_ptr_type __vt_12ParseXMLInfo[7];
__vt_17SVDownloadManager,/home/abrunstetter/public/HEAD/SVO3/client/core/SVDownloadManager.cpp,5893,__vtbl_ptr_type __vt_17SVDownloadManager[10];
_19CreateGameTagModule$s_instance,/home/abrunstetter/public/HEAD/SVO3/client/core/CreateGameTagModule.cpp,5903,CreateGameTagModule *_19CreateGameTagModule$s_instance;
__vt_19CreateGameTagModule,/home/abrunstetter/public/HEAD/SVO3/client/core/CreateGameTagModule.cpp,5904,__vtbl_ptr_type __vt_19CreateGameTagModule[13];
_lineThickness,/home/abrunstetter/public/HEAD/SVO3/client/core/GenericListBoxTag.cpp,5910,unsigned int _lineThickness;
_cornerRadius,/home/abrunstetter/public/HEAD/SVO3/client/core/GenericListBoxTag.cpp,5911,unsigned int _cornerRadius;
_gradient,/home/abrunstetter/public/HEAD/SVO3/client/core/GenericListBoxTag.cpp,5912,unsigned int *_gradient;
_zVal,/home/abrunstetter/public/HEAD/SVO3/client/core/GenericListBoxTag.cpp,5913,float _zVal;
__vt_17GenericListBoxTag,/home/abrunstetter/public/HEAD/SVO3/client/core/GenericListBoxTag.cpp,5914,__vtbl_ptr_type __vt_17GenericListBoxTag[34];
_23GenericListBoxTagModule$s_instance,/home/abrunstetter/public/HEAD/SVO3/client/core/GenericListBoxTagModule.cpp,5920,GenericListBoxTagModule *_23GenericListBoxTagModule$s_instance;
__vt_23GenericListBoxTagModule,/home/abrunstetter/public/HEAD/SVO3/client/core/GenericListBoxTagModule.cpp,5921,__vtbl_ptr_type __vt_23GenericListBoxTagModule[13];
_15TickerTagModule$s_instance,/home/abrunstetter/public/HEAD/SVO3/client/core/TickerTagModule.cpp,5927,TickerTagModule *_15TickerTagModule$s_instance;
__vt_15TickerTagModule,/home/abrunstetter/public/HEAD/SVO3/client/core/TickerTagModule.cpp,5928,__vtbl_ptr_type __vt_15TickerTagModule[13];
_ticker_type_strings,/home/abrunstetter/public/HEAD/SVO3/client/core/TickerTag.cpp,5934,char *_ticker_type_strings[2];
__vt_9TickerTag,/home/abrunstetter/public/HEAD/SVO3/client/core/TickerTag.cpp,5935,__vtbl_ptr_type __vt_9TickerTag[22];
gAssertTrip,/home/abrunstetter/public/HEAD/SVO3/client/core/SVO_DBG.cpp,5941,SVBOOL gAssertTrip;
g_CategoryVal,/home/abrunstetter/public/HEAD/SVO3/client/core/SVO_DBG.cpp,5945,unsigned int g_CategoryVal;
gAssertStr,/home/abrunstetter/public/HEAD/SVO3/client/core/SVO_DBG.cpp,5946,char gAssertStr[256];
gLogFile_fd,/home/abrunstetter/public/HEAD/SVO3/client/core/SVO_DBG.cpp,5947,RT_FILE_ID gLogFile_fd;
__vt_14BrowserInitTag,/home/abrunstetter/public/HEAD/SVO3/client/core/BrowserInitTag.cpp,5953,__vtbl_ptr_type __vt_14BrowserInitTag[22];
__vt_20BrowserInitTagModule,/home/abrunstetter/public/HEAD/SVO3/client/core/BrowserInitTagModule.cpp,5960,__vtbl_ptr_type __vt_20BrowserInitTagModule[13];
__vt_19PageRequestListener,/home/abrunstetter/public/HEAD/SVO3/client/core/PageRequestListener.cpp,5966,__vtbl_ptr_type __vt_19PageRequestListener[10];
memsetfunc,x:/usr/local/nellymoser/lib/source/shared/nciExport.c,5978,TypDefMemset memsetfunc;
memcpyfunc,x:/usr/local/nellymoser/lib/source/shared/nciExport.c,5979,TypDefMemcpy memcpyfunc;
cosfunc,x:/usr/local/nellymoser/lib/source/shared/nciExport.c,5980,TypDefCos cosfunc;
sinfunc,x:/usr/local/nellymoser/lib/source/shared/nciExport.c,5981,TypDefSin sinfunc;
trigTBL_32,x:/usr/local/nellymoser/lib/source/shared/trigSC.c,6016,float *trigTBL_32;
cosPlus1Table,x:/usr/local/nellymoser/lib/source/saseenc/source/scratch.c,6138,float cosPlus1Table[0];
pCosPlus1Table,x:/usr/local/nellymoser/lib/source/saseenc/source/scratch.c,6139,float *pCosPlus1Table;
