name,retail_address,section,retail_type,xrefs,prototype_declaration,prototype_source,dlglobals_lines,prototype_matches,status,reason
_mips_gp0_value,0x00000000,,,0,,,,,deferred,outside allocated retail data sections
__mb_cur_max,0x00163B80,core.data,undefined4,4,,,,,deferred,missing prototype declaration
impure_data,0x00163B88,core.data,undefined4,52,,,,,deferred,missing prototype declaration
_impure_ptr,0x00163E74,core.data,pointer,46,,,,,deferred,missing prototype declaration
JIS_state_table,0x00163E80,core.data,undefined1[432],1,,,,,deferred,missing prototype declaration
JIS_action_table,0x00164030,core.data,undefined1[432],1,,,,,deferred,missing prototype declaration
__malloc_lock_owner,0x001641E0,core.data,undefined4,2,,,,,deferred,missing prototype declaration
call_count,0x001641E4,core.data,undefined4,4,,,,,deferred,missing prototype declaration
lower.9,0x001641E8,core.data,string,2,,,,,deferred,not a plain C identifier
cumulative_written.21,0x00164210,core.data,undefined4,5,,,,,deferred,not a plain C identifier
pch_pointer.22,0x00164214,core.data,pointer,5,,,,,deferred,not a plain C identifier
cumulative_written.4,0x00164218,core.data,undefined4,6,,,,,deferred,not a plain C identifier
pch_pointer.5,0x0016421C,core.data,pointer,5,,,,,deferred,not a plain C identifier
__malloc_av_,0x00164220,core.data,undefined,15,,,,,deferred,missing prototype declaration
__malloc_trim_threshold,0x00164628,core.data,undefined8,1,,,,,deferred,missing prototype declaration
__malloc_top_pad,0x00164630,core.data,undefined4,3,,,,,deferred,missing prototype declaration
__malloc_sbrk_base,0x00164638,core.data,undefined4,4,,,,,deferred,missing prototype declaration
__malloc_max_sbrked_mem,0x00164640,core.data,undefined8,2,,,,,deferred,missing prototype declaration
__malloc_max_total_mem,0x00164648,core.data,undefined8,2,,,,,deferred,missing prototype declaration
__malloc_current_mallinfo,0x00164650,core.data,undefined4,13,,,,,deferred,missing prototype declaration
heap_ptr.39,0x0016468C,core.data,undefined4,4,,,,,deferred,not a plain C identifier
topId,0x00164690,core.data,undefined4,4,,,,,deferred,missing prototype declaration
_sceFs_q,0x001646A0,core.data,undefined4,5,,,,,deferred,missing prototype declaration
__sce_sema_id,0x00164DB0,core.data,undefined4,3,,,,,deferred,missing prototype declaration
srcfile,0x00165580,core.data,undefined,1,,,,,deferred,missing prototype declaration
eenull,0x00165CC0,core.data,undefined,1,,,,,deferred,missing prototype declaration
q2.4,0x00165D70,core.data,undefined4,1,,,,,deferred,not a plain C identifier
SCE_CD_debug,0x00165FD0,core.data,string,17,,,,,deferred,missing prototype declaration
cb_semid,0x00165FE0,core.data,undefined4,5,,,,,deferred,missing prototype declaration
_sceCd_rcmd_semid,0x00165FF0,core.data,undefined4,8,,,,,deferred,missing prototype declaration
_sceCd_old_module,0x00166000,core.data,undefined4,2,,,,,deferred,missing prototype declaration
incnt_mmode,0x00167B70,core.data,undefined4,1,,,,,deferred,missing prototype declaration
gp.15,0x00167B90,core.data,undefined,1,,,,,deferred,not a plain C identifier
init_mp3.12,0x00167BA0,core.data,undefined4,2,,,,,deferred,not a plain C identifier
dch,0x00167BC0,core.data,undefined *,3,,,,,deferred,missing prototype declaration
semaid_timerfunc,0x00167C00,core.data,undefined4,7,,,,,deferred,missing prototype declaration
S5432,0x00167C70,core.data,undefined,1,,,,,deferred,missing prototype declaration
init_vif_regs.135,0x00167C80,core.data,undefined,0,,,,,deferred,not a plain C identifier
_defNIQM,0x00167D40,core.data,undefined,1,,,,,deferred,missing prototype declaration
_showCount,0x00167D80,core.data,undefined,2,,,,,deferred,missing prototype declaration
_strmap,0x00167DC0,core.data,undefined,1,,,,,deferred,missing prototype declaration
vqval,0x00167EC0,core.data,undefined4,1,,,,,deferred,missing prototype declaration
gDmeGlobals,0x00167EFC,core.data,pointer,65,DME_GLOBAL_STRUCT *gDmeGlobals;,/public/work/210/dme_client/src/Dme.c,4788,medius/dme_client/src/Dme.c:192,mapped,unique retail data label and matching prototype declaration/source
gMsgClientInterfacePtr,0x00167F2C,core.data,undefined4,16,MSG_CLIENT_INTERFACE *gMsgClientInterfacePtr;,/public/work/210/dme_client/src/DmeInterfaceManager.c,4802,medius/dme_client/src/DmeInterfaceManager.c:7,mapped,unique retail data label and matching prototype declaration/source
gStreamMediaInterfacePtr,0x00167F30,core.data,undefined4,59,STREAM_MEDIA_INTERFACE *gStreamMediaInterfacePtr;,/public/work/210/dme_client/src/DmeInterfaceManager.c,4803,medius/dme_client/src/DmeInterfaceManager.c:8,mapped,unique retail data label and matching prototype declaration/source
gCommPlatformInterfacePtr,0x00167F34,core.data,undefined4,34,COMM_PLATFORM_INTERFACE *gCommPlatformInterfacePtr;,/public/work/210/dme_client/src/DmeInterfaceManager.c,4804,medius/dme_client/src/DmeInterfaceManager.c:9,mapped,unique retail data label and matching prototype declaration/source
gObjectInterfacePtr,0x00167F38,core.data,undefined4,183,OBJECT_INTERFACE *gObjectInterfacePtr;,/public/work/210/dme_client/src/DmeInterfaceManager.c,4805,medius/dme_client/src/DmeInterfaceManager.c:10,mapped,unique retail data label and matching prototype declaration/source
gP2PInterfacePtr,0x00167F3C,core.data,undefined4,76,P2P_INTERFACE *gP2PInterfacePtr;,/public/work/210/dme_client/src/DmeInterfaceManager.c,4806,medius/dme_client/src/DmeInterfaceManager.c:11,mapped,unique retail data label and matching prototype declaration/source
gUDPInterfacePtr,0x00167F40,core.data,undefined4,25,UDP_INTERFACE *gUDPInterfacePtr;,/public/work/210/dme_client/src/DmeInterfaceManager.c,4807,medius/dme_client/src/DmeInterfaceManager.c:12,mapped,unique retail data label and matching prototype declaration/source
gACodecLPCInterfacePtr,0x00167F48,core.data,undefined4,2,ACODEC_INTERFACE *gACodecLPCInterfacePtr;,/public/work/210/dme_client/src/DmeInterfaceManager.c,4809,medius/dme_client/src/DmeInterfaceManager.c:14,mapped,unique retail data label and matching prototype declaration/source
gACodecLPC10InterfacePtr,0x00167F4C,core.data,undefined4,3,ACODEC_INTERFACE *gACodecLPC10InterfacePtr;,/public/work/210/dme_client/src/DmeInterfaceManager.c,4810,medius/dme_client/src/DmeInterfaceManager.c:15,mapped,unique retail data label and matching prototype declaration/source
gVCodecJPEGInterfacePtr,0x00167F50,core.data,undefined4,16,VCODEC_JPEG_INTERFACE *gVCodecJPEGInterfacePtr;,/public/work/210/dme_client/src/DmeInterfaceManager.c,4811,medius/dme_client/src/DmeInterfaceManager.c:16,mapped,unique retail data label and matching prototype declaration/source
gbTimebaseEnabled,0x00167F58,core.data,undefined4,11,RT_BOOL gbTimebaseEnabled;,/public/work/210/dme_client/src/DmeLocal.c,4821,medius/dme_client/src/DmeLocal.c:254,mapped,unique retail data label and matching prototype declaration/source
gpfHostChangeCallback,0x00167F5C,core.data,undefined4,3,NetTypePeerToPeerHostChangeCallback gpfHostChangeCallback;,/public/work/210/dme_client/src/DmeLocal.c,4822,medius/dme_client/src/DmeLocal.c:255,mapped,unique retail data label and matching prototype declaration/source
gpHostChangeCallbackData,0x00167F60,core.data,undefined4,2,void *gpHostChangeCallbackData;,/public/work/210/dme_client/src/DmeLocal.c,4823,medius/dme_client/src/DmeLocal.c:256,mapped,unique retail data label and matching prototype declaration/source
gpfSystemMessageCallback,0x00167F64,core.data,undefined4,2,NetTypeSystemMessageCallback gpfSystemMessageCallback;,/public/work/210/dme_client/src/DmeLocal.c,4824,medius/dme_client/src/DmeLocal.c:257,mapped,unique retail data label and matching prototype declaration/source
gpSystemMessageCallbackData,0x00167F68,core.data,undefined4,2,void *gpSystemMessageCallbackData;,/public/work/210/dme_client/src/DmeLocal.c,4825,medius/dme_client/src/DmeLocal.c:258,mapped,unique retail data label and matching prototype declaration/source
gLookupIndex,0x00167F90,core.data,undefined2,2,,,,,deferred,missing prototype declaration
gCryptGlobals,0x0016819C,core.data,pointer,24,CRYPT_DME_BASE_GLOBALS *gCryptGlobals;,/public/work/210/rt_crypt/src/rt_crypt_public.c,4860,medius/rt_crypt/src/rt_crypt_public.c:179,mapped,unique retail data label and matching prototype declaration/source
gCryptInterfacePtr,0x001681A0,core.data,undefined4,53,CRYPT_INTERFACE *gCryptInterfacePtr;,/public/work/210/rt_crypt/src/rt_crypt_public.c,4861,medius/rt_crypt/src/rt_crypt_public.c:180,mapped,unique retail data label and matching prototype declaration/source
gpfMallocCallback,0x001681A4,core.data,undefined4,2,pf_rt_memory_malloc_callback gpfMallocCallback;,/public/work/210/rt_util/rt_memory.c,4877,medius/rt_util/rt_memory.c:8,mapped,unique retail data label and matching prototype declaration/source
gpfFreeCallback,0x001681AC,core.data,undefined4,2,pf_rt_memory_free_callback gpfFreeCallback;,/public/work/210/rt_util/rt_memory.c,4879,medius/rt_util/rt_memory.c:10,mapped,unique retail data label and matching prototype declaration/source
gMT,0x001681B0,core.data,undefined4,6,,,,,deferred,missing prototype declaration
y,0x00168B80,core.data,undefined4,2,,,,,deferred,missing prototype declaration
gaTypeCount,0x00168B90,core.data,undefined4,8,,,,,deferred,missing prototype declaration
gSearch,0x00168F30,core.data,undefined,0,,,,,deferred,missing prototype declaration
gPrimes,0x00168FE0,core.data,undefined,0,,,,,deferred,missing prototype declaration
SHAInitState.0,0x001693D0,core.data,undefined8,2,,,,,deferred,not a plain C identifier
gLocalIP,0x00169500,core.data,undefined4,2,,,,,deferred,missing prototype declaration
RT_UDP_INACTIVITY_TIMEOUT,0x00169510,core.data,undefined4,2,,,,,deferred,missing prototype declaration
rt_ac_obj,0x00169580,core.data,undefined,1,,,,,deferred,missing prototype declaration
gConfig,0x00169B40,core.data,undefined,0,,,,,deferred,missing prototype declaration
GlobalInitFlag,0x00169CD0,core.data,undefined4,27,int GlobalInitFlag;,/public/work/210/MediusClientLibrary/src/MediusClient.c,5081,medius/MediusClientLibrary/src/MediusClient.c:242,mapped,unique retail data label and matching prototype declaration/source
ghMyConnection,0x00169CD4,core.data,undefined4,30,HDME ghMyConnection;,/public/work/210/MediusClientLibrary/src/MediusClient.c,5082,medius/MediusClientLibrary/src/MediusClient.c:243,mapped,unique retail data label and matching prototype declaration/source
GlobalLobbyFilterFlag,0x00169CD8,core.data,undefined2,4,short int GlobalLobbyFilterFlag;,/public/work/210/MediusClientLibrary/src/MediusClient.c,5083,medius/MediusClientLibrary/src/MediusClient.c:244,mapped,unique retail data label and matching prototype declaration/source
CurrentSessionKey,0x00169CE0,core.data,undefined1,6,char CurrentSessionKey[17];,/public/work/210/MediusClientLibrary/src/MediusClient.c,5084,medius/MediusClientLibrary/src/MediusClient.c:246,mapped,unique retail data label and matching prototype declaration/source
G_MCL_UsagePolicyMessageID,0x00169CF8,core.data,undefined1,4,char G_MCL_UsagePolicyMessageID[21];,/public/work/210/MediusClientLibrary/src/MediusClient.c,5086,medius/MediusClientLibrary/src/MediusClient.c:268,mapped,unique retail data label and matching prototype declaration/source
G_MCL_PrivacyPolicyMessageID,0x00169D10,core.data,undefined1,4,char G_MCL_PrivacyPolicyMessageID[21];,/public/work/210/MediusClientLibrary/src/MediusClient.c,5087,medius/MediusClientLibrary/src/MediusClient.c:292,mapped,unique retail data label and matching prototype declaration/source
G_MCL_uiCurInfoType,0x00169D28,core.data,undefined4,8,unsigned int G_MCL_uiCurInfoType;,/public/work/210/MediusClientLibrary/src/MediusClient.c,5088,medius/MediusClientLibrary/src/MediusClient.c:316,mapped,unique retail data label and matching prototype declaration/source
LastDMENetError,0x00169D30,core.data,undefined4,2,NetErrorCode LastDMENetError;,/public/work/210/MediusClientLibrary/src/MediusClient.c,5089,medius/MediusClientLibrary/src/MediusClient.c:318,mapped,unique retail data label and matching prototype declaration/source
gProductFlattenCount,0x0016A120,core.data,undefined,0,,,,,deferred,missing prototype declaration
RT_HASH_CRC32_TABLE,0x0016A130,core.data,undefined,0,long unsigned int RT_HASH_CRC32_TABLE[256];,/public/work/210/rt_util/rt_hash.c,5224,,deferred,no retail references
nSSLInstanceCount,0x0016A930,core.data,undefined4,4,unsigned int nSSLInstanceCount;,/public/work/210/rt_ssl/src/SSLLib.c,5280,medius/rt_ssl/src/SSLLib.c:5,mapped,unique retail data label and matching prototype declaration/source
gMallocFunc,0x0016A934,core.data,undefined4,9,SSL_MALLOC gMallocFunc;,/public/work/210/rt_ssl/src/SSLLib.c,5281,medius/rt_ssl/src/SSLLib.c:6,mapped,unique retail data label and matching prototype declaration/source
gFreeFunc,0x0016A938,core.data,undefined4,9,SSL_FREE gFreeFunc;,/public/work/210/rt_ssl/src/SSLLib.c,5282,medius/rt_ssl/src/SSLLib.c:7,mapped,unique retail data label and matching prototype declaration/source
gRandomFunc,0x0016A93C,core.data,undefined4,4,SSL_RANDOM gRandomFunc;,/public/work/210/rt_ssl/src/SSLLib.c,5283,medius/rt_ssl/src/SSLLib.c:8,mapped,unique retail data label and matching prototype declaration/source
guiServerMessageSize,0x0016A940,core.data,undefined4,5,int guiServerMessageSize;,/public/work/210/rt_ssl/src/SSLLib.c,5284,medius/rt_ssl/src/SSLLib.c:9,mapped,unique retail data label and matching prototype declaration/source
guiAppoutMessageSize,0x0016A944,core.data,undefined4,5,int guiAppoutMessageSize;,/public/work/210/rt_ssl/src/SSLLib.c,5285,medius/rt_ssl/src/SSLLib.c:10,mapped,unique retail data label and matching prototype declaration/source
gOIDs,0x0016AA98,core.data,undefined4,1,OIDDATA gOIDs[0];,/public/work/210/rt_cert/src/OID.c,5305,medius/rt_cert/src/OID.c:13,mapped,unique retail data label and matching prototype declaration/source
gpRootCerts,0x0016AC18,core.data,undefined4,10,TBSCERTIFICATE *gpRootCerts;,/public/work/210/rt_cert/src/x509.c,5312,medius/rt_cert/src/x509.c:1189,mapped,unique retail data label and matching prototype declaration/source
gpInterMediateCerts,0x0016AC1C,core.data,undefined4,9,TBSCERTIFICATE *gpInterMediateCerts;,/public/work/210/rt_cert/src/x509.c,5313,medius/rt_cert/src/x509.c:1190,mapped,unique retail data label and matching prototype declaration/source
gpScertRootCert,0x0016AC20,core.data,undefined4,6,TBSCERTIFICATE *gpScertRootCert;,/public/work/210/rt_cert/src/x509.c,5314,medius/rt_cert/src/x509.c:1191,mapped,unique retail data label and matching prototype declaration/source
gRootCerts,0x0016AC70,core.data,undefined,0,unsigned char gRootCerts[14078];,/home/abrunstetter/public/HEAD/SVO3/client/core/HttpSecure.cpp,5344,,deferred,no retail references
s_tagid,0x0016E3A8,core.data,undefined4,16,,,,,deferred,missing prototype declaration
s_throbberCnt,0x0016E3AC,core.data,undefined4,4,,,,,deferred,missing prototype declaration
_9SVBrowser$s_instance,0x0016E430,core.data,undefined4,82,SVBrowser *_9SVBrowser$s_instance;,/home/abrunstetter/public/HEAD/SVO3/client/core/SVBrowser.cpp,5416,,deferred,not a plain C identifier
_10CCookieJar$s_instance,0x0016E440,core.data,undefined4,8,CCookieJar *_10CCookieJar$s_instance;,/home/abrunstetter/public/HEAD/SVO3/client/core/CCookie.cpp,5423,,deferred,not a plain C identifier
guiRTCommSockSendBufferSize,0x0016E4C8,core.data,undefined4,3,,,,,deferred,missing prototype declaration
m_DNSLookupResponse,0x0016E4D0,core.data,undefined8,4,RT_COMM_LOOKUP_RESPONSE m_DNSLookupResponse;,/home/abrunstetter/public/HEAD/SVO3/client/core/RTCommSock.cpp,5496,svo3/RTCommSock.cpp:93,mapped,unique retail data label and matching prototype declaration/source
g_colNumParseCntr,0x0016E5D8,core.data,undefined4,10,int g_colNumParseCntr;,/home/abrunstetter/public/HEAD/SVO3/client/core/GridTag.cpp,5726,svo3/GridTag.cpp:137,mapped,unique retail data label and matching prototype declaration/source
g_rowNumParseCntr,0x0016E5DC,core.data,undefined4,6,int g_rowNumParseCntr;,/home/abrunstetter/public/HEAD/SVO3/client/core/GridTag.cpp,5727,svo3/GridTag.cpp:138,mapped,unique retail data label and matching prototype declaration/source
_data_type_strings,0x0016E5F0,core.data,pointer,2,char *_data_type_strings[3];,/home/abrunstetter/public/HEAD/SVO3/client/core/DataTag.cpp,5788,svo3/DataTag.cpp:30,mapped,unique retail data label and matching prototype declaration/source
m_loginResult,0x0016E65C,core.data,undefined4,2,BrowserLoginResultEnum m_loginResult;,/home/abrunstetter/public/HEAD/SVO3/client/core/LoginTagModule.cpp,5858,svo3/LoginTagModule.cpp:33,mapped,unique retail data label and matching prototype declaration/source
gbConnectedToLogServer,0x0016E680,core.data,undefined,0,,,,,deferred,missing prototype declaration
gTagNotSetStr,0x0016E688,core.data,string,6,char gTagNotSetStr[17];,/home/abrunstetter/public/HEAD/SVO3/client/core/SVO_DBG.cpp,5942,svo3/SVO_DBG.cpp:18,mapped,unique retail data label and matching prototype declaration/source
gPrintfRingBuffer,0x0016E6A0,core.data,string,0,char gPrintfRingBuffer[15][256];,/home/abrunstetter/public/HEAD/SVO3/client/core/SVO_DBG.cpp,5943,,deferred,no retail references
g_SeverityVal,0x0016F5A0,core.data,undefined,0,unsigned int g_SeverityVal;,/home/abrunstetter/public/HEAD/SVO3/client/core/SVO_DBG.cpp,5944,,deferred,no retail references
_20BrowserInitTagModule$s_instance,0x0016F6B0,core.data,undefined4,5,BrowserInitTagModule *_20BrowserInitTagModule$s_instance;,/home/abrunstetter/public/HEAD/SVO3/client/core/BrowserInitTagModule.cpp,5959,,deferred,not a plain C identifier
pubKey.0,0x0016F6C0,core.data,undefined8,1,,,,,deferred,not a plain C identifier
priKey.1,0x0016F700,core.data,undefined8,1,,,,,deferred,not a plain C identifier
callocfunc,0x0016F740,core.data,pointer,29,TypDefCalloc callocfunc;,x:/usr/local/nellymoser/lib/source/shared/nciExport.c,5976,nellymoser/shared/nciExport.c:5,mapped,unique retail data label and matching prototype declaration/source
freefunc,0x0016F744,core.data,pointer,30,TypDefFree freefunc;,x:/usr/local/nellymoser/lib/source/shared/nciExport.c,5977,nellymoser/shared/nciExport.c:6,mapped,unique retail data label and matching prototype declaration/source
gMemCounter,0x0016F748,core.data,undefined2,8,short unsigned int gMemCounter;,x:/usr/local/nellymoser/lib/source/shared/nciExport.c,5982,nellymoser/shared/nciExport.c:11,mapped,unique retail data label and matching prototype declaration/source
nellyVuFftMode,0x0016F750,core.data,undefined4,23,int nellyVuFftMode;,x:/usr/local/nellymoser/lib/source/shared/nellyVuFft.c,6000,nellymoser/shared/nellyVuFft.c:7,mapped,unique retail data label and matching prototype declaration/source
bInitialized.102,0x0016F800,core.data,undefined4,2,,,,,deferred,not a plain C identifier
sinTBL_32,0x0016F818,core.data,pointer,3,float *sinTBL_32;,x:/usr/local/nellymoser/lib/source/shared/trigSC.c,6017,nellymoser/shared/trigSC.c:12,mapped,unique retail data label and matching prototype declaration/source
cosTBL_32,0x0016F81C,core.data,pointer,5,float *cosTBL_32;,x:/usr/local/nellymoser/lib/source/shared/trigSC.c,6018,nellymoser/shared/trigSC.c:13,mapped,unique retail data label and matching prototype declaration/source
CsTable,0x0016F820,core.data,pointer,3,float *CsTable;,x:/usr/local/nellymoser/lib/source/shared/trigSC.c,6019,nellymoser/shared/trigSC.c:14,mapped,unique retail data label and matching prototype declaration/source
global_vuSeeds,0x0016F8A0,core.data,undefined,0,u128 global_vuSeeds[3];,x:/usr/local/nellymoser/lib/source/sasedec/source/SWSynth.c,6189,,deferred,no retail references
KbdMapTable,0x0016F900,core.data,undefined,3,,,,,deferred,missing prototype declaration
timer_handle,0x0016FC00,core.data,undefined4,1,,,,,deferred,missing prototype declaration
__vt_18CMemoryContextBase,0x00170000,core.data,pointer,138,__vtbl_ptr_type __vt_18CMemoryContextBase[11];,/home/abrunstetter/public/HEAD/SVO3/client/core/CMemoryContextBase.cpp,5430,,deferred,prototype source declaration not corroborated
gif_clear_screen,0x00171200,core.data,undefined,1,long unsigned int gif_clear_screen[40];,X:/rcb/code/stable/game/gameglobals.cpp,130,game_dl/gameglobals.cpp:558,mapped,unique retail data label and matching prototype declaration/source
gif_clear_frame_buf,0x00171340,core.data,undefined,1,long unsigned int gif_clear_frame_buf[40];,X:/rcb/code/stable/game/gameglobals.cpp,131,game_dl/gameglobals.cpp:601,mapped,unique retail data label and matching prototype declaration/source
shadow_init_gs_regs,0x00171480,core.data,undefined,2,long unsigned int shadow_init_gs_regs[14];,X:/rcb/code/stable/game/gameglobals.cpp,132,game_dl/gameglobals.cpp:644,mapped,unique retail data label and matching prototype declaration/source
reset_gs_regs_draw,0x001714F0,core.data,undefined,2,long unsigned int reset_gs_regs_draw[18];,X:/rcb/code/stable/game/gameglobals.cpp,133,game_dl/gameglobals.cpp:661,mapped,unique retail data label and matching prototype declaration/source
reset_gs_regs_scis,0x00171580,core.data,undefined,4,long unsigned int reset_gs_regs_scis[6];,X:/rcb/code/stable/game/gameglobals.cpp,134,game_dl/gameglobals.cpp:682,mapped,unique retail data label and matching prototype declaration/source
reset_gs_regs_fixed,0x001715B0,core.data,undefined,1,long unsigned int reset_gs_regs_fixed[38];,X:/rcb/code/stable/game/gameglobals.cpp,135,game_dl/gameglobals.cpp:691,mapped,unique retail data label and matching prototype declaration/source
sky_ref_gouraud,0x001716E0,core.data,undefined,1,long unsigned int sky_ref_gouraud[14];,X:/rcb/code/stable/game/gameglobals.cpp,136,game_dl/gameglobals.cpp:732,mapped,unique retail data label and matching prototype declaration/source
sky_ref_textured,0x00171750,core.data,undefined,1,long unsigned int sky_ref_textured[14];,X:/rcb/code/stable/game/gameglobals.cpp,137,game_dl/gameglobals.cpp:749,mapped,unique retail data label and matching prototype declaration/source
sky_ref_textured_bloom,0x001717C0,core.data,undefined,1,long unsigned int sky_ref_textured_bloom[14];,X:/rcb/code/stable/game/gameglobals.cpp,138,game_dl/gameglobals.cpp:766,mapped,unique retail data label and matching prototype declaration/source
BOOTELF_NAME,0x00171830,core.data,string,2,char BOOTELF_NAME[23];,X:/rcb/code/stable/game/gameglobals.cpp,139,game_dl/gameglobals.cpp:783,mapped,unique retail data label and matching prototype declaration/source
SAVEGAME_NAME,0x00171848,core.data,string,4,char SAVEGAME_NAME[21];,X:/rcb/code/stable/game/gameglobals.cpp,140,game_dl/gameglobals.cpp:809,mapped,unique retail data label and matching prototype declaration/source
SAVEGAME_WILD,0x00171860,core.data,string,4,char SAVEGAME_WILD[23];,X:/rcb/code/stable/game/gameglobals.cpp,141,game_dl/gameglobals.cpp:833,mapped,unique retail data label and matching prototype declaration/source
SAVEGAME_SYS,0x00171878,core.data,string,2,char SAVEGAME_SYS[30];,X:/rcb/code/stable/game/gameglobals.cpp,142,game_dl/gameglobals.cpp:859,mapped,unique retail data label and matching prototype declaration/source
SAVEGAME_VIEW,0x00171898,core.data,string,3,char SAVEGAME_VIEW[32];,X:/rcb/code/stable/game/gameglobals.cpp,143,game_dl/gameglobals.cpp:892,mapped,unique retail data label and matching prototype declaration/source
SAVEGAME_MAIN,0x001718B8,core.data,string,2,char SAVEGAME_MAIN[41];,X:/rcb/code/stable/game/gameglobals.cpp,144,game_dl/gameglobals.cpp:927,mapped,unique retail data label and matching prototype declaration/source
SAVEGAME_NET,0x001718E8,core.data,string,4,char SAVEGAME_NET[29];,X:/rcb/code/stable/game/gameglobals.cpp,145,game_dl/gameglobals.cpp:971,mapped,unique retail data label and matching prototype declaration/source
SAVEGAME_SLOT,0x00171908,core.data,string,7,char SAVEGAME_SLOT[32];,X:/rcb/code/stable/game/gameglobals.cpp,146,game_dl/gameglobals.cpp:1003,mapped,unique retail data label and matching prototype declaration/source
SAVEGAME_PATCH,0x00171928,core.data,string,3,char SAVEGAME_PATCH[31];,X:/rcb/code/stable/game/gameglobals.cpp,147,game_dl/gameglobals.cpp:1038,mapped,unique retail data label and matching prototype declaration/source
HeroSave,0x00171B40,core.data,undefined4,27,_HeroSave HeroSave;,X:/rcb/code/stable/game/gameglobals.cpp,151,game_dl/gameglobals.cpp:1316,mapped,unique retail data label and matching prototype declaration/source
BotSave,0x00171B80,core.data,undefined,3,_BotSave BotSave;,X:/rcb/code/stable/game/gameglobals.cpp,152,game_dl/gameglobals.cpp:1351,mapped,unique retail data label and matching prototype declaration/source
MoviesPlayedRecord,0x00171C08,core.data,undefined4,14,unsigned int MoviesPlayedRecord[64];,X:/rcb/code/stable/game/gameglobals.cpp,163,game_dl/gameglobals.cpp:1518,mapped,unique retail data label and matching prototype declaration/source
Settings,0x00171D38,core.data,undefined4,19,GameSettings Settings;,X:/rcb/code/stable/game/gameglobals.cpp,172,,existing_alias,already named bootSettings
gCameraRotationSettings,0x00171EF0,core.data,undefined,16,int gCameraRotationSettings[3][10];,X:/rcb/code/stable/game/gameglobals.cpp,176,game_dl/gameglobals.cpp:1819,mapped,unique retail data label and matching prototype declaration/source
gGroupVolumes,0x00171FB0,core.data,undefined4,1,int gGroupVolumes[6];,X:/rcb/code/stable/game/gameglobals.cpp,229,game_dl/gameglobals.cpp:1961,mapped,unique retail data label and matching prototype declaration/source
gFadeVolumes,0x00171FC8,core.data,undefined4,8,int gFadeVolumes[6];,X:/rcb/code/stable/game/gameglobals.cpp,230,game_dl/gameglobals.cpp:1970,mapped,unique retail data label and matching prototype declaration/source
ST_EnemyKills,0x00171FE0,core.data,undefined4,4,ST_EnemyKillInfo ST_EnemyKills[30];,X:/rcb/code/stable/game/gameglobals.cpp,232,game_dl/gameglobals.cpp:1981,mapped,unique retail data label and matching prototype declaration/source
g_nwInfo,0x00172160,core.data,undefined4,72,tNW_Info g_nwInfo;,X:/rcb/code/stable/game/network/nw.cpp,3502,game_dl/network/nw.cpp:131,mapped,unique retail data label and matching prototype declaration/source
_cmd_init_check,0x001737E0,core.data,undefined1,2,,,,,deferred,missing prototype declaration
mpGameSetup,0x001737E8,core.data,undefined8,7,tNW_GameOptions mpGameSetup;,X:/rcb/code/stable/game/network/nwObjects.cpp,3534,game_dl/network/nwObjects.cpp:77,mapped,unique retail data label and matching prototype declaration/source
mpGameSetupDefault,0x00173840,core.data,undefined8,1,tNW_GameOptions mpGameSetupDefault;,X:/rcb/code/stable/game/network/nwObjects.cpp,3535,game_dl/network/nwObjects.cpp:168,mapped,unique retail data label and matching prototype declaration/source
mpGadgetConstants,0x001738A0,core.data,undefined,0,tGadgetConstants mpGadgetConstants;,X:/rcb/code/stable/game/network/nwObjects.cpp,3538,,deferred,no retail references
gSchedule,0x00173BB8,core.data,undefined4,5,Schedule gSchedule;,X:/rcb/code/stable/game/network/nwAudioUtil.cpp,3566,game_dl/network/nwAudioUtil.cpp:90,mapped,unique retail data label and matching prototype declaration/source
_ctype_,0x00191F00,core.rdata,undefined,1,,,,,deferred,missing prototype declaration
lconv,0x00192008,core.rdata,undefined *,1,,,,,deferred,missing prototype declaration
Zero,0x00192080,core.rdata,undefined1[16],1,,,,,deferred,missing prototype declaration
ln2_hi,0x00192090,core.rdata,undefined,0,,,,,deferred,missing prototype declaration
Lg2,0x001920B0,core.rdata,undefined,0,,,,,deferred,missing prototype declaration
Lg4,0x001920C0,core.rdata,undefined,0,,,,,deferred,missing prototype declaration
Lg6,0x001920D0,core.rdata,undefined,0,,,,,deferred,missing prototype declaration
log10_2lo,0x00192100,core.rdata,undefined,0,,,,,deferred,missing prototype declaration
basefix.3,0x00192170,core.rdata,undefined,0,,,,,deferred,not a plain C identifier
p05.27,0x00192650,core.rdata,undefined,1,,,,,deferred,not a plain C identifier
__mprec_tens,0x00192660,core.rdata,undefined,1,,,,,deferred,missing prototype declaration
__mprec_tinytens,0x00192750,core.rdata,undefined,1,,,,,deferred,missing prototype declaration
blanks.29,0x00192910,core.rdata,string,12,,,,,deferred,not a plain C identifier
zeroes.30,0x00192920,core.rdata,string,12,,,,,deferred,not a plain C identifier
blanks.12,0x00192B00,core.rdata,string,12,,,,,deferred,not a plain C identifier
zeroes.13,0x00192B10,core.rdata,string,12,,,,,deferred,not a plain C identifier
__clz_tab,0x001935B8,core.rdata,UQItype[0],3,,,,,deferred,retail name is not unique
__clz_tab,0x001936B8,core.rdata,UQItype[0],3,,,,,deferred,retail name is not unique
bp,0x001937D0,core.rdata,undefined,1,,,,,deferred,missing prototype declaration
dp_l,0x001937F0,core.rdata,undefined,0,,,,,deferred,missing prototype declaration
L1,0x00193830,core.rdata,undefined,0,,,,,deferred,missing prototype declaration
L5,0x00193850,core.rdata,undefined,0,,,,,deferred,missing prototype declaration
P3,0x00193870,core.rdata,undefined,0,,,,,deferred,missing prototype declaration
L6,0x00193910,core.rdata,undefined8,1,,,,,deferred,missing prototype declaration
L4,0x00193920,core.rdata,undefined8,1,,,,,deferred,missing prototype declaration
L2,0x00193930,core.rdata,undefined8,1,,,,,deferred,missing prototype declaration
cp,0x00193950,core.rdata,undefined8,1,,,,,deferred,missing prototype declaration
lg2_l,0x00193970,core.rdata,undefined8,1,,,,,deferred,missing prototype declaration
P2,0x00193990,core.rdata,undefined8,1,,,,,deferred,missing prototype declaration
ln2HI,0x001939C0,core.rdata,undefined4,2,,,,,deferred,missing prototype declaration
invln2,0x001939D0,core.rdata,undefined,0,,,,,deferred,missing prototype declaration
ln2_lo,0x001939F0,core.rdata,undefined,0,,,,,deferred,missing prototype declaration
Lg3,0x00193A00,core.rdata,undefined,0,,,,,deferred,missing prototype declaration
Lg7,0x00193A10,core.rdata,undefined,0,,,,,deferred,missing prototype declaration
zero,0x00193A50,core.rdata,undefined,0,,,,,deferred,missing prototype declaration
two_over_pi,0x00193AC0,core.rdata,undefined,1,,,,,deferred,missing prototype declaration
two8,0x00193E60,core.rdata,undefined,0,,,,,deferred,missing prototype declaration
pio2_2,0x00193E70,core.rdata,undefined,0,,,,,deferred,missing prototype declaration
init_jk,0x00193E80,core.rdata,undefined,1,,,,,deferred,missing prototype declaration
PIo2,0x00193E90,core.rdata,undefined,1,,,,,deferred,missing prototype declaration
__infinity,0x00193ED0,core.rdata,undefined8,7,__dmath __infinity;,/usr/local/sce/ee/gcc/src/newlib/libm/math/s_infconst.c,4508,newlib/libm/math/s_infconst.c:5,mapped,unique retail data label and matching prototype declaration/source
__fdlib_version,0x00193ED8,core.rdata,undefined4,31,__fdlibm_version __fdlib_version;,/usr/local/sce/ee/gcc/src/newlib/libm/common/s_lib_ver.c,4518,newlib/libm/common/s_lib_ver.c:5,mapped,unique retail data label and matching prototype declaration/source
TWO52,0x00193EE0,core.rdata,undefined,2,,,,,deferred,missing prototype declaration
ststbl,0x00194E70,core.rdata,undefined,1,,,,,deferred,missing prototype declaration
stdtbl,0x00194E80,core.rdata,undefined,1,,,,,deferred,missing prototype declaration
mfdtbl,0x00194E90,core.rdata,undefined,1,,,,,deferred,missing prototype declaration
gszrtBaseVersionString,0x00195B40,core.rdata,string,0,,,,,deferred,missing prototype declaration
header2_rcsid,0x001961E0,core.rdata,string,0,,,,,deferred,missing prototype declaration
sha1_header_rcsid,0x00196700,core.rdata,string,0,,,,,deferred,missing prototype declaration
md2_header_rcsid,0x001967C0,core.rdata,string,0,,,,,deferred,missing prototype declaration
gS,0x00196820,core.rdata,undefined,3,,,,,deferred,missing prototype declaration
grid1,0x00196B70,core.rdata,undefined,0,,,,,deferred,missing prototype declaration
grid3,0x00196B80,core.rdata,undefined,0,,,,,deferred,missing prototype declaration
grid4,0x00196B90,core.rdata,undefined,0,,,,,deferred,missing prototype declaration
grid5,0x00196BA0,core.rdata,undefined,0,,,,,deferred,missing prototype declaration
grid6,0x00196BB0,core.rdata,undefined,0,,,,,deferred,missing prototype declaration
grid8,0x00196BE0,core.rdata,undefined,0,,,,,deferred,missing prototype declaration
grid12,0x00196C60,core.rdata,undefined,0,,,,,deferred,missing prototype declaration
grid14,0x00196CB0,core.rdata,undefined,0,,,,,deferred,missing prototype declaration
grid15,0x00196CE0,core.rdata,undefined,0,,,,,deferred,missing prototype declaration
grid16,0x00196D10,core.rdata,undefined,0,,,,,deferred,missing prototype declaration
grid17,0x00196D40,core.rdata,undefined,0,,,,,deferred,missing prototype declaration
grid19,0x00196DB0,core.rdata,undefined,0,,,,,deferred,missing prototype declaration
grid20,0x00196DF0,core.rdata,undefined,0,,,,,deferred,missing prototype declaration
grid21,0x00196E30,core.rdata,undefined,0,,,,,deferred,missing prototype declaration
grid22,0x00196E70,core.rdata,undefined,0,,,,,deferred,missing prototype declaration
grid24,0x00196F00,core.rdata,undefined,0,,,,,deferred,missing prototype declaration
grid28,0x00197040,core.rdata,undefined,0,,,,,deferred,missing prototype declaration
grid30,0x001970F0,core.rdata,undefined,0,,,,,deferred,missing prototype declaration
grid31,0x00197150,core.rdata,undefined,0,,,,,deferred,missing prototype declaration
grid32,0x001971B0,core.rdata,undefined,0,,,,,deferred,missing prototype declaration
RT_MSG_PROTOCOL_COMPATIBLE_VERSIONS,0x00197920,core.rdata,undefined2,1,int RT_MSG_PROTOCOL_COMPATIBLE_VERSIONS[2];,/public/work/210/rt_msg/src/rt_msg_client/rt_msg_client.c,5015,medius/rt_msg/src/rt_msg_client/rt_msg_client.c:420,mapped,unique retail data label and matching prototype declaration/source
RT_MSG_PROTOCOL_ENCRYPT_COMPATIBLE_VERSIONS,0x00197928,core.rdata,undefined2,1,int RT_MSG_PROTOCOL_ENCRYPT_COMPATIBLE_VERSIONS[1];,/public/work/210/rt_msg/src/rt_msg_client/rt_msg_client.c,5016,medius/rt_msg/src/rt_msg_client/rt_msg_client.c:425,mapped,unique retail data label and matching prototype declaration/source
codec_header_rcsid,0x00197CC0,core.rdata,string,0,,,,,deferred,missing prototype declaration
MBILL_SCEK_BSP,0x00197DE0,core.rdata,undefined,0,char MBILL_SCEK_BSP[5];,/public/work/210/MediusClientLibrary/src/MediusBilling.c,5063,,deferred,no retail references
MBILL_SCEE_BSP,0x00197DF0,core.rdata,undefined,0,char MBILL_SCEE_BSP[5];,/public/work/210/MediusClientLibrary/src/MediusBilling.c,5065,,deferred,no retail references
MediusDArgList_I,0x00198F10,core.rdata,pointer,4,MediusDArgListInterface_ MediusDArgList_I;,/public/work/210/MediusDList/src/MediusDArgList.c,5099,medius/MediusDList/src/MediusDArgList.c:119,mapped,unique retail data label and matching prototype declaration/source
MediusDField_I,0x00199030,core.rdata,pointer,4,MediusDFieldInterface_ MediusDField_I;,/public/work/210/MediusDList/src/MediusDField.c,5105,medius/MediusDList/src/MediusDField.c:216,mapped,unique retail data label and matching prototype declaration/source
undefField,0x00199038,core.rdata,undefined4,5,MediusDField undefField;,/public/work/210/MediusDList/src/MediusDField.c,5106,medius/MediusDList/src/MediusDField.c:226,mapped,unique retail data label and matching prototype declaration/source
MediusDMetaType_I,0x00199180,core.rdata,pointer,1,MediusDMetaTypeInterface_ MediusDMetaType_I;,/public/work/210/MediusDList/src/MediusDMetaType.c,5122,medius/MediusDList/src/MediusDMetaType.c:9,mapped,unique retail data label and matching prototype declaration/source
header_protected_rcsid,0x00199200,core.rdata,string,0,,,,,deferred,missing prototype declaration
MEDIUS_PLIST_PLAYER_ID_CONSTRAINT_DEF,0x00199210,core.rdata,undefined,0,,,,,deferred,missing prototype declaration
MediusMessage_I,0x001995E8,core.rdata,pointer,1,MediusMessageInterface_ MediusMessage_I;,/public/work/210/MediusMessage/src/MediusMessage.c,5202,medius/MediusMessage/src/MediusMessage.c:221,mapped,unique retail data label and matching prototype declaration/source
SSL_CK_RC4_128_WITH_MD5,0x00199C10,core.rdata,undefined,0,cypher_spec SSL_CK_RC4_128_WITH_MD5;,/public/work/210/rt_ssl/src/ClientMsg.c,5238,,deferred,no retail references
SSL_CK_RC2_128_CBC_WITH_MD5,0x00199C20,core.rdata,undefined,0,cypher_spec SSL_CK_RC2_128_CBC_WITH_MD5;,/public/work/210/rt_ssl/src/ClientMsg.c,5240,,deferred,no retail references
SSL_CK_IDEA_128_CBC_WITH_MD5,0x00199C30,core.rdata,undefined,0,cypher_spec SSL_CK_IDEA_128_CBC_WITH_MD5;,/public/work/210/rt_ssl/src/ClientMsg.c,5242,,deferred,no retail references
SSL_CK_DES_192_EDE3_CBC_WITH_MD5,0x00199C40,core.rdata,undefined,0,cypher_spec SSL_CK_DES_192_EDE3_CBC_WITH_MD5;,/public/work/210/rt_ssl/src/ClientMsg.c,5244,,deferred,no retail references
SSL_RSA_WITH_NULL_MD5,0x00199C50,core.rdata,undefined,0,cypher_spec SSL_RSA_WITH_NULL_MD5;,/public/work/210/rt_ssl/src/ClientMsg.c,5246,,deferred,no retail references
SSL_RSA_EXPORT_WITH_RC4_40_MD5,0x00199C60,core.rdata,undefined,0,cypher_spec SSL_RSA_EXPORT_WITH_RC4_40_MD5;,/public/work/210/rt_ssl/src/ClientMsg.c,5248,,deferred,no retail references
SSL_RSA_WITH_RC4_128_MD5,0x00199C68,core.rdata,undefined1,1,cypher_spec SSL_RSA_WITH_RC4_128_MD5;,/public/work/210/rt_ssl/src/ClientMsg.c,5249,medius/rt_ssl/src/ClientMsg.c:192,mapped,unique retail data label and matching prototype declaration/source
SSL_RSA_WITH_RC4_128_SHA,0x00199C70,core.rdata,undefined,0,cypher_spec SSL_RSA_WITH_RC4_128_SHA;,/public/work/210/rt_ssl/src/ClientMsg.c,5250,,deferred,no retail references
SSL_RSA_WITH_IDEA_CBC_SHA,0x00199C80,core.rdata,undefined,0,cypher_spec SSL_RSA_WITH_IDEA_CBC_SHA;,/public/work/210/rt_ssl/src/ClientMsg.c,5252,,deferred,no retail references
SSL_RSA_WITH_DES_CBC_SHA,0x00199C90,core.rdata,undefined,0,cypher_spec SSL_RSA_WITH_DES_CBC_SHA;,/public/work/210/rt_ssl/src/ClientMsg.c,5254,,deferred,no retail references
SSL_DH_DSS_EXPORT_WITH_DES40_CBC_SHA,0x00199CA0,core.rdata,undefined,0,cypher_spec SSL_DH_DSS_EXPORT_WITH_DES40_CBC_SHA;,/public/work/210/rt_ssl/src/ClientMsg.c,5256,,deferred,no retail references
SSL_DH_DSS_WITH_3DES_EDE_CBC_SHA,0x00199CB0,core.rdata,undefined,0,cypher_spec SSL_DH_DSS_WITH_3DES_EDE_CBC_SHA;,/public/work/210/rt_ssl/src/ClientMsg.c,5258,,deferred,no retail references
SSL_DH_RSA_WITH_DES_CBC_SHA,0x00199CC0,core.rdata,undefined,0,cypher_spec SSL_DH_RSA_WITH_DES_CBC_SHA;,/public/work/210/rt_ssl/src/ClientMsg.c,5260,,deferred,no retail references
SSL_DHE_DSS_EXPORT_WITH_DES40_CBC_SHA,0x00199CD0,core.rdata,undefined,0,cypher_spec SSL_DHE_DSS_EXPORT_WITH_DES40_CBC_SHA;,/public/work/210/rt_ssl/src/ClientMsg.c,5262,,deferred,no retail references
SSL_DHE_DSS_WITH_3DES_EDE_CBC_SHA,0x00199CE0,core.rdata,undefined,0,cypher_spec SSL_DHE_DSS_WITH_3DES_EDE_CBC_SHA;,/public/work/210/rt_ssl/src/ClientMsg.c,5264,,deferred,no retail references
SSL_DHE_RSA_WITH_DES_CBC_SHA,0x00199CF0,core.rdata,undefined,0,cypher_spec SSL_DHE_RSA_WITH_DES_CBC_SHA;,/public/work/210/rt_ssl/src/ClientMsg.c,5266,,deferred,no retail references
SSL_DH_anon_EXPORT_WITH_RC4_40_MD5,0x00199D00,core.rdata,undefined,0,cypher_spec SSL_DH_anon_EXPORT_WITH_RC4_40_MD5;,/public/work/210/rt_ssl/src/ClientMsg.c,5268,,deferred,no retail references
SSL_DH_anon_EXPORT_WITH_DES40_CBC_SHA,0x00199D10,core.rdata,undefined,0,cypher_spec SSL_DH_anon_EXPORT_WITH_DES40_CBC_SHA;,/public/work/210/rt_ssl/src/ClientMsg.c,5270,,deferred,no retail references
SSL_DH_anon_WITH_3DES_EDE_CBC_SHA,0x00199D20,core.rdata,undefined,0,cypher_spec SSL_DH_anon_WITH_3DES_EDE_CBC_SHA;,/public/work/210/rt_ssl/src/ClientMsg.c,5272,,deferred,no retail references
SSL_FORTEZZA_DMS_WITH_FORTEZZA_CBC_SHA,0x00199D30,core.rdata,undefined,0,cypher_spec SSL_FORTEZZA_DMS_WITH_FORTEZZA_CBC_SHA;,/public/work/210/rt_ssl/src/ClientMsg.c,5274,,deferred,no retail references
SENDER_CLIENT,0x00199EA0,core.rdata,undefined,2,,,,,deferred,missing prototype declaration
PAD1,0x00199EB0,core.rdata,string,4,,,,,deferred,missing prototype declaration
PAD2,0x00199EE0,core.rdata,string,4,,,,,deferred,missing prototype declaration
gszVersionString.0,0x00199F10,core.rdata,string,0,,,,,deferred,not a plain C identifier
gScertSoftkeyRootCA,0x0019A510,core.rdata,undefined,1,unsigned char gScertSoftkeyRootCA[958];,/public/work/210/rt_cert/src/x509.c,5311,medius/rt_cert/src/x509.c:48,mapped,unique retail data label and matching prototype declaration/source
twiddle512,0x0019E930,core.rdata,undefined4,2,,,,,deferred,missing prototype declaration
realTwiddle,0x0019EE20,core.rdata,undefined,1,,,,,deferred,missing prototype declaration
cmplxTwiddle,0x0019F220,core.rdata,undefined,5,,,,,deferred,missing prototype declaration
trigTBL_32_data,0x0019FA40,core.rdata,undefined,2,float trigTBL_32_data[0];,x:/usr/local/nellymoser/lib/source/shared/trigSC.c,6014,nellymoser/shared/trigSC.c:5,mapped,unique retail data label and matching prototype declaration/source
CsTable_data,0x0019FF50,core.rdata,undefined,2,float CsTable_data[0];,x:/usr/local/nellymoser/lib/source/shared/trigSC.c,6015,nellymoser/shared/trigSC.c:8,mapped,unique retail data label and matching prototype declaration/source
g_kTrigTableByteSize,0x001A0000,core.rdata,undefined4,26,int g_kTrigTableByteSize;,x:/usr/local/nellymoser/lib/source/shared/trigSC.c,6020,nellymoser/shared/trigSC.c:15,mapped,unique retail data label and matching prototype declaration/source
g_kCsTableByteSize,0x001A0004,core.rdata,undefined4,2,int g_kCsTableByteSize;,x:/usr/local/nellymoser/lib/source/shared/trigSC.c,6021,nellymoser/shared/trigSC.c:16,mapped,unique retail data label and matching prototype declaration/source
fRadiansToIndex,0x001A0008,core.rdata,undefined4,4,float fRadiansToIndex;,x:/usr/local/nellymoser/lib/source/shared/trigSC.c,6022,nellymoser/shared/trigSC.c:17,mapped,unique retail data label and matching prototype declaration/source
CpfPitchTable,0x001A0198,core.rdata,undefined4,12,float CpfPitchTable[74];,x:/usr/local/nellymoser/lib/source/saseenc/source/LDPDA.c,6068,nellymoser/saseenc/source/LDPDA.c:5,mapped,unique retail data label and matching prototype declaration/source
cpfBoundary,0x001A02C0,core.rdata,undefined,0,,,,,deferred,missing prototype declaration
cpfScaleFactor,0x001A02E0,core.rdata,undefined,1,,,,,deferred,missing prototype declaration
BitTable_SC3,0x001A1960,core.rdata,undefined2,1,,,,,deferred,missing prototype declaration
fWinPeriod,0x001A39A0,core.rdata,undefined4,1,,,,,deferred,missing prototype declaration
_fbss,0x001A5180,core.bss,undefined4,17,,,,,deferred,multiple retail names share this address
errno,0x001A5180,core.bss,undefined4,17,,,,,deferred,multiple retail names share this address
str.13,0x001A5188,core.bss,undefined1,17,,,,,deferred,not a plain C identifier
pch.20,0x001A5230,core.bss,undefined1,6,,,,,deferred,not a plain C identifier
pch.3,0x001A52B0,core.bss,undefined1,6,,,,,deferred,not a plain C identifier
q.12,0x001A5B80,core.bss,undefined4,2,,,,,deferred,not a plain C identifier
tinfo,0x001A5C90,core.bss,undefined4,6,,,,,deferred,missing prototype declaration
thenan.3,0x001AD010,core.bss,undefined,3,,,,,deferred,not a plain C identifier
gUserArguments,0x001BC838,core.bss,undefined4,1,void *gUserArguments[126];,/public/work/210/MediusClientLibrary/src/MediusClient.c,5091,medius/MediusClientLibrary/src/MediusClient.c:399,mapped,unique retail data label and matching prototype declaration/source
gMediusFunctionPointers,0x001BCA30,core.bss,undefined4,1,MEDIUS_FUNCTION_POINTER gMediusFunctionPointers;,/public/work/210/MediusClientLibrary/src/MediusClient.c,5090,medius/MediusClientLibrary/src/MediusClient.c:398,mapped,unique retail data label and matching prototype declaration/source
MyFilterMaskInfo,0x001BD290,core.bss,undefined4,3,MediusFilterMask MyFilterMaskInfo;,/public/work/210/MediusClientLibrary/src/MediusClient.c,5092,medius/MediusClientLibrary/src/MediusClient.c:400,mapped,unique retail data label and matching prototype declaration/source
m_contextData,0x001BD2B0,core.bss,undefined8,11,,,,,deferred,missing prototype declaration
gStats,0x001C1F80,core.bss,undefined4,5,SndSystemStatus gStats;,X:/usr/local/989snd/ee/989snd.c,44,,existing,already in symbol files
gLoadParams,0x001C2000,core.bss,undefined4,4,int gLoadParams[8];,X:/usr/local/989snd/ee/989snd.c,46,,existing,already in symbol files
Sound,0x001D2200,core.bss,undefined4,9,SoundGlobals Sound;,X:/rcb/code/stable/game/gameglobals.cpp,239,game_dl/gameglobals.cpp:2110,mapped,unique retail data label and matching prototype declaration/source
Scrn,0x001D3F40,core.bss,undefined4,35,SCRN Scrn;,X:/rcb/code/stable/game/gameglobals.cpp,240,game_dl/gameglobals.cpp:2111,mapped,unique retail data label and matching prototype declaration/source
Stash,0x001DFA70,core.bss,undefined4,3,StashInfo Stash;,X:/rcb/code/stable/game/gameglobals.cpp,242,game_dl/gameglobals.cpp:2113,mapped,unique retail data label and matching prototype declaration/source
Space,0x001DFC40,core.bss,undefined2,3,SpaceDef Space;,X:/rcb/code/stable/game/gameglobals.cpp,247,game_dl/gameglobals.cpp:2118,mapped,unique retail data label and matching prototype declaration/source
ArmorLoad,0x001DFC60,core.bss,undefined4,6,ArmorLoadDef ArmorLoad;,X:/rcb/code/stable/game/gameglobals.cpp,249,game_dl/gameglobals.cpp:2120,mapped,unique retail data label and matching prototype declaration/source
GSmem,0x001DFCF0,core.bss,undefined4,6,GSMEM GSmem;,X:/rcb/code/stable/game/gameglobals.cpp,252,game_dl/gameglobals.cpp:2123,mapped,unique retail data label and matching prototype declaration/source
mpGameOverData,0x001E0D78,core.bss,undefined4,6,tGameOverData mpGameOverData;,X:/rcb/code/stable/game/gameglobals.cpp,258,game_dl/gameglobals.cpp:2129,mapped,unique retail data label and matching prototype declaration/source
HelpDataMessages,0x001F1400,core.bss,undefined2,11,HelpDatum HelpDataMessages[2086];,X:/rcb/code/stable/game/gameglobals.cpp,267,game_dl/gameglobals.cpp:2138,mapped,unique retail data label and matching prototype declaration/source
HelpLog,0x001F7788,core.bss,undefined2,5,short unsigned int HelpLog[2100];,X:/rcb/code/stable/game/gameglobals.cpp,270,game_dl/gameglobals.cpp:2141,mapped,unique retail data label and matching prototype declaration/source
g_s_gc_mgr,0x0020B9C0,core.bss,undefined4,10,gadgetCacheMgr g_s_gc_mgr;,X:/rcb/code/stable/game/gameglobals.cpp,291,game_dl/gameglobals.cpp:2162,mapped,unique retail data label and matching prototype declaration/source
aaDisplayRegs,0x0020BF10,core.bss,undefined8,3,long long int aaDisplayRegs[41];,X:/rcb/code/stable/game/gameglobals.cpp,314,game_dl/gameglobals.cpp:2185,mapped,unique retail data label and matching prototype declaration/source
aaMovieDisplayRegs,0x0020C1A0,core.bss,undefined8,2,long long int aaMovieDisplayRegs[37];,X:/rcb/code/stable/game/gameglobals.cpp,315,game_dl/gameglobals.cpp:2186,mapped,unique retail data label and matching prototype declaration/source
aaClearRegs,0x0020C3F0,core.bss,undefined8,4,long long int aaClearRegs[21];,X:/rcb/code/stable/game/gameglobals.cpp,316,game_dl/gameglobals.cpp:2187,mapped,unique retail data label and matching prototype declaration/source
g_NetMessageId,0x0021210C,core.bss,undefined4,3,unsigned int g_NetMessageId[19];,X:/rcb/code/stable/game/network/nwMessages.cpp,3525,game_dl/network/nwMessages.cpp:5,mapped,unique retail data label and matching prototype declaration/source
g_NetPlayerDataFieldIndexMasks,0x002124A0,core.bss,undefined4,1,unsigned int g_NetPlayerDataFieldIndexMasks[20];,X:/rcb/code/stable/game/network/nwObjects.cpp,3544,game_dl/network/nwObjects.cpp:25852,mapped,unique retail data label and matching prototype declaration/source
g_LocalGameSettingObject,0x002124F0,core.bss,undefined8,7,tNW_GameSettings g_LocalGameSettingObject;,X:/rcb/code/stable/game/network/nwObjects.cpp,3548,game_dl/network/nwObjects.cpp:25856,mapped,unique retail data label and matching prototype declaration/source
g_LocalGameOptions,0x002126B8,core.bss,undefined1,8,tNW_GameOptions g_LocalGameOptions;,X:/rcb/code/stable/game/network/nwObjects.cpp,3550,game_dl/network/nwObjects.cpp:25860,mapped,unique retail data label and matching prototype declaration/source
gMultiDecMap,0x00212710,core.bss,undefined4,6,int gMultiDecMap[10];,X:/rcb/code/stable/game/network/nwAudioUtil.cpp,3585,game_dl/network/nwAudioUtil.cpp:126,mapped,unique retail data label and matching prototype declaration/source
__CTOR_LIST__,0x0021D980,core.bss,undefined4,2,func_ptr __CTOR_LIST__[2];,/usr/local/sce/ee/gcc/src/gcc/libgcc2.c,4385,gcc/src/gcc/libgcc2.c:5,mapped,unique retail data label and matching prototype declaration/source
G_MCL_uiRequestInfoType,0x0021D990,core.bss,undefined4,4,unsigned int G_MCL_uiRequestInfoType;,/public/work/210/MediusClientLibrary/src/MediusClient.c,5093,medius/MediusClientLibrary/src/MediusClient.c:401,mapped,unique retail data label and matching prototype declaration/source
G_MFS_pClientUploadData,0x0021D994,core.bss,undefined4,1,unsigned char *G_MFS_pClientUploadData;,/public/work/210/MediusClientLibrary/src/MediusFileServices.c,5195,medius/MediusClientLibrary/src/MediusFileServices.c:6,mapped,unique retail data label and matching prototype declaration/source
gLANMessage,0x0021D9A0,core.bss,undefined4,1,LAN_MESSAGE_MANAGER gLANMessage;,/public/work/210/dme_client/src/rt_lanmessage.c,4871,medius/dme_client/src/rt_lanmessage.c:48,mapped,unique retail data label and matching prototype declaration/source
m_errorCode,0x0021D9B0,core.bss,undefined4,3,,,,,deferred,missing prototype declaration
m_bDNSLookupFinished,0x0021D9B4,core.bss,undefined4,3,,,,,deferred,missing prototype declaration
gLoadReturnValue,0x0021D9C0,core.bss,undefined4,14,u_int gLoadReturnValue[4];,X:/usr/local/989snd/ee/989snd.c,45,,existing,already in symbol files
frm_clock_time,0x0021DA00,core.bss,undefined8,4,long int frm_clock_time;,X:/rcb/code/stable/game/permcb.cpp,53,game_dl/permcb.cpp:5,mapped,unique retail data label and matching prototype declaration/source
frm_vsync_cnt,0x0021DA08,core.bss,undefined8,4,long int frm_vsync_cnt;,X:/rcb/code/stable/game/permcb.cpp,54,game_dl/permcb.cpp:6,mapped,unique retail data label and matching prototype declaration/source
frm_vsync_time,0x0021DA10,core.bss,undefined8,1,long int frm_vsync_time;,X:/rcb/code/stable/game/permcb.cpp,55,game_dl/permcb.cpp:7,mapped,unique retail data label and matching prototype declaration/source
LevelLoad,0x0021DA24,core.bss,undefined4,11,LEVELLOAD LevelLoad;,X:/rcb/code/stable/game/gameglobals.cpp,246,game_dl/gameglobals.cpp:2117,mapped,unique retail data label and matching prototype declaration/source
GSloc,0x0021DA30,core.bss,undefined4,54,int GSloc;,X:/rcb/code/stable/game/gameglobals.cpp,250,game_dl/gameglobals.cpp:2121,mapped,unique retail data label and matching prototype declaration/source
GSbase,0x0021DA34,core.bss,undefined4,21,int GSbase;,X:/rcb/code/stable/game/gameglobals.cpp,251,game_dl/gameglobals.cpp:2122,mapped,unique retail data label and matching prototype declaration/source
LastSaveTime,0x0021DA40,core.bss,undefined8,9,sceCdCLOCK LastSaveTime;,X:/rcb/code/stable/game/gameglobals.cpp,254,game_dl/gameglobals.cpp:2125,mapped,unique retail data label and matching prototype declaration/source
g_lastGameDidNotHaveCheater,0x0021DA6C,core.bss,undefined1,3,char g_lastGameDidNotHaveCheater;,X:/rcb/code/stable/game/gameglobals.cpp,266,game_dl/gameglobals.cpp:2137,mapped,unique retail data label and matching prototype declaration/source
TotalPlayTime,0x0021DA70,core.bss,undefined4,14,unsigned int TotalPlayTime;,X:/rcb/code/stable/game/gameglobals.cpp,271,game_dl/gameglobals.cpp:2142,mapped,unique retail data label and matching prototype declaration/source
TotalDeaths,0x0021DA74,core.bss,undefined4,2,int TotalDeaths;,X:/rcb/code/stable/game/gameglobals.cpp,272,game_dl/gameglobals.cpp:2143,mapped,unique retail data label and matching prototype declaration/source
pAAbuff,0x0021DA7C,core.bss,undefined4,49,fsAABuff *pAAbuff;,X:/rcb/code/stable/game/gameglobals.cpp,281,game_dl/gameglobals.cpp:2152,mapped,unique retail data label and matching prototype declaration/source
g_loadErr,0x0021DAA4,core.bss,undefined4,2,int g_loadErr;,X:/rcb/code/stable/game/gameglobals.cpp,297,game_dl/gameglobals.cpp:2168,mapped,unique retail data label and matching prototype declaration/source
g_DispXPOS,0x0021DAA8,core.bss,undefined4,3,int g_DispXPOS;,X:/rcb/code/stable/game/gameglobals.cpp,301,,existing_alias,already named displayX
g_DispYPOS,0x0021DAAC,core.bss,undefined4,3,int g_DispYPOS;,X:/rcb/code/stable/game/gameglobals.cpp,302,,existing_alias,already named displayY
g_easyAbort,0x0021DAD8,core.bss,undefined4,15,int g_easyAbort;,X:/rcb/code/stable/game/gameglobals.cpp,318,game_dl/gameglobals.cpp:2189,mapped,unique retail data label and matching prototype declaration/source
mcstate_response,0x0021DADC,core.bss,undefined4,14,int mcstate_response;,X:/rcb/code/stable/game/gameglobals.cpp,320,game_dl/gameglobals.cpp:2191,mapped,unique retail data label and matching prototype declaration/source
mc_state,0x0021DAE0,core.bss,undefined4,5,int mc_state;,X:/rcb/code/stable/game/gameglobals.cpp,321,game_dl/gameglobals.cpp:2192,mapped,unique retail data label and matching prototype declaration/source
mcstate_flags,0x0021DAE4,core.bss,undefined4,44,int mcstate_flags;,X:/rcb/code/stable/game/gameglobals.cpp,322,game_dl/gameglobals.cpp:2193,mapped,unique retail data label and matching prototype declaration/source
nwCreateGameSettings,0x0021DBC0,core.bss,undefined4,3,mpGameInitSettings nwCreateGameSettings;,X:/rcb/code/stable/game/network/nwObjects.cpp,3540,game_dl/network/nwObjects.cpp:385,mapped,unique retail data label and matching prototype declaration/source
g_NW_GameSettingsTypeId,0x0021DBD0,core.bss,undefined4,3,int g_NW_GameSettingsTypeId;,X:/rcb/code/stable/game/network/nwObjects.cpp,3542,game_dl/network/nwObjects.cpp:25850,mapped,unique retail data label and matching prototype declaration/source
g_NW_PlayerDataTypeId,0x0021DBD4,core.bss,undefined4,3,int g_NW_PlayerDataTypeId;,X:/rcb/code/stable/game/network/nwObjects.cpp,3543,game_dl/network/nwObjects.cpp:25851,mapped,unique retail data label and matching prototype declaration/source
g_NW_ClientJoinResponseId,0x0021DBE4,core.bss,undefined4,2,unsigned int g_NW_ClientJoinResponseId;,X:/rcb/code/stable/game/network/nwObjects.cpp,3549,game_dl/network/nwObjects.cpp:25857,mapped,unique retail data label and matching prototype declaration/source
g_NW_GameOptionsMessageId,0x0021DBF0,core.bss,undefined4,2,unsigned int g_NW_GameOptionsMessageId;,X:/rcb/code/stable/game/network/nwObjects.cpp,3551,game_dl/network/nwObjects.cpp:25861,mapped,unique retail data label and matching prototype declaration/source
InStreamBufferCount,0x0021DC18,core.bss,undefined1,13,unsigned char InStreamBufferCount[3];,X:/rcb/code/stable/game/network/nellymoser_wrapper.cpp,3607,game_dl/network/nellymoser_wrapper.cpp:20,mapped,unique retail data label and matching prototype declaration/source
InStreamBufferTerm,0x0021DC20,core.bss,undefined1,4,unsigned char InStreamBufferTerm[3];,X:/rcb/code/stable/game/network/nellymoser_wrapper.cpp,3608,game_dl/network/nellymoser_wrapper.cpp:22,mapped,unique retail data label and matching prototype declaration/source
g_RandSeed,0x0021DC80,core.lit,undefined4,6,unsigned int g_RandSeed;,X:/rcb/code/stable/game/boot.cpp,9,game_dl/boot.cpp:23,mapped,unique retail data label and matching prototype declaration/source
g_SkipBootIntro,0x0021DC84,core.lit,undefined4,2,unsigned int g_SkipBootIntro;,X:/rcb/code/stable/game/boot.cpp,10,,existing,already in symbol files
gCommBusy,0x0021DCA8,core.lit,undefined4,14,u_int *gCommBusy;,X:/usr/local/989snd/ee/989snd.c,15,,existing,already in symbol files
gAwaitingInts,0x0021DCAC,core.lit,undefined4,3,int gAwaitingInts;,X:/usr/local/989snd/ee/989snd.c,16,,existing,already in symbol files
gLocalLoadError,0x0021DCB0,core.lit,undefined4,3,int gLocalLoadError;,X:/usr/local/989snd/ee/989snd.c,17,,existing,already in symbol files
gStreamingInited,0x0021DCB4,core.lit,undefined4,9,int gStreamingInited;,X:/usr/local/989snd/ee/989snd.c,18,,existing,already in symbol files
gCdCallback,0x0021DCB8,core.lit,undefined4,3,void (*gCdCallback)(/* parameters unknown */);,X:/usr/local/989snd/ee/989snd.c,19,,existing,already in symbol files
gSSRead,0x0021DCBC,core.lit,undefined4,5,int gSSRead;,X:/usr/local/989snd/ee/989snd.c,20,,existing,already in symbol files
gSSReadDone,0x0021DCC0,core.lit,undefined4,5,int gSSReadDone;,X:/usr/local/989snd/ee/989snd.c,21,,existing,already in symbol files
gLoadingFromFS,0x0021DCC4,core.lit,undefined4,2,int gLoadingFromFS;,X:/usr/local/989snd/ee/989snd.c,22,,existing,already in symbol files
gCommandBuffeBytesAvail,0x0021DCD0,core.lit,undefined4,7,int gCommandBuffeBytesAvail[2];,X:/usr/local/989snd/ee/989snd.c,24,,existing,already in symbol files
gCommandFillBuffer,0x0021DCE8,core.lit,undefined4,17,int gCommandFillBuffer;,X:/usr/local/989snd/ee/989snd.c,27,,existing,already in symbol files
gCaching,0x0021DCEC,core.lit,undefined4,7,int gCaching;,X:/usr/local/989snd/ee/989snd.c,28,,existing,already in symbol files
gLoadBusy,0x0021DCF0,core.lit,undefined4,9,u_int gLoadBusy;,X:/usr/local/989snd/ee/989snd.c,29,,existing,already in symbol files
gLoadReturnDef,0x0021DCF8,core.lit,undefined4,4,SndCommandReturnDef gLoadReturnDef;,X:/usr/local/989snd/ee/989snd.c,30,,existing,already in symbol files
gPrefs_Silent,0x0021DD20,core.lit,undefined4,15,int gPrefs_Silent;,X:/usr/local/989snd/ee/989snd.c,34,,existing,already in symbol files
TN_savedDifficultyLevel,0x0021DD28,core.lit,undefined4,2,int TN_savedDifficultyLevel;,X:/rcb/code/stable/game/gameglobals.cpp,67,game_dl/gameglobals.cpp:452,mapped,unique retail data label and matching prototype declaration/source
Update_ShowFreezePulled,0x0021DD2C,core.lit,undefined1,2,bool Update_ShowFreezePulled;,X:/rcb/code/stable/game/gameglobals.cpp,68,game_dl/gameglobals.cpp:453,mapped,unique retail data label and matching prototype declaration/source
g_iopload_core_modules_initialized,0x0021DD52,core.lit,undefined1,6,bool g_iopload_core_modules_initialized;,X:/rcb/code/stable/game/gameglobals.cpp,79,game_dl/gameglobals.cpp:464,mapped,unique retail data label and matching prototype declaration/source
g_iopload_singleplayer_modules_loaded,0x0021DD53,core.lit,undefined1,6,bool g_iopload_singleplayer_modules_loaded;,X:/rcb/code/stable/game/gameglobals.cpp,80,game_dl/gameglobals.cpp:465,mapped,unique retail data label and matching prototype declaration/source
g_iopload_multiplayer_modules_loaded,0x0021DD54,core.lit,undefined1,6,bool g_iopload_multiplayer_modules_loaded;,X:/rcb/code/stable/game/gameglobals.cpp,81,game_dl/gameglobals.cpp:466,mapped,unique retail data label and matching prototype declaration/source
g_preload_landstalker_texture,0x0021DD60,core.lit,undefined4,1,int g_preload_landstalker_texture;,X:/rcb/code/stable/game/gameglobals.cpp,84,game_dl/gameglobals.cpp:469,mapped,unique retail data label and matching prototype declaration/source
g_LoadMissionIndex,0x0021DD64,core.lit,undefined4,7,int g_LoadMissionIndex;,X:/rcb/code/stable/game/gameglobals.cpp,85,game_dl/gameglobals.cpp:470,mapped,unique retail data label and matching prototype declaration/source
g_LoadChunk,0x0021DD68,core.lit,undefined4,3,int g_LoadChunk;,X:/rcb/code/stable/game/gameglobals.cpp,86,game_dl/gameglobals.cpp:471,mapped,unique retail data label and matching prototype declaration/source
g_MissionFuncMissionIndex,0x0021DD6C,core.lit,undefined4,3,int g_MissionFuncMissionIndex;,X:/rcb/code/stable/game/gameglobals.cpp,87,game_dl/gameglobals.cpp:472,mapped,unique retail data label and matching prototype declaration/source
g_PatchData,0x0021DD70,core.lit,undefined4,7,void *g_PatchData;,X:/rcb/code/stable/game/gameglobals.cpp,88,game_dl/gameglobals.cpp:473,mapped,unique retail data label and matching prototype declaration/source
g_DownloadPatchSize,0x0021DD78,core.lit,undefined,0,int g_DownloadPatchSize;,X:/rcb/code/stable/game/gameglobals.cpp,90,,deferred,no retail references
g_StashGadgetMemory,0x0021DD80,core.lit,undefined4,1,void *g_StashGadgetMemory;,X:/rcb/code/stable/game/gameglobals.cpp,93,game_dl/gameglobals.cpp:478,mapped,unique retail data label and matching prototype declaration/source
g_spinSpeed,0x0021DD84,core.lit,undefined1,5,int g_spinSpeed;,X:/rcb/code/stable/game/gameglobals.cpp,95,game_dl/gameglobals.cpp:502,mapped,unique retail data label and matching prototype declaration/source
gCurrentCameraIndex,0x0021DD9C,core.lit,undefined4,18,int gCurrentCameraIndex;,X:/rcb/code/stable/game/gameglobals.cpp,102,game_dl/gameglobals.cpp:522,mapped,unique retail data label and matching prototype declaration/source
gFrameHz,0x0021DDA0,core.lit,undefined4,2,int gFrameHz;,X:/rcb/code/stable/game/gameglobals.cpp,103,game_dl/gameglobals.cpp:523,mapped,unique retail data label and matching prototype declaration/source
gNumLocalHeroes,0x0021DDA4,core.lit,pointer,119,int &gNumLocalHeroes;,X:/rcb/code/stable/game/gameglobals.cpp,104,game_dl/gameglobals.cpp:524,mapped,unique retail data label and matching prototype declaration/source
gNumLocalBots,0x0021DDA8,core.lit,pointer,7,int &gNumLocalBots;,X:/rcb/code/stable/game/gameglobals.cpp,105,game_dl/gameglobals.cpp:525,mapped,unique retail data label and matching prototype declaration/source
gameMode,0x0021DDB4,core.lit,undefined4,70,gameMode_t gameMode;,X:/rcb/code/stable/game/gameglobals.cpp,108,game_dl/gameglobals.cpp:528,mapped,unique retail data label and matching prototype declaration/source
worldUpdateTime,0x0021DDB8,core.lit,undefined4,84,int worldUpdateTime;,X:/rcb/code/stable/game/gameglobals.cpp,109,game_dl/gameglobals.cpp:529,mapped,unique retail data label and matching prototype declaration/source
pPad0,0x0021DDCC,core.lit,undefined4,61,PAD *pPad0;,X:/rcb/code/stable/game/gameglobals.cpp,117,game_dl/gameglobals.cpp:537,mapped,unique retail data label and matching prototype declaration/source
pPad1,0x0021DDD0,core.lit,undefined4,2,PAD *pPad1;,X:/rcb/code/stable/game/gameglobals.cpp,118,game_dl/gameglobals.cpp:538,mapped,unique retail data label and matching prototype declaration/source
NtscPalSpeedAdjuster,0x0021DDE8,core.lit,undefined4,6,float NtscPalSpeedAdjuster;,X:/rcb/code/stable/game/gameglobals.cpp,121,game_dl/gameglobals.cpp:548,mapped,unique retail data label and matching prototype declaration/source
NtscPalAccelAdjuster,0x0021DDEC,core.lit,undefined4,70,float NtscPalAccelAdjuster;,X:/rcb/code/stable/game/gameglobals.cpp,122,game_dl/gameglobals.cpp:549,mapped,unique retail data label and matching prototype declaration/source
NtscPalFrameAdjuster,0x0021DDF0,core.lit,undefined4,2,float NtscPalFrameAdjuster;,X:/rcb/code/stable/game/gameglobals.cpp,123,game_dl/gameglobals.cpp:550,mapped,unique retail data label and matching prototype declaration/source
NtscPalSpeedPerSecAdjuster,0x0021DDF4,core.lit,undefined4,184,float NtscPalSpeedPerSecAdjuster;,X:/rcb/code/stable/game/gameglobals.cpp,124,game_dl/gameglobals.cpp:551,mapped,unique retail data label and matching prototype declaration/source
NtscPalAccelPerSecAdjuster,0x0021DDF8,core.lit,undefined4,116,float NtscPalAccelPerSecAdjuster;,X:/rcb/code/stable/game/gameglobals.cpp,125,game_dl/gameglobals.cpp:552,mapped,unique retail data label and matching prototype declaration/source
NtscPalAccelXlPerSecAdjuster,0x0021DDFC,core.lit,undefined4,2,float NtscPalAccelXlPerSecAdjuster;,X:/rcb/code/stable/game/gameglobals.cpp,126,game_dl/gameglobals.cpp:553,mapped,unique retail data label and matching prototype declaration/source
NtscPalTimerTicksPerFrame,0x0021DE00,core.lit,undefined4,2,int NtscPalTimerTicksPerFrame;,X:/rcb/code/stable/game/gameglobals.cpp,127,game_dl/gameglobals.cpp:554,mapped,unique retail data label and matching prototype declaration/source
NtscPalFrameTimeInSecondsFloat,0x0021DE04,core.lit,undefined4,12,float NtscPalFrameTimeInSecondsFloat;,X:/rcb/code/stable/game/gameglobals.cpp,128,game_dl/gameglobals.cpp:555,mapped,unique retail data label and matching prototype declaration/source
Level,0x0021DE10,core.lit,undefined4,187,int Level;,X:/rcb/code/stable/game/gameglobals.cpp,149,game_dl/gameglobals.cpp:1313,mapped,unique retail data label and matching prototype declaration/source
GlobalFlags,0x0021DE18,core.lit,undefined1,1,char GlobalFlags[12];,X:/rcb/code/stable/game/gameglobals.cpp,153,game_dl/gameglobals.cpp:1404,mapped,unique retail data label and matching prototype declaration/source
CheatsActivated,0x0021DE30,core.lit,undefined1,17,char CheatsActivated[14];,X:/rcb/code/stable/game/gameglobals.cpp,155,game_dl/gameglobals.cpp:1421,mapped,unique retail data label and matching prototype declaration/source
mSaveErrorSpaceTransition,0x0021DE68,core.lit,undefined1,1,bool mSaveErrorSpaceTransition;,X:/rcb/code/stable/game/gameglobals.cpp,171,game_dl/gameglobals.cpp:1636,mapped,unique retail data label and matching prototype declaration/source
gParsedBootOptions,0x0021DE69,core.lit,undefined1,8,char gParsedBootOptions;,X:/rcb/code/stable/game/gameglobals.cpp,173,,existing,already in symbol files
NTSCProgressive,0x0021DE6C,core.lit,undefined4,27,int NTSCProgressive;,X:/rcb/code/stable/game/gameglobals.cpp,177,,existing_alias,already named progressiveScan
ElapsedTime,0x0021DE70,core.lit,undefined4,2,int ElapsedTime;,X:/rcb/code/stable/game/gameglobals.cpp,178,game_dl/gameglobals.cpp:1859,mapped,unique retail data label and matching prototype declaration/source
HelpLogPos,0x0021DE74,core.lit,undefined4,6,int HelpLogPos;,X:/rcb/code/stable/game/gameglobals.cpp,184,game_dl/gameglobals.cpp:1883,mapped,unique retail data label and matching prototype declaration/source
g_newmissionindex,0x0021DE7C,core.lit,undefined4,3,int g_newmissionindex;,X:/rcb/code/stable/game/gameglobals.cpp,186,game_dl/gameglobals.cpp:1885,mapped,unique retail data label and matching prototype declaration/source
nwLobbyInitIntoScreen,0x0021DE80,core.lit,undefined4,7,NWLobbyInitToType nwLobbyInitIntoScreen;,X:/rcb/code/stable/game/gameglobals.cpp,187,,existing,already in symbol files
g_Font,0x0021DE88,core.lit,undefined4,3,FontFileHeader *g_Font;,X:/rcb/code/stable/game/gameglobals.cpp,189,game_dl/gameglobals.cpp:1888,mapped,unique retail data label and matching prototype declaration/source
g_FontMetrics,0x0021DE8C,core.lit,undefined4,18,FontMetric *g_FontMetrics;,X:/rcb/code/stable/game/gameglobals.cpp,190,game_dl/gameglobals.cpp:1889,mapped,unique retail data label and matching prototype declaration/source
g_CurrentFontName,0x0021DEC4,core.lit,undefined4,12,FontNames g_CurrentFontName;,X:/rcb/code/stable/game/gameglobals.cpp,195,game_dl/gameglobals.cpp:1910,mapped,unique retail data label and matching prototype declaration/source
g_PostEffectsFlags,0x0021DEC8,core.lit,undefined4,6,int g_PostEffectsFlags;,X:/rcb/code/stable/game/gameglobals.cpp,196,game_dl/gameglobals.cpp:1911,mapped,unique retail data label and matching prototype declaration/source
g_SandStormCreateSize,0x0021DECC,core.lit,undefined4,2,int g_SandStormCreateSize;,X:/rcb/code/stable/game/gameglobals.cpp,197,game_dl/gameglobals.cpp:1912,mapped,unique retail data label and matching prototype declaration/source
g_SandStormApplySize,0x0021DED0,core.lit,undefined4,2,int g_SandStormApplySize;,X:/rcb/code/stable/game/gameglobals.cpp,198,game_dl/gameglobals.cpp:1913,mapped,unique retail data label and matching prototype declaration/source
g_PostEffectsSrcW,0x0021DED4,core.lit,undefined4,5,int g_PostEffectsSrcW;,X:/rcb/code/stable/game/gameglobals.cpp,199,game_dl/gameglobals.cpp:1914,mapped,unique retail data label and matching prototype declaration/source
g_PostEffectsSrcH,0x0021DED8,core.lit,undefined4,4,int g_PostEffectsSrcH;,X:/rcb/code/stable/game/gameglobals.cpp,200,game_dl/gameglobals.cpp:1915,mapped,unique retail data label and matching prototype declaration/source
g_pBloomTex1,0x0021DEDC,core.lit,undefined4,4,int g_pBloomTex1;,X:/rcb/code/stable/game/gameglobals.cpp,201,game_dl/gameglobals.cpp:1916,mapped,unique retail data label and matching prototype declaration/source
g_pBloomSrc,0x0021DEE4,core.lit,undefined4,3,int g_pBloomSrc;,X:/rcb/code/stable/game/gameglobals.cpp,203,game_dl/gameglobals.cpp:1918,mapped,unique retail data label and matching prototype declaration/source
g_pBloomTempCopy,0x0021DEE8,core.lit,undefined4,6,int g_pBloomTempCopy;,X:/rcb/code/stable/game/gameglobals.cpp,204,game_dl/gameglobals.cpp:1919,mapped,unique retail data label and matching prototype declaration/source
g_pBloomTemp1,0x0021DEF0,core.lit,undefined4,12,int g_pBloomTemp1;,X:/rcb/code/stable/game/gameglobals.cpp,206,game_dl/gameglobals.cpp:1921,mapped,unique retail data label and matching prototype declaration/source
g_pBloomTemp2,0x0021DEF4,core.lit,undefined4,11,int g_pBloomTemp2;,X:/rcb/code/stable/game/gameglobals.cpp,207,game_dl/gameglobals.cpp:1922,mapped,unique retail data label and matching prototype declaration/source
g_pDofTex,0x0021DEFC,core.lit,undefined4,5,int g_pDofTex;,X:/rcb/code/stable/game/gameglobals.cpp,209,game_dl/gameglobals.cpp:1924,mapped,unique retail data label and matching prototype declaration/source
g_pSandStormTex,0x0021DF0C,core.lit,undefined4,6,int g_pSandStormTex;,X:/rcb/code/stable/game/gameglobals.cpp,213,game_dl/gameglobals.cpp:1928,mapped,unique retail data label and matching prototype declaration/source
g_BloomCreateSizeA_new,0x0021DF20,core.lit,undefined4,2,int g_BloomCreateSizeA_new;,X:/rcb/code/stable/game/gameglobals.cpp,218,game_dl/gameglobals.cpp:1933,mapped,unique retail data label and matching prototype declaration/source
g_BloomCreateSizeC_new,0x0021DF24,core.lit,undefined4,2,int g_BloomCreateSizeC_new;,X:/rcb/code/stable/game/gameglobals.cpp,219,game_dl/gameglobals.cpp:1934,mapped,unique retail data label and matching prototype declaration/source
g_BloomApplySize_new,0x0021DF28,core.lit,undefined4,2,int g_BloomApplySize_new;,X:/rcb/code/stable/game/gameglobals.cpp,220,game_dl/gameglobals.cpp:1935,mapped,unique retail data label and matching prototype declaration/source
g_pBloomPal,0x0021DF2C,core.lit,undefined4,3,int g_pBloomPal;,X:/rcb/code/stable/game/gameglobals.cpp,221,game_dl/gameglobals.cpp:1936,mapped,unique retail data label and matching prototype declaration/source
g_DofCreateSizeB_new,0x0021DF30,core.lit,undefined4,3,int g_DofCreateSizeB_new;,X:/rcb/code/stable/game/gameglobals.cpp,222,game_dl/gameglobals.cpp:1937,mapped,unique retail data label and matching prototype declaration/source
g_pDofPal,0x0021DF34,core.lit,undefined4,3,int g_pDofPal;,X:/rcb/code/stable/game/gameglobals.cpp,223,game_dl/gameglobals.cpp:1938,mapped,unique retail data label and matching prototype declaration/source
gIntelligentFrameRate,0x0021DF60,core.lit,undefined4,3,int gIntelligentFrameRate;,X:/rcb/code/stable/game/guber/GuberFunc.cpp,3923,game_dl/guber/GuberFunc.cpp:6,mapped,unique retail data label and matching prototype declaration/source
TN_difficultyLevel,0x0021DF64,core.lit,undefined4,6,int TN_difficultyLevel;,X:/rcb/code/stable/game/gameglobals.cpp,231,game_dl/gameglobals.cpp:1979,mapped,unique retail data label and matching prototype declaration/source
g_pInputContext,0x0021DF70,core.lit,undefined,0,rcSystemContext *g_pInputContext;,X:/rcb/code/stable/game/gameglobals.cpp,236,,deferred,no retail references
g_pSystemContext,0x0021DF78,core.lit,undefined,0,rcSystemContext *g_pSystemContext;,X:/rcb/code/stable/game/gameglobals.cpp,238,,deferred,no retail references
s_GetPlayerTypeCallback,0x0021DFA0,core.lit,undefined,0,,,,,deferred,missing prototype declaration
s_frame.2553,0x0021DFA8,core.lit,undefined4,2,,,,,deferred,not a plain C identifier
nwGuiCallback,0x0021DFB8,core.lit,undefined,0,,,,,deferred,missing prototype declaration
_nwMemUsed,0x0021DFC8,core.lit,undefined4,3,,,,,deferred,missing prototype declaration
g_NW_GameSettings,0x0021DFE8,core.lit,undefined4,123,tNW_GameSettings *g_NW_GameSettings;,X:/rcb/code/stable/game/network/nwObjects.cpp,3532,game_dl/network/nwObjects.cpp:74,mapped,unique retail data label and matching prototype declaration/source
gPendingNetPlayerDeletes,0x0021DFEC,core.lit,undefined4,7,unsigned int gPendingNetPlayerDeletes;,X:/rcb/code/stable/game/network/nwObjects.cpp,3533,game_dl/network/nwObjects.cpp:75,mapped,unique retail data label and matching prototype declaration/source
g_NW_GameOptions,0x0021DFF0,core.lit,undefined4,87,tNW_GameOptions *g_NW_GameOptions;,X:/rcb/code/stable/game/network/nwObjects.cpp,3536,game_dl/network/nwObjects.cpp:259,mapped,unique retail data label and matching prototype declaration/source
gUSBAudioDevice,0x0021E020,core.lit,undefined4,18,int gUSBAudioDevice;,X:/rcb/code/stable/game/network/nwAudioUtil.cpp,3561,game_dl/network/nwAudioUtil.cpp:81,mapped,unique retail data label and matching prototype declaration/source
gbPlaying,0x0021E028,core.lit,undefined4,6,,,,,deferred,missing prototype declaration
gAudioRemaining,0x0021E050,core.lit,undefined4,4,int gAudioRemaining;,X:/rcb/code/stable/game/network/nwAudioUtil.cpp,3570,game_dl/network/nwAudioUtil.cpp:101,mapped,unique retail data label and matching prototype declaration/source
gVoiceFrame,0x0021E054,core.lit,undefined4,8,int gVoiceFrame;,X:/rcb/code/stable/game/network/nwAudioUtil.cpp,3571,game_dl/network/nwAudioUtil.cpp:102,mapped,unique retail data label and matching prototype declaration/source
gAsyncOpValue,0x0021E058,core.lit,undefined4,7,int gAsyncOpValue[2];,X:/rcb/code/stable/game/network/nwAudioUtil.cpp,3572,game_dl/network/nwAudioUtil.cpp:104,mapped,unique retail data label and matching prototype declaration/source
gVoiceHandlerId,0x0021E060,core.lit,undefined4,1,int gVoiceHandlerId;,X:/rcb/code/stable/game/network/nwAudioUtil.cpp,3573,game_dl/network/nwAudioUtil.cpp:109,mapped,unique retail data label and matching prototype declaration/source
gbVoiceActive,0x0021E070,core.lit,undefined4,3,unsigned int gbVoiceActive;,X:/rcb/code/stable/game/network/nwAudioUtil.cpp,3575,game_dl/network/nwAudioUtil.cpp:116,mapped,unique retail data label and matching prototype declaration/source
gbVoiceInitialized,0x0021E074,core.lit,undefined4,4,unsigned int gbVoiceInitialized;,X:/rcb/code/stable/game/network/nwAudioUtil.cpp,3576,game_dl/network/nwAudioUtil.cpp:117,mapped,unique retail data label and matching prototype declaration/source
gAsyncPlayRemaining,0x0021E078,core.lit,undefined4,5,int gAsyncPlayRemaining;,X:/rcb/code/stable/game/network/nwAudioUtil.cpp,3577,game_dl/network/nwAudioUtil.cpp:118,mapped,unique retail data label and matching prototype declaration/source
gAsyncPlayFirst,0x0021E07C,core.lit,undefined4,4,int gAsyncPlayFirst;,X:/rcb/code/stable/game/network/nwAudioUtil.cpp,3578,game_dl/network/nwAudioUtil.cpp:119,mapped,unique retail data label and matching prototype declaration/source
gAsyncPlayLast,0x0021E080,core.lit,undefined4,4,int gAsyncPlayLast;,X:/rcb/code/stable/game/network/nwAudioUtil.cpp,3579,game_dl/network/nwAudioUtil.cpp:120,mapped,unique retail data label and matching prototype declaration/source
gAsyncRecordRemaining,0x0021E084,core.lit,undefined4,5,int gAsyncRecordRemaining;,X:/rcb/code/stable/game/network/nwAudioUtil.cpp,3580,game_dl/network/nwAudioUtil.cpp:121,mapped,unique retail data label and matching prototype declaration/source
gAsyncRecordFirst,0x0021E088,core.lit,undefined4,3,int gAsyncRecordFirst;,X:/rcb/code/stable/game/network/nwAudioUtil.cpp,3581,game_dl/network/nwAudioUtil.cpp:122,mapped,unique retail data label and matching prototype declaration/source
gAsyncRecordLast,0x0021E08C,core.lit,undefined4,5,int gAsyncRecordLast;,X:/rcb/code/stable/game/network/nwAudioUtil.cpp,3582,game_dl/network/nwAudioUtil.cpp:123,mapped,unique retail data label and matching prototype declaration/source
gLastOp,0x0021E090,core.lit,undefined4,1,AsyncOp gLastOp;,X:/rcb/code/stable/game/network/nwAudioUtil.cpp,3583,game_dl/network/nwAudioUtil.cpp:124,mapped,unique retail data label and matching prototype declaration/source
gFrame,0x0021E098,core.lit,undefined4,3,,,,,deferred,missing prototype declaration
gIsTalking,0x0021E09C,core.lit,undefined4,5,int gIsTalking;,X:/rcb/code/stable/game/network/nwVoice.cpp,3596,game_dl/network/nwVoice.cpp:6,mapped,unique retail data label and matching prototype declaration/source
gFramesRemaining,0x0021E0A0,core.lit,undefined4,5,int gFramesRemaining;,X:/rcb/code/stable/game/network/nwVoice.cpp,3597,game_dl/network/nwVoice.cpp:7,mapped,unique retail data label and matching prototype declaration/source
gpstNellyMoser,0x0021E0A4,core.lit,undefined4,6,HNMS gpstNellyMoser;,X:/rcb/code/stable/game/network/nwVoice.cpp,3598,game_dl/network/nwVoice.cpp:8,mapped,unique retail data label and matching prototype declaration/source
thisFrame.2507,0x0021E0D0,core.lit,undefined4,3,,,,,deferred,not a plain C identifier
g_bmainMenuTimeout,0x0021E1D8,.lit,undefined4,5,int g_bmainMenuTimeout;,X:/rcb/code/stable/game/bmain.cpp,368,game_dl/bmain.cpp:38,mapped,unique retail data label and matching prototype declaration/source
timeOut,0x0021E1E8,.lit,undefined4,1,,,,,deferred,missing prototype declaration
in_boot_state,0x0021E1EC,.lit,undefined4,9,int in_boot_state;,X:/rcb/code/stable/game/bmain.cpp,370,game_dl/bmain.cpp:41,mapped,unique retail data label and matching prototype declaration/source
boot_state,0x0021E1F0,.lit,undefined4,13,,,,,deferred,missing prototype declaration
templevelIdx,0x0021E2C0,.lit,undefined,0,int templevelIdx;,X:/rcb/code/stable/game/bmain.cpp,380,,deferred,no retail references
g_readytogo,0x0021E2E0,.lit,undefined,0,int g_readytogo;,X:/rcb/code/stable/game/bmain.cpp,383,,deferred,no retail references
g_h_left,0x0021E2F0,.lit,undefined,0,int g_h_left;,X:/rcb/code/stable/game/bmain.cpp,385,,deferred,no retail references
g_h_text_y,0x0021E300,.lit,undefined,0,int g_h_text_y;,X:/rcb/code/stable/game/bmain.cpp,389,,deferred,no retail references
arr_M4244_PartRotSpeeds,0x0021E370,.lit,undefined,0,,,,,deferred,missing prototype declaration
arr_M4244_CasingsDir,0x0021E3B0,.lit,undefined,0,,,,,deferred,missing prototype declaration
M4246_CAM_LOOK_GAIN_BACKUP,0x0021E3D0,.lit,undefined,0,float M4246_CAM_LOOK_GAIN_BACKUP[4];,X:/rcb/code/stable/game/update/moby4246.cpp,443,,deferred,no retail references
M4246_CAM_LOOK_SPEED_MAX_BACKUP,0x0021E400,.lit,undefined,0,float M4246_CAM_LOOK_SPEED_MAX_BACKUP[4];,X:/rcb/code/stable/game/update/moby4246.cpp,446,,deferred,no retail references
M4246_RailLength,0x0021E410,.lit,undefined,0,float M4246_RailLength;,X:/rcb/code/stable/game/update/moby4246.cpp,447,,deferred,no retail references
kMineBomberScale,0x0021E440,.lit,undefined,0,float kMineBomberScale;,X:/rcb/code/stable/game/update/moby4249.cpp,459,,deferred,no retail references
M4249_EXPLODE_IMPACT_TIMER,0x0021E450,.lit,undefined,0,int M4249_EXPLODE_IMPACT_TIMER;,X:/rcb/code/stable/game/update/moby4249.cpp,463,,deferred,no retail references
M5025_CurRandFloat,0x0021E470,.lit,undefined4,12,int M5025_CurRandFloat;,X:/rcb/code/stable/game/update/moby5025.cpp,475,game_dl/update/moby5025.cpp:142,mapped,unique retail data label and matching prototype declaration/source
M8340_iGunCoreColor,0x0021E488,.lit,undefined4,8,int M8340_iGunCoreColor[2];,X:/rcb/code/stable/game/update/moby8340.cpp,486,game_dl/update/moby8340.cpp:120,mapped,unique retail data label and matching prototype declaration/source
M8340_iGroundGlowColor,0x0021E4A0,.lit,undefined,4,int M8340_iGroundGlowColor[2];,X:/rcb/code/stable/game/update/moby8340.cpp,489,game_dl/update/moby8340.cpp:135,mapped,unique retail data label and matching prototype declaration/source
arr_M8340_DefaultDoubleThrowDir,0x0021E4C0,.lit,undefined,2,,,,,deferred,missing prototype declaration
M8374_BlobInitialized,0x0021E4E0,.lit,undefined1,2,char M8374_BlobInitialized;,X:/rcb/code/stable/game/update/moby8374.cpp,503,game_dl/update/moby8374.cpp:17,mapped,unique retail data label and matching prototype declaration/source
kCam0MagInterpTime,0x0021E4E8,.lit,undefined1,2,int kCam0MagInterpTime;,X:/rcb/code/stable/game/update/camera0.cpp,516,game_dl/update/camera0.cpp:126,mapped,unique retail data label and matching prototype declaration/source
kCam0SphericalInterpTime,0x0021E4F0,.lit,undefined1,1,int kCam0SphericalInterpTime;,X:/rcb/code/stable/game/update/camera0.cpp,518,game_dl/update/camera0.cpp:128,mapped,unique retail data label and matching prototype declaration/source
USE_C_POS_FRAMES,0x0021E500,.lit,undefined,0,int USE_C_POS_FRAMES;,X:/rcb/code/stable/game/update/camera0.cpp,522,,deferred,no retail references
CAM_KLUDGE_DROPSHIP_RAD_ADD,0x0021E510,.lit,undefined,0,float CAM_KLUDGE_DROPSHIP_RAD_ADD;,X:/rcb/code/stable/game/update/camera0.cpp,526,,deferred,no retail references
LITTLECLANK_CAM_HEIGHT,0x0021E520,.lit,undefined,0,float LITTLECLANK_CAM_HEIGHT;,X:/rcb/code/stable/game/update/camera0.cpp,530,,deferred,no retail references
BIGCLANK_LEAD_ANG,0x0021E530,.lit,undefined,0,float BIGCLANK_LEAD_ANG;,X:/rcb/code/stable/game/update/camera0.cpp,534,,deferred,no retail references
BIGCLANK_COLL_SIZE_MOD,0x0021E540,.lit,undefined,0,float BIGCLANK_COLL_SIZE_MOD;,X:/rcb/code/stable/game/update/camera0.cpp,538,,deferred,no retail references
CAM_FOV,0x0021E550,.lit,undefined,0,float CAM_FOV;,X:/rcb/code/stable/game/update/camera0.cpp,542,,deferred,no retail references
USER_ELV_SPEED,0x0021E560,.lit,undefined,0,,,,,deferred,missing prototype declaration
M4234_MAX_THROW_DIST_g,0x0021E580,.lit,undefined,0,float M4234_MAX_THROW_DIST_g;,X:/rcb/code/stable/game/update/moby4234.cpp,569,,deferred,no retail references
M4234_MP_MAX_THROW_SPEED_g,0x0021E590,.lit,undefined,0,float M4234_MP_MAX_THROW_SPEED_g;,X:/rcb/code/stable/game/update/moby4234.cpp,573,,deferred,no retail references
M7326_ROCK_PLUME_SCALE,0x0021E5E0,.lit,undefined4,1,,,,,deferred,missing prototype declaration
M7326_ROCK_SMOKECOLOR2,0x0021E5F0,.lit,undefined4,1,int M7326_ROCK_SMOKECOLOR2;,X:/rcb/code/stable/game/update/moby7326.cpp,602,game_dl/update/moby7326.cpp:29,mapped,unique retail data label and matching prototype declaration/source
M7326_CONCRETE_EFFECT_COLOR1,0x0021E5FC,.lit,pointer,1,int M7326_CONCRETE_EFFECT_COLOR1;,X:/rcb/code/stable/game/update/moby7326.cpp,605,game_dl/update/moby7326.cpp:32,mapped,unique retail data label and matching prototype declaration/source
M7326_CONCRETE_EFFECT_COLOR2,0x0021E600,.lit,pointer,1,int M7326_CONCRETE_EFFECT_COLOR2;,X:/rcb/code/stable/game/update/moby7326.cpp,606,game_dl/update/moby7326.cpp:33,mapped,unique retail data label and matching prototype declaration/source
M7326_IMPACT_TIMER,0x0021E604,.lit,undefined4,1,int M7326_IMPACT_TIMER;,X:/rcb/code/stable/game/update/moby7326.cpp,607,game_dl/update/moby7326.cpp:34,mapped,unique retail data label and matching prototype declaration/source
M7326_EXPAND_TIMER,0x0021E608,.lit,undefined4,2,int M7326_EXPAND_TIMER;,X:/rcb/code/stable/game/update/moby7326.cpp,608,game_dl/update/moby7326.cpp:35,mapped,unique retail data label and matching prototype declaration/source
M7326_IMPACT_RANDROCK,0x0021E60C,.lit,undefined4,1,int M7326_IMPACT_RANDROCK;,X:/rcb/code/stable/game/update/moby7326.cpp,609,game_dl/update/moby7326.cpp:36,mapped,unique retail data label and matching prototype declaration/source
M7326_IMPACT_SPEED,0x0021E610,.lit,undefined4,1,float M7326_IMPACT_SPEED;,X:/rcb/code/stable/game/update/moby7326.cpp,610,game_dl/update/moby7326.cpp:37,mapped,unique retail data label and matching prototype declaration/source
M7326_IMPACT_MINSCALE,0x0021E614,.lit,undefined4,1,float M7326_IMPACT_MINSCALE;,X:/rcb/code/stable/game/update/moby7326.cpp,611,game_dl/update/moby7326.cpp:38,mapped,unique retail data label and matching prototype declaration/source
M7326_IMPACT_MAXSCALE,0x0021E618,.lit,undefined4,1,float M7326_IMPACT_MAXSCALE;,X:/rcb/code/stable/game/update/moby7326.cpp,612,game_dl/update/moby7326.cpp:39,mapped,unique retail data label and matching prototype declaration/source
M7326_IMPACT_SIDESCALAR,0x0021E61C,.lit,undefined4,1,float M7326_IMPACT_SIDESCALAR;,X:/rcb/code/stable/game/update/moby7326.cpp,613,game_dl/update/moby7326.cpp:40,mapped,unique retail data label and matching prototype declaration/source
M7326_IMPACT_TIMERMULT,0x0021E620,.lit,undefined4,1,float M7326_IMPACT_TIMERMULT;,X:/rcb/code/stable/game/update/moby7326.cpp,614,game_dl/update/moby7326.cpp:41,mapped,unique retail data label and matching prototype declaration/source
M7326_EXPAND_RANDSMOKE,0x0021E624,.lit,undefined4,1,int M7326_EXPAND_RANDSMOKE;,X:/rcb/code/stable/game/update/moby7326.cpp,615,game_dl/update/moby7326.cpp:42,mapped,unique retail data label and matching prototype declaration/source
M7326_EXPAND_SPEED,0x0021E628,.lit,undefined4,2,float M7326_EXPAND_SPEED;,X:/rcb/code/stable/game/update/moby7326.cpp,616,game_dl/update/moby7326.cpp:43,mapped,unique retail data label and matching prototype declaration/source
M7326_EXPAND_MINSCALE,0x0021E62C,.lit,undefined4,2,float M7326_EXPAND_MINSCALE;,X:/rcb/code/stable/game/update/moby7326.cpp,617,game_dl/update/moby7326.cpp:44,mapped,unique retail data label and matching prototype declaration/source
M7326_EXPAND_MAXSCALE,0x0021E630,.lit,undefined4,1,float M7326_EXPAND_MAXSCALE;,X:/rcb/code/stable/game/update/moby7326.cpp,618,game_dl/update/moby7326.cpp:45,mapped,unique retail data label and matching prototype declaration/source
M7326_EXPAND_SIDESCALAR,0x0021E638,.lit,undefined4,2,float M7326_EXPAND_SIDESCALAR;,X:/rcb/code/stable/game/update/moby7326.cpp,620,game_dl/update/moby7326.cpp:47,mapped,unique retail data label and matching prototype declaration/source
M7326_SPLASH_MAXSCALE,0x0021E640,.lit,undefined,0,float M7326_SPLASH_MAXSCALE;,X:/rcb/code/stable/game/update/moby7326.cpp,622,,deferred,no retail references
M7326_SPLASH_G,0x0021E650,.lit,undefined,0,int M7326_SPLASH_G;,X:/rcb/code/stable/game/update/moby7326.cpp,626,,deferred,no retail references
M8263_RingGrowFactor,0x0021E660,.lit,undefined4,3,float M8263_RingGrowFactor;,X:/rcb/code/stable/game/update/moby8263.cpp,633,game_dl/update/moby8263.cpp:26,mapped,unique retail data label and matching prototype declaration/source
M8263_RingGrowFactor1,0x0021E664,.lit,undefined4,3,float M8263_RingGrowFactor1;,X:/rcb/code/stable/game/update/moby8263.cpp,634,game_dl/update/moby8263.cpp:27,mapped,unique retail data label and matching prototype declaration/source
M8263_ElecFac,0x0021E668,.lit,undefined4,1,float M8263_ElecFac;,X:/rcb/code/stable/game/update/moby8263.cpp,635,game_dl/update/moby8263.cpp:28,mapped,unique retail data label and matching prototype declaration/source
M8263_RingTex1,0x0021E680,.lit,undefined,0,int M8263_RingTex1;,X:/rcb/code/stable/game/update/moby8263.cpp,636,,deferred,no retail references
M8263_RingScroll,0x0021E688,.lit,undefined4,3,float M8263_RingScroll;,X:/rcb/code/stable/game/update/moby8263.cpp,638,game_dl/update/moby8263.cpp:31,mapped,unique retail data label and matching prototype declaration/source
M8263_RingScroll1,0x0021E68C,.lit,undefined4,3,float M8263_RingScroll1;,X:/rcb/code/stable/game/update/moby8263.cpp,639,game_dl/update/moby8263.cpp:32,mapped,unique retail data label and matching prototype declaration/source
M8263_RingScroll2,0x0021E690,.lit,undefined4,3,float M8263_RingScroll2;,X:/rcb/code/stable/game/update/moby8263.cpp,640,game_dl/update/moby8263.cpp:33,mapped,unique retail data label and matching prototype declaration/source
M8263_SwirlRot,0x0021E694,.lit,undefined4,7,float M8263_SwirlRot;,X:/rcb/code/stable/game/update/moby8263.cpp,641,game_dl/update/moby8263.cpp:34,mapped,unique retail data label and matching prototype declaration/source
M8263_SwirlRot1,0x0021E698,.lit,undefined4,5,float M8263_SwirlRot1;,X:/rcb/code/stable/game/update/moby8263.cpp,642,game_dl/update/moby8263.cpp:35,mapped,unique retail data label and matching prototype declaration/source
M8263_SwirlRot2,0x0021E69C,.lit,undefined4,5,float M8263_SwirlRot2;,X:/rcb/code/stable/game/update/moby8263.cpp,643,game_dl/update/moby8263.cpp:36,mapped,unique retail data label and matching prototype declaration/source
M167_P1,0x0021E6A0,.lit,undefined,0,Part074_fixed M167_P1;,X:/rcb/code/stable/game/update/moby167.cpp,662,,deferred,no retail references
M167_P2,0x0021E6B0,.lit,undefined,0,Part074_fixed M167_P2;,X:/rcb/code/stable/game/update/moby167.cpp,663,,deferred,no retail references
M167_P3,0x0021E6C0,.lit,undefined,0,Part074_fixed M167_P3;,X:/rcb/code/stable/game/update/moby167.cpp,664,,deferred,no retail references
_167_Verts_Sq,0x0021E6D4,.lit,pointer,3,vec4 *_167_Verts_Sq;,X:/rcb/code/stable/game/update/moby167.cpp,668,game_dl/update/moby167.cpp:2242,mapped,unique retail data label and matching prototype declaration/source
thursterFpsUp,0x0021E6E0,.lit,undefined4,1,float thursterFpsUp;,X:/rcb/code/stable/game/update/moby167.cpp,672,game_dl/update/moby167.cpp:2293,mapped,unique retail data label and matching prototype declaration/source
M6244_SniperBeamClrs,0x0021E700,.lit,undefined,0,,,,,deferred,missing prototype declaration
_M6244_FLASH_ELV,0x0021E710,.lit,undefined,0,float _M6244_FLASH_ELV;,X:/rcb/code/stable/game/update/moby6244.cpp,682,,deferred,no retail references
_M6244_FLASH_FRAMES,0x0021E720,.lit,undefined,0,int _M6244_FLASH_FRAMES;,X:/rcb/code/stable/game/update/moby6244.cpp,686,,deferred,no retail references
M4231_SHOCKWAVE_TIMER,0x0021E790,.lit,undefined,0,int M4231_SHOCKWAVE_TIMER;,X:/rcb/code/stable/game/update/moby4231.cpp,710,,deferred,no retail references
M4231_LENS_THICK2,0x0021E7A0,.lit,undefined,0,float M4231_LENS_THICK2;,X:/rcb/code/stable/game/update/moby4231.cpp,714,,deferred,no retail references
M4231_SHOCKWAVE_ANG2,0x0021E7B0,.lit,undefined,0,float M4231_SHOCKWAVE_ANG2;,X:/rcb/code/stable/game/update/moby4231.cpp,718,,deferred,no retail references
arr__mpHoloThrowFromPos,0x0021E7C0,.lit,undefined,0,,,,,deferred,missing prototype declaration
arr__mpHoloInThrowPos,0x0021E7E0,.lit,undefined,0,,,,,deferred,missing prototype declaration
M3303_DUSTSCALE_A,0x0021E800,.lit,undefined4,1,float M3303_DUSTSCALE_A;,X:/rcb/code/stable/game/update/moby3303.cpp,736,game_dl/update/moby3303.cpp:75,mapped,unique retail data label and matching prototype declaration/source
M3137_RedColors,0x0021E820,.lit,undefined,0,int M3137_RedColors[2];,X:/rcb/code/stable/game/update/moby3137.cpp,777,,deferred,no retail references
M3137_FadeSpeed,0x0021E830,.lit,undefined,0,float M3137_FadeSpeed;,X:/rcb/code/stable/game/update/moby3137.cpp,779,,deferred,no retail references
M3137_PartDensity,0x0021E838,.lit,undefined4,2,float M3137_PartDensity;,X:/rcb/code/stable/game/update/moby3137.cpp,781,game_dl/update/moby3137.cpp:41,mapped,unique retail data label and matching prototype declaration/source
M3137_GlowColor,0x0021E840,.lit,pointer,1,int M3137_GlowColor;,X:/rcb/code/stable/game/update/moby3137.cpp,787,game_dl/update/moby3137.cpp:47,mapped,unique retail data label and matching prototype declaration/source
M3137_SootTex,0x0021E844,.lit,undefined4,1,int M3137_SootTex;,X:/rcb/code/stable/game/update/moby3137.cpp,788,game_dl/update/moby3137.cpp:48,mapped,unique retail data label and matching prototype declaration/source
M6295_TotalActiveCount,0x0021E850,.lit,undefined4,4,,,,,deferred,missing prototype declaration
M9532_DistortSpeed,0x0021E860,.lit,undefined4,1,float M9532_DistortSpeed[2];,X:/rcb/code/stable/game/update/moby9532.cpp,806,game_dl/update/moby9532.cpp:84,mapped,unique retail data label and matching prototype declaration/source
M9532_DistortHeight,0x0021E868,.lit,undefined4,1,float M9532_DistortHeight[2];,X:/rcb/code/stable/game/update/moby9532.cpp,807,game_dl/update/moby9532.cpp:89,mapped,unique retail data label and matching prototype declaration/source
M6908_P_SPEED1,0x0021E880,.lit,undefined,0,float M6908_P_SPEED1;,X:/rcb/code/stable/game/update/moby6908.cpp,830,,deferred,no retail references
M6908_P_TIMER,0x0021E890,.lit,undefined,0,int M6908_P_TIMER;,X:/rcb/code/stable/game/update/moby6908.cpp,834,,deferred,no retail references
_M7257_LIFETIME_MAX,0x0021E8D0,.lit,undefined,0,int _M7257_LIFETIME_MAX;,X:/rcb/code/stable/game/update/moby7257.cpp,850,,deferred,no retail references
_M7257_UPG_SC_MOD,0x0021E8E0,.lit,undefined,0,float _M7257_UPG_SC_MOD;,X:/rcb/code/stable/game/update/moby7257.cpp,854,,deferred,no retail references
M9458_MAX_THROW_DIST_g,0x0021E900,.lit,undefined,0,float M9458_MAX_THROW_DIST_g;,X:/rcb/code/stable/game/update/moby9458.cpp,863,,deferred,no retail references
BFG_FireHandled,0x0021E918,.lit,undefined4,1,int BFG_FireHandled;,X:/rcb/code/stable/game/update/moby9747.cpp,874,game_dl/update/moby9747.cpp:27,mapped,unique retail data label and matching prototype declaration/source
BFG_ClassIgnoreList,0x0021E920,.lit,undefined,1,int BFG_ClassIgnoreList[3];,X:/rcb/code/stable/game/update/moby9747.cpp,875,game_dl/update/moby9747.cpp:29,mapped,unique retail data label and matching prototype declaration/source
M9747_RocketIndex,0x0021E930,.lit,undefined,0,char M9747_RocketIndex[6];,X:/rcb/code/stable/game/update/moby9747.cpp,877,,deferred,no retail references
M428_scale_mul,0x0021E938,.lit,undefined4,1,float M428_scale_mul;,X:/rcb/code/stable/game/update/moby428.cpp,887,game_dl/update/moby428.cpp:17,mapped,unique retail data label and matching prototype declaration/source
M428_lifetime,0x0021E93C,.lit,undefined4,1,int M428_lifetime;,X:/rcb/code/stable/game/update/moby428.cpp,888,game_dl/update/moby428.cpp:18,mapped,unique retail data label and matching prototype declaration/source
_M9923_Rot_Index,0x0021E940,.lit,undefined4,5,int _M9923_Rot_Index;,X:/rcb/code/stable/game/update/moby9923.cpp,903,game_dl/update/moby9923.cpp:83,mapped,unique retail data label and matching prototype declaration/source
M6298_partScale,0x0021E950,.lit,undefined,0,float M6298_partScale[4];,X:/rcb/code/stable/game/update/moby6298.cpp,917,,deferred,no retail references
M4265_drawLayer01,0x0021E9D0,.lit,undefined,0,int M4265_drawLayer01;,X:/rcb/code/stable/game/update/moby4265.cpp,962,,deferred,no retail references
M4265_drawLayer05,0x0021E9E0,.lit,undefined,0,int M4265_drawLayer05;,X:/rcb/code/stable/game/update/moby4265.cpp,966,,deferred,no retail references
M4265_SidePosOffsets,0x0021E9F0,.lit,undefined4,5,float M4265_SidePosOffsets[4];,X:/rcb/code/stable/game/update/moby4265.cpp,969,game_dl/update/moby4265.cpp:45,mapped,unique retail data label and matching prototype declaration/source
M4265_ShieldAPosOffsets,0x0021EA00,.lit,undefined,0,float M4265_ShieldAPosOffsets[2];,X:/rcb/code/stable/game/update/moby4265.cpp,970,,deferred,no retail references
CAM_SHAKE_TILT_SPEED,0x0021EA50,.lit,undefined4,1,float CAM_SHAKE_TILT_SPEED;,X:/rcb/code/stable/game/camera.cpp,1078,game_dl/camera.cpp:90,mapped,unique retail data label and matching prototype declaration/source
CAM_USER_HEROUP_FPS_GAIN,0x0021EA60,.lit,undefined4,1,float CAM_USER_HEROUP_FPS_GAIN;,X:/rcb/code/stable/game/camera.cpp,1082,game_dl/camera.cpp:94,mapped,unique retail data label and matching prototype declaration/source
Checksum_id,0x0021EAD0,.lit,undefined,0,unsigned int Checksum_id;,X:/rcb/code/stable/game/checksum.cpp,1131,,deferred,no retail references
Checksum_cdTop,0x0021EAE0,.lit,undefined,0,unsigned int Checksum_cdTop;,X:/rcb/code/stable/game/checksum.cpp,1135,,deferred,no retail references
cd_blocks,0x0021EAF0,.lit,undefined,0,_checksum_block cd_blocks[1];,X:/rcb/code/stable/game/checksum.cpp,1140,,deferred,no retail references
zOffset,0x0021EB30,.lit,undefined4,2,float zOffset;,X:/rcb/code/stable/game/draw.cpp,1185,game_dl/draw.cpp:106,mapped,unique retail data label and matching prototype declaration/source
BackBufferTex,0x0021EB60,.lit,undefined8,3,uint64 BackBufferTex;,X:/rcb/code/stable/game/draw.cpp,1192,game_dl/draw.cpp:136,mapped,unique retail data label and matching prototype declaration/source
BackBufferTex64,0x0021EB68,.lit,undefined8,3,uint64 BackBufferTex64;,X:/rcb/code/stable/game/draw.cpp,1193,game_dl/draw.cpp:137,mapped,unique retail data label and matching prototype declaration/source
AlphaPalAdr,0x0021EB70,.lit,undefined4,2,int AlphaPalAdr;,X:/rcb/code/stable/game/draw.cpp,1194,game_dl/draw.cpp:138,mapped,unique retail data label and matching prototype declaration/source
EffectDrawInProgress,0x0021EB74,.lit,undefined1,2,bool EffectDrawInProgress;,X:/rcb/code/stable/game/draw.cpp,1195,game_dl/draw.cpp:139,mapped,unique retail data label and matching prototype declaration/source
monitor_offset_u,0x0021EB80,.lit,undefined,0,float monitor_offset_u[4];,X:/rcb/code/stable/game/draw.cpp,1202,,deferred,no retail references
monitor_offset_v,0x0021EB90,.lit,undefined,0,float monitor_offset_v[4];,X:/rcb/code/stable/game/draw.cpp,1203,,deferred,no retail references
scene_monitor_light_color_a,0x0021EBA0,.lit,undefined4,1,vec4a scene_monitor_light_color_a;,X:/rcb/code/stable/game/draw.cpp,1204,game_dl/draw.cpp:322,mapped,unique retail data label and matching prototype declaration/source
scene_monitor_light_color_b,0x0021EBB0,.lit,undefined4,1,vec4a scene_monitor_light_color_b;,X:/rcb/code/stable/game/draw.cpp,1205,game_dl/draw.cpp:329,mapped,unique retail data label and matching prototype declaration/source
scene_monitor_light_dir_a,0x0021EBC0,.lit,undefined4,2,vec4a scene_monitor_light_dir_a;,X:/rcb/code/stable/game/draw.cpp,1206,game_dl/draw.cpp:336,mapped,unique retail data label and matching prototype declaration/source
scene_monitor_light_dir_b,0x0021EBD0,.lit,undefined4,2,vec4a scene_monitor_light_dir_b;,X:/rcb/code/stable/game/draw.cpp,1207,game_dl/draw.cpp:343,mapped,unique retail data label and matching prototype declaration/source
FLICKER_OFFSET,0x0021EBE0,.lit,undefined,0,float FLICKER_OFFSET;,X:/rcb/code/stable/game/draw.cpp,1208,,deferred,no retail references
FLICKER_RATE,0x0021EBF0,.lit,undefined,0,float FLICKER_RATE;,X:/rcb/code/stable/game/draw.cpp,1212,,deferred,no retail references
g_DrawMobysAuxClearBufColor,0x0021EC10,.lit,undefined,0,unsigned int g_DrawMobysAuxClearBufColor;,X:/rcb/code/stable/game/draw.cpp,1219,,deferred,no retail references
_6Draw2D$s_ZLevel,0x0021EC20,.lit,undefined4,14,,,,,deferred,not a plain C identifier
FXRG_bSetBloomFlagForBlendModes,0x0021EC30,.lit,undefined,1,bool FXRG_bSetBloomFlagForBlendModes[15];,X:/rcb/code/stable/game/FXRegistry.cpp,1292,game_dl/FXRegistry.cpp:231,mapped,unique retail data label and matching prototype declaration/source
EFF_BC_FxTex,0x0021EC70,.lit,undefined,0,int EFF_BC_FxTex;,X:/rcb/code/stable/game/effects.cpp,1325,,deferred,no retail references
Fx_SparkRGBA,0x0021ECA0,.lit,undefined,0,int Fx_SparkRGBA[4];,X:/rcb/code/stable/game/effects.cpp,1333,,deferred,no retail references
Fx_SparkTimes,0x0021ECB0,.lit,undefined,0,int Fx_SparkTimes[3];,X:/rcb/code/stable/game/effects.cpp,1334,,deferred,no retail references
g_FontForceReload,0x0021ECDC,.lit,undefined4,2,int g_FontForceReload;,X:/rcb/code/stable/game/fonts.cpp,1377,game_dl/fonts.cpp:20,mapped,unique retail data label and matching prototype declaration/source
s_LoadTime,0x0021ECE0,.lit,undefined4,3,,,,,deferred,missing prototype declaration
FPW_cache_mode,0x0021ECF0,.lit,undefined4,5,int FPW_cache_mode;,X:/rcb/code/stable/game/fonts.cpp,1378,game_dl/fonts.cpp:154,mapped,unique retail data label and matching prototype declaration/source
FPW_auto_accept,0x0021ECF4,.lit,undefined1,5,bool FPW_auto_accept;,X:/rcb/code/stable/game/fonts.cpp,1379,game_dl/fonts.cpp:155,mapped,unique retail data label and matching prototype declaration/source
kFpsCameraRadius,0x0021ECFC,.lit,undefined4,2,float kFpsCameraRadius;,X:/rcb/code/stable/game/fpsmode.cpp,1392,game_dl/fpsmode.cpp:7,mapped,unique retail data label and matching prototype declaration/source
kFpsCameraExtRadius,0x0021ED00,.lit,undefined4,1,float kFpsCameraExtRadius;,X:/rcb/code/stable/game/fpsmode.cpp,1393,game_dl/fpsmode.cpp:8,mapped,unique retail data label and matching prototype declaration/source
mpDialogConfirmOk,0x0021ED10,.lit,undefined4,2,,,,,deferred,missing prototype declaration
mFreezeLastDialogType,0x0021ED20,.lit,undefined4,2,,,,,deferred,missing prototype declaration
WARN_TEXT_RGBA2,0x0021ED30,.lit,undefined,0,int WARN_TEXT_RGBA2;,X:/rcb/code/stable/game/freeze.cpp,1413,,deferred,no retail references
SPHERE_MAP_HEIGHT,0x0021ED34,.lit,undefined4,7,int SPHERE_MAP_HEIGHT;,X:/rcb/code/stable/game/freeze.cpp,1414,game_dl/freeze.cpp:48,mapped,unique retail data label and matching prototype declaration/source
SPHERE_MAP_ROTSPEED,0x0021ED38,.lit,undefined4,2,float SPHERE_MAP_ROTSPEED;,X:/rcb/code/stable/game/freeze.cpp,1415,game_dl/freeze.cpp:49,mapped,unique retail data label and matching prototype declaration/source
SPHERE_MAP_TILTSPEED,0x0021ED3C,.lit,undefined4,1,float SPHERE_MAP_TILTSPEED;,X:/rcb/code/stable/game/freeze.cpp,1416,game_dl/freeze.cpp:50,mapped,unique retail data label and matching prototype declaration/source
p_pm_memory,0x0021ED90,.lit,undefined4,2,,,,,deferred,missing prototype declaration
MyHero,0x0021EDB8,.lit,pointer,50,LocalHero &MyHero;,X:/rcb/code/stable/game/globals.cpp,1447,game_dl/globals.cpp:98,mapped,unique retail data label and matching prototype declaration/source
g_newlevel,0x0021EDBC,.lit,undefined4,8,int g_newlevel;,X:/rcb/code/stable/game/globals.cpp,1448,game_dl/globals.cpp:99,mapped,unique retail data label and matching prototype declaration/source
lastGameMode,0x0021EDC0,.lit,undefined4,4,gameMode_t lastGameMode;,X:/rcb/code/stable/game/globals.cpp,1450,game_dl/globals.cpp:122,mapped,unique retail data label and matching prototype declaration/source
pendingGameMode,0x0021EDC4,.lit,undefined4,25,gameMode_t pendingGameMode;,X:/rcb/code/stable/game/globals.cpp,1451,game_dl/globals.cpp:123,mapped,unique retail data label and matching prototype declaration/source
screenMode,0x0021EDC8,.lit,undefined4,14,screenMode_t screenMode;,X:/rcb/code/stable/game/globals.cpp,1452,game_dl/globals.cpp:124,mapped,unique retail data label and matching prototype declaration/source
pendingScreenMode,0x0021EDCC,.lit,undefined4,6,screenMode_t pendingScreenMode;,X:/rcb/code/stable/game/globals.cpp,1453,game_dl/globals.cpp:125,mapped,unique retail data label and matching prototype declaration/source
prevScreenMode,0x0021EDD0,.lit,undefined4,1,screenMode_t prevScreenMode;,X:/rcb/code/stable/game/globals.cpp,1454,game_dl/globals.cpp:126,mapped,unique retail data label and matching prototype declaration/source
g_gameType,0x0021EDD4,.lit,undefined4,515,int g_gameType;,X:/rcb/code/stable/game/globals.cpp,1455,game_dl/globals.cpp:127,mapped,unique retail data label and matching prototype declaration/source
g_gameRules,0x0021EDD8,.lit,undefined4,139,int g_gameRules;,X:/rcb/code/stable/game/globals.cpp,1456,game_dl/globals.cpp:128,mapped,unique retail data label and matching prototype declaration/source
CoreSoundCnt,0x0021EDE0,.lit,undefined4,3,int CoreSoundCnt;,X:/rcb/code/stable/game/globals.cpp,1458,game_dl/globals.cpp:130,mapped,unique retail data label and matching prototype declaration/source
EngScratchPadSize,0x0021EDE8,.lit,undefined4,5,int EngScratchPadSize;,X:/rcb/code/stable/game/globals.cpp,1460,game_dl/globals.cpp:132,mapped,unique retail data label and matching prototype declaration/source
ShadowScratchPadSize,0x0021EDEC,.lit,undefined4,6,int ShadowScratchPadSize;,X:/rcb/code/stable/game/globals.cpp,1461,game_dl/globals.cpp:133,mapped,unique retail data label and matching prototype declaration/source
SpaceShip_Wing_Mobys,0x0021EDF0,.lit,undefined,0,short int SpaceShip_Wing_Mobys[3];,X:/rcb/code/stable/game/globals.cpp,1462,,deferred,no retail references
SceneCameraFovMult,0x0021EE04,.lit,undefined4,1,float SceneCameraFovMult;,X:/rcb/code/stable/game/globals.cpp,1469,game_dl/globals.cpp:250,mapped,unique retail data label and matching prototype declaration/source
SceneCameraBackup,0x0021EE08,.lit,undefined4,1,float SceneCameraBackup;,X:/rcb/code/stable/game/globals.cpp,1470,game_dl/globals.cpp:251,mapped,unique retail data label and matching prototype declaration/source
SceneScreenFade,0x0021EE0C,.lit,undefined4,9,float SceneScreenFade;,X:/rcb/code/stable/game/globals.cpp,1471,game_dl/globals.cpp:252,mapped,unique retail data label and matching prototype declaration/source
SceneEndFunc,0x0021EE10,.lit,undefined4,4,void *SceneEndFunc;,X:/rcb/code/stable/game/globals.cpp,1472,game_dl/globals.cpp:253,mapped,unique retail data label and matching prototype declaration/source
SceneEndParam,0x0021EE14,.lit,undefined4,4,moby *SceneEndParam;,X:/rcb/code/stable/game/globals.cpp,1473,game_dl/globals.cpp:254,mapped,unique retail data label and matching prototype declaration/source
InFrontEnd,0x0021EE18,.lit,undefined1,53,bool InFrontEnd;,X:/rcb/code/stable/game/globals.cpp,1474,game_dl/globals.cpp:255,mapped,unique retail data label and matching prototype declaration/source
InEndgame,0x0021EE19,.lit,undefined1,18,bool InEndgame;,X:/rcb/code/stable/game/globals.cpp,1475,game_dl/globals.cpp:256,mapped,unique retail data label and matching prototype declaration/source
SuspendGameTimer,0x0021EE1A,.lit,undefined1,1,bool SuspendGameTimer;,X:/rcb/code/stable/game/globals.cpp,1476,game_dl/globals.cpp:257,mapped,unique retail data label and matching prototype declaration/source
SphericalWorld,0x0021EE28,.lit,undefined4,35,int SphericalWorld;,X:/rcb/code/stable/game/globals.cpp,1480,game_dl/globals.cpp:261,mapped,unique retail data label and matching prototype declaration/source
SphericalCageMatch,0x0021EE2C,.lit,undefined4,9,int SphericalCageMatch;,X:/rcb/code/stable/game/globals.cpp,1481,game_dl/globals.cpp:262,mapped,unique retail data label and matching prototype declaration/source
gDoFullSplitUpdate,0x0021EE50,.lit,undefined4,2,int gDoFullSplitUpdate;,X:/rcb/code/stable/game/globals.cpp,1490,game_dl/globals.cpp:271,mapped,unique retail data label and matching prototype declaration/source
gShowNetworkDisconnectError,0x0021EE54,.lit,undefined4,2,int gShowNetworkDisconnectError;,X:/rcb/code/stable/game/globals.cpp,1491,game_dl/globals.cpp:272,mapped,unique retail data label and matching prototype declaration/source
Ratchet_Engaged,0x0021EEA0,.lit,undefined,0,int Ratchet_Engaged;,X:/rcb/code/stable/game/globals.cpp,1511,,deferred,no retail references
ForceNoBotHud,0x0021EEB0,.lit,undefined,0,int ForceNoBotHud;,X:/rcb/code/stable/game/globals.cpp,1515,,deferred,no retail references
InTheEndOfGameSequence,0x0021EEB4,.lit,undefined4,4,int InTheEndOfGameSequence;,X:/rcb/code/stable/game/globals.cpp,1516,game_dl/globals.cpp:297,mapped,unique retail data label and matching prototype declaration/source
not_found.2650,0x0021EEE0,.lit,string,1,,,,,deferred,not a plain C identifier
Hud_GS_Max_Location,0x0021EEF0,.lit,pointer,2,,,,,deferred,missing prototype declaration
g_load_specific_modules,0x0021EF10,.lit,undefined1,2,bool g_load_specific_modules;,X:/rcb/code/stable/game/initonce.cpp,1657,game_dl/initonce.cpp:5,mapped,unique retail data label and matching prototype declaration/source
g_pNoNetHeapAlloc,0x0021EF14,.lit,undefined4,4,void *g_pNoNetHeapAlloc;,X:/rcb/code/stable/game/initonce.cpp,1658,game_dl/initonce.cpp:6,mapped,unique retail data label and matching prototype declaration/source
g_iopload_function_table_size,0x0021EF18,.lit,undefined4,3,int g_iopload_function_table_size;,X:/rcb/code/stable/game/iopload.cpp,1666,game_dl/iopload.cpp:162,mapped,unique retail data label and matching prototype declaration/source
LightConstants,0x0021F040,.lit,undefined,1,float LightConstants[4];,X:/rcb/code/stable/game/lights.cpp,1672,game_dl/lights.cpp:28,mapped,unique retail data label and matching prototype declaration/source
g_pvar_backup_size,0x0021F0B0,.lit,undefined,0,,,,,deferred,missing prototype declaration
dummy_tex_refs,0x0021F0C0,.lit,undefined,2,char dummy_tex_refs[16];,X:/rcb/code/stable/game/loaders.cpp,1700,game_dl/loaders.cpp:53,mapped,unique retail data label and matching prototype declaration/source
g_NoSetTransformInParseNpcChunk,0x0021F0D0,.lit,undefined1,2,char g_NoSetTransformInParseNpcChunk;,X:/rcb/code/stable/game/loaders.cpp,1701,game_dl/loaders.cpp:72,mapped,unique retail data label and matching prototype declaration/source
g_NumMissionMobys,0x0021F140,.lit,undefined,0,int g_NumMissionMobys;,X:/rcb/code/stable/game/loaders.cpp,1705,,deferred,no retail references
MCSTATE_set_slot_on_creation,0x0021F150,.lit,undefined4,3,,,,,deferred,missing prototype declaration
init_load_cb,0x0021F160,.lit,undefined4,5,,,,,deferred,missing prototype declaration
g_loaderr,0x0021F170,.lit,undefined4,2,int g_loaderr;,X:/rcb/code/stable/game/memcard.cpp,1736,game_dl/memcard.cpp:83,mapped,unique retail data label and matching prototype declaration/source
mf_levelController,0x0021F190,.lit,undefined4,1,moby *mf_levelController;,X:/rcb/code/stable/game/missionfunc.cpp,1761,game_dl/missionfunc.cpp:72,mapped,unique retail data label and matching prototype declaration/source
mf_levelControllerInterface,0x0021F194,.lit,undefined4,5,LevelControllerInterface *mf_levelControllerInterface;,X:/rcb/code/stable/game/missionfunc.cpp,1762,game_dl/missionfunc.cpp:73,mapped,unique retail data label and matching prototype declaration/source
mf_activeMissionIndex,0x0021F198,.lit,undefined4,42,int mf_activeMissionIndex;,X:/rcb/code/stable/game/missionfunc.cpp,1763,game_dl/missionfunc.cpp:74,mapped,unique retail data label and matching prototype declaration/source
mf_missionStatus,0x0021F19C,.lit,undefined4,3,int mf_missionStatus;,X:/rcb/code/stable/game/missionfunc.cpp,1764,game_dl/missionfunc.cpp:75,mapped,unique retail data label and matching prototype declaration/source
mf_midMissionMobySaveIndex,0x0021F1A0,.lit,undefined4,1,int mf_midMissionMobySaveIndex;,X:/rcb/code/stable/game/missionfunc.cpp,1765,game_dl/missionfunc.cpp:76,mapped,unique retail data label and matching prototype declaration/source
mf_deathsInMission,0x0021F1A4,.lit,undefined4,5,int mf_deathsInMission;,X:/rcb/code/stable/game/missionfunc.cpp,1766,game_dl/missionfunc.cpp:77,mapped,unique retail data label and matching prototype declaration/source
mf_NewLevels,0x0021F1A8,.lit,undefined4,4,int mf_NewLevels;,X:/rcb/code/stable/game/missionfunc.cpp,1767,game_dl/missionfunc.cpp:78,mapped,unique retail data label and matching prototype declaration/source
mf_NewTournaments,0x0021F1AC,.lit,undefined4,4,int mf_NewTournaments;,X:/rcb/code/stable/game/missionfunc.cpp,1768,game_dl/missionfunc.cpp:79,mapped,unique retail data label and matching prototype declaration/source
mf_switchMissionsInLevel1WithMenu,0x0021F1B0,.lit,undefined1,1,bool mf_switchMissionsInLevel1WithMenu;,X:/rcb/code/stable/game/missionfunc.cpp,1770,game_dl/missionfunc.cpp:81,mapped,unique retail data label and matching prototype declaration/source
MobyLodDistClamp,0x0021F1D4,.lit,undefined4,1,int MobyLodDistClamp;,X:/rcb/code/stable/game/mobyfunc.cpp,1795,game_dl/mobyfunc.cpp:67,mapped,unique retail data label and matching prototype declaration/source
ScreenMobyLodDistClamp,0x0021F1D8,.lit,undefined4,1,int ScreenMobyLodDistClamp[4];,X:/rcb/code/stable/game/mobyfunc.cpp,1796,game_dl/mobyfunc.cpp:69,mapped,unique retail data label and matching prototype declaration/source
g_PreventCountMobyGridUsageAndValidateMobyGridsFromBeingStripped,0x0021F1E8,.lit,undefined1,1,bool g_PreventCountMobyGridUsageAndValidateMobyGridsFromBeingStripped;,X:/rcb/code/stable/game/mobyfunc.cpp,1797,game_dl/mobyfunc.cpp:76,mapped,unique retail data label and matching prototype declaration/source
waterZ,0x0021F200,.lit,undefined,0,float *waterZ;,X:/rcb/code/stable/game/mobyutil.cpp,1914,,deferred,no retail references
M3137_DeathWrangler,0x0021F204,.lit,undefined4,2,moby *M3137_DeathWrangler;,X:/rcb/code/stable/game/mobyutil.cpp,1915,game_dl/mobyutil.cpp:421,mapped,unique retail data label and matching prototype declaration/source
splash_z_ofs,0x0021F220,.lit,undefined,0,float splash_z_ofs;,X:/rcb/code/stable/game/mobyutil.cpp,1922,,deferred,no retail references
MB_FLAME_NUM_FIRE,0x0021F230,.lit,undefined,0,int MB_FLAME_NUM_FIRE;,X:/rcb/code/stable/game/mobyutil.cpp,1927,,deferred,no retail references
MAX_BREAKABLES_GOING_BOOM,0x0021F250,.lit,undefined,0,int MAX_BREAKABLES_GOING_BOOM;,X:/rcb/code/stable/game/mobyutil.cpp,1932,,deferred,no retail references
_CMD_CommandCacheSize,0x0021F2D0,.lit,undefined4,22,int _CMD_CommandCacheSize;,X:/rcb/code/stable/game/mobyutil.cpp,1935,game_dl/mobyutil.cpp:1028,mapped,unique retail data label and matching prototype declaration/source
_CMD_CommandCacheInited,0x0021F2D4,.lit,undefined1,2,bool _CMD_CommandCacheInited;,X:/rcb/code/stable/game/mobyutil.cpp,1936,game_dl/mobyutil.cpp:1029,mapped,unique retail data label and matching prototype declaration/source
modeRequestDelayCounter,0x0021F2E4,.lit,undefined4,3,int modeRequestDelayCounter;,X:/rcb/code/stable/game/mode.cpp,1982,game_dl/mode.cpp:18,mapped,unique retail data label and matching prototype declaration/source
rmc_arg0,0x0021F2E8,.lit,undefined4,10,int rmc_arg0;,X:/rcb/code/stable/game/mode.cpp,1983,game_dl/mode.cpp:19,mapped,unique retail data label and matching prototype declaration/source
rmc_arg1,0x0021F2EC,.lit,undefined4,6,int rmc_arg1;,X:/rcb/code/stable/game/mode.cpp,1984,game_dl/mode.cpp:20,mapped,unique retail data label and matching prototype declaration/source
rmc_callback_flag,0x0021F2F0,.lit,undefined4,4,char *rmc_callback_flag;,X:/rcb/code/stable/game/mode.cpp,1985,game_dl/mode.cpp:21,mapped,unique retail data label and matching prototype declaration/source
modeStackIndex,0x0021F2F4,.lit,undefined4,6,int modeStackIndex;,X:/rcb/code/stable/game/mode.cpp,1986,game_dl/mode.cpp:22,mapped,unique retail data label and matching prototype declaration/source
RFX_LastShockDamage,0x0021F300,.lit,undefined4,6,,,,,deferred,missing prototype declaration
DEBUG_DamageType,0x0021F304,.lit,undefined4,1,int DEBUG_DamageType;,X:/rcb/code/stable/game/move.cpp,1993,game_dl/move.cpp:13,mapped,unique retail data label and matching prototype declaration/source
MVE_HG_MinPartTime,0x0021F320,.lit,undefined4,2,int MVE_HG_MinPartTime[3];,X:/rcb/code/stable/game/move.cpp,1994,game_dl/move.cpp:15,mapped,unique retail data label and matching prototype declaration/source
MVE_HG_MaxPartTime,0x0021F330,.lit,undefined4,1,int MVE_HG_MaxPartTime[3];,X:/rcb/code/stable/game/move.cpp,1995,game_dl/move.cpp:21,mapped,unique retail data label and matching prototype declaration/source
MVE_HG_Texture,0x0021F33C,.lit,undefined4,1,int MVE_HG_Texture;,X:/rcb/code/stable/game/move.cpp,1996,game_dl/move.cpp:27,mapped,unique retail data label and matching prototype declaration/source
gsMusicVol,0x0021F340,.lit,undefined4,1,float gsMusicVol;,X:/rcb/code/stable/game/music.cpp,2010,game_dl/music.cpp:6,mapped,unique retail data label and matching prototype declaration/source
gMusicStopping,0x0021F344,.lit,undefined4,3,int gMusicStopping;,X:/rcb/code/stable/game/music.cpp,2012,game_dl/music.cpp:8,mapped,unique retail data label and matching prototype declaration/source
MP_randTrackStart,0x0021F348,.lit,undefined4,1,int MP_randTrackStart;,X:/rcb/code/stable/game/music.cpp,2014,game_dl/music.cpp:10,mapped,unique retail data label and matching prototype declaration/source
MP_randTrackRange,0x0021F34C,.lit,undefined4,2,int MP_randTrackRange;,X:/rcb/code/stable/game/music.cpp,2015,game_dl/music.cpp:11,mapped,unique retail data label and matching prototype declaration/source
g_delay_time,0x0021F350,.lit,undefined4,2,,,,,deferred,missing prototype declaration
g_stream_handle,0x0021F354,.lit,undefined4,11,HSTREAM g_stream_handle;,X:/rcb/code/stable/game/stream.cpp,2021,game_dl/stream.cpp:17,mapped,unique retail data label and matching prototype declaration/source
ms_unique_id,0x0021F35C,.lit,undefined2,3,,,,,deferred,missing prototype declaration
g_ParticleSkipCount,0x0021F398,.lit,undefined4,2,int g_ParticleSkipCount;,X:/rcb/code/stable/game/partfunc.cpp,2051,game_dl/partfunc.cpp:10,mapped,unique retail data label and matching prototype declaration/source
P012_RGBA1,0x0021F3C0,.lit,undefined,0,int P012_RGBA1;,X:/rcb/code/stable/game/partupd.cpp,2080,,deferred,no retail references
P012_SCALE1,0x0021F3D0,.lit,undefined,0,float P012_SCALE1;,X:/rcb/code/stable/game/partupd.cpp,2084,,deferred,no retail references
P012_1_RGBA1,0x0021F3E0,.lit,undefined,0,int P012_1_RGBA1;,X:/rcb/code/stable/game/partupd.cpp,2088,,deferred,no retail references
P012_1_SCALE1,0x0021F3F0,.lit,undefined,0,float P012_1_SCALE1;,X:/rcb/code/stable/game/partupd.cpp,2092,,deferred,no retail references
P012_DECCEL,0x0021F400,.lit,undefined,0,float P012_DECCEL;,X:/rcb/code/stable/game/partupd.cpp,2096,,deferred,no retail references
P031_FACTOR1,0x0021F430,.lit,undefined,0,float P031_FACTOR1;,X:/rcb/code/stable/game/partupd.cpp,2099,,deferred,no retail references
_P39_PART_COLOR,0x0021F440,.lit,undefined,0,int _P39_PART_COLOR;,X:/rcb/code/stable/game/partupd.cpp,2103,,deferred,no retail references
P045_zofs,0x0021F450,.lit,undefined,0,float P045_zofs;,X:/rcb/code/stable/game/partupd.cpp,2106,,deferred,no retail references
P064_randMax,0x0021F470,.lit,undefined,0,float P064_randMax;,X:/rcb/code/stable/game/partupd.cpp,2110,,deferred,no retail references
P064_spawnSplashChace,0x0021F480,.lit,undefined,0,int P064_spawnSplashChace;,X:/rcb/code/stable/game/partupd.cpp,2114,,deferred,no retail references
P076_RGBA2,0x0021F490,.lit,undefined,0,int P076_RGBA2;,X:/rcb/code/stable/game/partupd.cpp,2116,,deferred,no retail references
P076_DALPHA1,0x0021F4A0,.lit,undefined,0,int P076_DALPHA1;,X:/rcb/code/stable/game/partupd.cpp,2120,,deferred,no retail references
part96_dampen,0x0021F4D0,.lit,undefined,0,float part96_dampen;,X:/rcb/code/stable/game/partupd.cpp,2127,,deferred,no retail references
P119_SpdScale,0x0021F4F0,.lit,undefined,0,float P119_SpdScale;,X:/rcb/code/stable/game/partupd.cpp,2128,,deferred,no retail references
P123_FADE_RGBA,0x0021F500,.lit,undefined,0,int P123_FADE_RGBA;,X:/rcb/code/stable/game/partupd.cpp,2132,,deferred,no retail references
P124_respawnEndScaleFactor,0x0021F510,.lit,undefined,0,float P124_respawnEndScaleFactor;,X:/rcb/code/stable/game/partupd.cpp,2136,,deferred,no retail references
P124_respawnLifetimeHigh,0x0021F520,.lit,undefined,0,int P124_respawnLifetimeHigh;,X:/rcb/code/stable/game/partupd.cpp,2140,,deferred,no retail references
EventFlags.3128,0x0021F550,.lit,undefined4,1,,,,,deferred,not a plain C identifier
BootMemcard_state,0x0021F658,.lit,undefined4,7,int BootMemcard_state;,X:/rcb/code/stable/game/projectgui/boot/bootmemcard.cpp,2241,game_dl/projectgui/boot/bootmemcard.cpp:5,mapped,unique retail data label and matching prototype declaration/source
BootMain_resetGame,0x0021F660,.lit,undefined1,2,bool BootMain_resetGame;,X:/rcb/code/stable/game/projectgui/boot/bootmain.cpp,2248,game_dl/projectgui/boot/bootmain.cpp:5,mapped,unique retail data label and matching prototype declaration/source
firstTime,0x0021F664,.lit,undefined4,2,int firstTime;,X:/rcb/code/stable/game/projectgui/boot/bootmain.cpp,2250,game_dl/projectgui/boot/bootmain.cpp:35,mapped,unique retail data label and matching prototype declaration/source
BootCampaign_mode,0x0021F66C,.lit,undefined4,2,int BootCampaign_mode;,X:/rcb/code/stable/game/projectgui/boot/bootcampaign.cpp,2257,game_dl/projectgui/boot/bootcampaign.cpp:5,mapped,unique retail data label and matching prototype declaration/source
numLocalPlayers,0x0021F678,.lit,undefined4,5,int numLocalPlayers;,X:/rcb/code/stable/game/projectgui/hud/hudinfo.cpp,2285,game_dl/projectgui/hud/hudinfo.cpp:41,mapped,unique retail data label and matching prototype declaration/source
BotHud_CoopGadgets,0x0021F728,.lit,undefined4,4,int BotHud_CoopGadgets[4];,X:/rcb/code/stable/game/projectgui/hud/hudbot.cpp,2329,game_dl/projectgui/hud/hudbot.cpp:45,mapped,unique retail data label and matching prototype declaration/source
BotHud_CmdNameLerp,0x0021F738,.lit,undefined4,6,float BotHud_CmdNameLerp;,X:/rcb/code/stable/game/projectgui/hud/hudbot.cpp,2331,game_dl/projectgui/hud/hudbot.cpp:75,mapped,unique retail data label and matching prototype declaration/source
BotHud_Updates,0x0021F73C,.lit,undefined4,26,int BotHud_Updates;,X:/rcb/code/stable/game/projectgui/hud/hudbot.cpp,2332,game_dl/projectgui/hud/hudbot.cpp:76,mapped,unique retail data label and matching prototype declaration/source
bIn.3321,0x0021F7B0,.lit,undefined1,6,,,,,deferred,not a plain C identifier
MenuMain_vScreenSpanishFull,0x0021F7F0,.lit,undefined,0,ScreenDef_s MenuMain_vScreenSpanishFull;,X:/rcb/code/stable/game/projectgui/menu/menumain.cpp,2399,,deferred,no retail references
MenuMain_vScreenSpanishQuarter,0x0021F800,.lit,undefined,0,ScreenDef_s MenuMain_vScreenSpanishQuarter;,X:/rcb/code/stable/game/projectgui/menu/menumain.cpp,2400,,deferred,no retail references
giMenuControls_Type,0x0021F840,.lit,undefined4,8,int giMenuControls_Type;,X:/rcb/code/stable/game/projectgui/menu/menucontrols.cpp,2408,game_dl/projectgui/menu/menucontrols.cpp:57,mapped,unique retail data label and matching prototype declaration/source
viDPad.3097,0x0021F8B0,.lit,undefined,0,,,,,deferred,not a plain C identifier
iDelayCounter,0x0021F8D0,.lit,undefined4,3,,,,,deferred,missing prototype declaration
g_missionsToSkillsScreen,0x0021F8E8,.lit,undefined1,8,bool g_missionsToSkillsScreen;,X:/rcb/code/stable/game/projectgui/menu/menumission.cpp,2433,game_dl/projectgui/menu/menumission.cpp:16,mapped,unique retail data label and matching prototype declaration/source
g_planetIndex,0x0021F930,.lit,undefined4,19,int g_planetIndex;,X:/rcb/code/stable/game/projectgui/menu/menuplanet.cpp,2442,game_dl/projectgui/menu/menuplanet.cpp:28,mapped,unique retail data label and matching prototype declaration/source
g_focusIndex,0x0021F934,.lit,undefined4,4,int g_focusIndex;,X:/rcb/code/stable/game/projectgui/menu/menuplanet.cpp,2443,game_dl/projectgui/menu/menuplanet.cpp:29,mapped,unique retail data label and matching prototype declaration/source
g_fromOtherScreen,0x0021F938,.lit,undefined1,18,bool g_fromOtherScreen;,X:/rcb/code/stable/game/projectgui/menu/menuplanet.cpp,2444,game_dl/projectgui/menu/menuplanet.cpp:30,mapped,unique retail data label and matching prototype declaration/source
g_fromPlanetScreen,0x0021F939,.lit,undefined1,18,bool g_fromPlanetScreen;,X:/rcb/code/stable/game/projectgui/menu/menuplanet.cpp,2445,game_dl/projectgui/menu/menuplanet.cpp:31,mapped,unique retail data label and matching prototype declaration/source
g_fromMissionScreen,0x0021F93A,.lit,undefined1,17,bool g_fromMissionScreen;,X:/rcb/code/stable/game/projectgui/menu/menuplanet.cpp,2446,game_dl/projectgui/menu/menuplanet.cpp:32,mapped,unique retail data label and matching prototype declaration/source
g_planetToSkillsScreen,0x0021F93B,.lit,undefined1,8,bool g_planetToSkillsScreen;,X:/rcb/code/stable/game/projectgui/menu/menuplanet.cpp,2447,game_dl/projectgui/menu/menuplanet.cpp:33,mapped,unique retail data label and matching prototype declaration/source
MenuLoad_MenuType,0x0021FA28,.lit,undefined4,9,int MenuLoad_MenuType;,X:/rcb/code/stable/game/projectgui/menu/menuload.cpp,2479,game_dl/projectgui/menu/menuload.cpp:33,mapped,unique retail data label and matching prototype declaration/source
MenuLoad_DefaultDifficulty,0x0021FA2C,.lit,undefined4,8,int MenuLoad_DefaultDifficulty;,X:/rcb/code/stable/game/projectgui/menu/menuload.cpp,2480,game_dl/projectgui/menu/menuload.cpp:34,mapped,unique retail data label and matching prototype declaration/source
PAUSEMODE_hudbitsrepeat_mask,0x0021FB30,.lit,undefined4,1,,,,,deferred,missing prototype declaration
wait_counter.2452,0x0021FB90,.lit,undefined4,4,,,,,deferred,not a plain C identifier
mp_memcard_control_deleting_profile,0x0021FB94,.lit,undefined1,3,bool mp_memcard_control_deleting_profile;,X:/rcb/code/stable/game/projectgui/pausemode/memcardcontrol.cpp,2567,game_dl/projectgui/pausemode/memcardcontrol.cpp:9,mapped,unique retail data label and matching prototype declaration/source
g_bSkipFreezeModePop,0x0021FB95,.lit,undefined1,1,bool g_bSkipFreezeModePop;,X:/rcb/code/stable/game/projectgui/pausemode/memcardcontrol.cpp,2568,game_dl/projectgui/pausemode/memcardcontrol.cpp:10,mapped,unique retail data label and matching prototype declaration/source
sky_sprite_tex_template,0x0021FCB0,.lit,undefined,1,int sky_sprite_tex_template[4];,X:/rcb/code/stable/game/skyfunc.cpp,2709,game_dl/skyfunc.cpp:42,mapped,unique retail data label and matching prototype declaration/source
nibble_bits_table,0x0021FD30,.lit,undefined,0,char nibble_bits_table[16];,X:/rcb/code/stable/game/tables.cpp,2766,,deferred,no retail references
ArcSinSeries,0x0021FD40,.lit,undefined4,1,unsigned int ArcSinSeries[4];,X:/rcb/code/stable/game/tables.cpp,2769,game_dl/tables.cpp:134,mapped,unique retail data label and matching prototype declaration/source
part_dma_setup_a,0x0021FD60,.lit,pointer,2,int part_dma_setup_a[4];,X:/rcb/code/stable/game/tables.cpp,2797,game_dl/tables.cpp:495,mapped,unique retail data label and matching prototype declaration/source
part_dma_template,0x0021FD80,.lit,pointer,2,int part_dma_template[4];,X:/rcb/code/stable/game/tables.cpp,2799,game_dl/tables.cpp:509,mapped,unique retail data label and matching prototype declaration/source
part_draw_template,0x0021FD90,.lit,undefined,2,int part_draw_template[4];,X:/rcb/code/stable/game/tables.cpp,2800,game_dl/tables.cpp:516,mapped,unique retail data label and matching prototype declaration/source
part_flush_template,0x0021FDA0,.lit,pointer,2,int part_flush_template[4];,X:/rcb/code/stable/game/tables.cpp,2801,game_dl/tables.cpp:523,mapped,unique retail data label and matching prototype declaration/source
part_tex_template,0x0021FDB0,.lit,undefined,1,int part_tex_template[4];,X:/rcb/code/stable/game/tables.cpp,2802,game_dl/tables.cpp:530,mapped,unique retail data label and matching prototype declaration/source
part_constants,0x0021FDC0,.lit,undefined4,2,float part_constants[4];,X:/rcb/code/stable/game/tables.cpp,2803,game_dl/tables.cpp:537,mapped,unique retail data label and matching prototype declaration/source
hud_moby_light_0,0x0021FDD0,.lit,undefined,0,vec4a hud_moby_light_0;,X:/rcb/code/stable/game/tables.cpp,2804,,deferred,no retail references
hud_moby_light_1,0x0021FDE0,.lit,undefined,0,vec4a hud_moby_light_1;,X:/rcb/code/stable/game/tables.cpp,2805,,deferred,no retail references
TexTrns_0,0x0021FDF0,.lit,pointer,3,unsigned int TexTrns_0[4];,X:/rcb/code/stable/game/tables.cpp,2810,game_dl/tables.cpp:653,mapped,unique retail data label and matching prototype declaration/source
TexTrns_1,0x0021FE00,.lit,undefined4,3,unsigned int TexTrns_1[4];,X:/rcb/code/stable/game/tables.cpp,2811,game_dl/tables.cpp:660,mapped,unique retail data label and matching prototype declaration/source
TexTrns_2,0x0021FE10,.lit,undefined4,3,unsigned int TexTrns_2[4];,X:/rcb/code/stable/game/tables.cpp,2812,game_dl/tables.cpp:667,mapped,unique retail data label and matching prototype declaration/source
TexTrns_3,0x0021FE20,.lit,undefined4,3,unsigned int TexTrns_3[4];,X:/rcb/code/stable/game/tables.cpp,2813,game_dl/tables.cpp:674,mapped,unique retail data label and matching prototype declaration/source
TexTrns_4,0x0021FE30,.lit,undefined4,3,unsigned int TexTrns_4[4];,X:/rcb/code/stable/game/tables.cpp,2814,game_dl/tables.cpp:681,mapped,unique retail data label and matching prototype declaration/source
moby_mat_cnt_template,0x0021FE40,.lit,pointer,1,unsigned int moby_mat_cnt_template[4];,X:/rcb/code/stable/game/tables.cpp,2815,game_dl/tables.cpp:688,mapped,unique retail data label and matching prototype declaration/source
moby_vert_ref_template,0x0021FE50,.lit,undefined4,1,unsigned int moby_vert_ref_template[4];,X:/rcb/code/stable/game/tables.cpp,2816,game_dl/tables.cpp:695,mapped,unique retail data label and matching prototype declaration/source
moby_rgba_next_template,0x0021FE60,.lit,pointer,1,unsigned int moby_rgba_next_template[4];,X:/rcb/code/stable/game/tables.cpp,2817,game_dl/tables.cpp:702,mapped,unique retail data label and matching prototype declaration/source
moby_rgba_ref_template,0x0021FE70,.lit,undefined4,1,unsigned int moby_rgba_ref_template[4];,X:/rcb/code/stable/game/tables.cpp,2818,game_dl/tables.cpp:709,mapped,unique retail data label and matching prototype declaration/source
moby_st_next_template,0x0021FE80,.lit,pointer,1,unsigned int moby_st_next_template[4];,X:/rcb/code/stable/game/tables.cpp,2819,game_dl/tables.cpp:716,mapped,unique retail data label and matching prototype declaration/source
moby_vu_chunk_template,0x0021FE90,.lit,undefined4,1,unsigned int moby_vu_chunk_template[4];,X:/rcb/code/stable/game/tables.cpp,2820,game_dl/tables.cpp:723,mapped,unique retail data label and matching prototype declaration/source
moby_draw_template,0x0021FEA0,.lit,pointer,1,unsigned int moby_draw_template[4];,X:/rcb/code/stable/game/tables.cpp,2821,game_dl/tables.cpp:730,mapped,unique retail data label and matching prototype declaration/source
moby_zbuf_fudge,0x0021FEB0,.lit,undefined4,1,vec4a moby_zbuf_fudge;,X:/rcb/code/stable/game/tables.cpp,2822,game_dl/tables.cpp:737,mapped,unique retail data label and matching prototype declaration/source
GIFtag_PrimRgba,0x0021FEC0,.lit,undefined4,1,long unsigned int GIFtag_PrimRgba[2];,X:/rcb/code/stable/game/tables.cpp,2823,game_dl/tables.cpp:744,mapped,unique retail data label and matching prototype declaration/source
GIFtag_Vert,0x0021FED0,.lit,undefined4,1,long unsigned int GIFtag_Vert[2];,X:/rcb/code/stable/game/tables.cpp,2824,game_dl/tables.cpp:749,mapped,unique retail data label and matching prototype declaration/source
GIFtag_PrimSprite,0x0021FEE0,.lit,undefined4,2,long unsigned int GIFtag_PrimSprite[2];,X:/rcb/code/stable/game/tables.cpp,2825,game_dl/tables.cpp:754,mapped,unique retail data label and matching prototype declaration/source
GIFtag_PrimStSprite,0x0021FEF0,.lit,undefined,0,long unsigned int GIFtag_PrimStSprite[2];,X:/rcb/code/stable/game/tables.cpp,2826,,deferred,no retail references
GIFtag_PrimClSprite,0x0021FF00,.lit,undefined,0,long unsigned int GIFtag_PrimClSprite[2];,X:/rcb/code/stable/game/tables.cpp,2827,,deferred,no retail references
GIFtag_PrimGSprite,0x0021FF10,.lit,undefined4,1,long unsigned int GIFtag_PrimGSprite[2];,X:/rcb/code/stable/game/tables.cpp,2828,game_dl/tables.cpp:769,mapped,unique retail data label and matching prototype declaration/source
GIFtag_PrimGline,0x0021FF40,.lit,undefined,0,long unsigned int GIFtag_PrimGline[2];,X:/rcb/code/stable/game/tables.cpp,2831,,deferred,no retail references
GIFtag_PrimFquad,0x0021FF50,.lit,undefined,0,long unsigned int GIFtag_PrimFquad[2];,X:/rcb/code/stable/game/tables.cpp,2832,,deferred,no retail references
GIFtag_PrimGquad,0x0021FF60,.lit,undefined4,1,long unsigned int GIFtag_PrimGquad[2];,X:/rcb/code/stable/game/tables.cpp,2833,game_dl/tables.cpp:794,mapped,unique retail data label and matching prototype declaration/source
GIFtag_PrimFquadF,0x0021FF70,.lit,undefined,0,long unsigned int GIFtag_PrimFquadF[2];,X:/rcb/code/stable/game/tables.cpp,2834,,deferred,no retail references
GIFtag_PrimQuad,0x0021FF80,.lit,undefined,0,long unsigned int GIFtag_PrimQuad[2];,X:/rcb/code/stable/game/tables.cpp,2835,,deferred,no retail references
GIFtag_PrimScrQuad,0x0021FF90,.lit,undefined,0,long unsigned int GIFtag_PrimScrQuad[2];,X:/rcb/code/stable/game/tables.cpp,2836,,deferred,no retail references
GIF_Tex1_NoMip,0x0021FFC0,.lit,undefined,0,long unsigned int GIF_Tex1_NoMip[2];,X:/rcb/code/stable/game/tables.cpp,2839,,deferred,no retail references
GIFtag_PrimGquad2,0x0021FFF0,.lit,undefined4,1,long unsigned int GIFtag_PrimGquad2[2];,X:/rcb/code/stable/game/tables.cpp,2842,game_dl/tables.cpp:839,mapped,unique retail data label and matching prototype declaration/source
GIFtag_FontSprite,0x00220000,.lit,undefined4,17,long unsigned int GIFtag_FontSprite[2];,X:/rcb/code/stable/game/tables.cpp,2843,game_dl/tables.cpp:844,mapped,unique retail data label and matching prototype declaration/source
GIFtag_FontSpriteGr,0x00220010,.lit,undefined4,1,long unsigned int GIFtag_FontSpriteGr[2];,X:/rcb/code/stable/game/tables.cpp,2844,game_dl/tables.cpp:849,mapped,unique retail data label and matching prototype declaration/source
GIFtag_OcclPoint,0x00220020,.lit,undefined,0,long unsigned int GIFtag_OcclPoint[2];,X:/rcb/code/stable/game/tables.cpp,2845,,deferred,no retail references
GIFtag_HudMonitorA,0x00220030,.lit,undefined,0,long unsigned int GIFtag_HudMonitorA[2];,X:/rcb/code/stable/game/tables.cpp,2846,,deferred,no retail references
GIFtag_HudMonitorB,0x00220040,.lit,undefined,0,long unsigned int GIFtag_HudMonitorB[2];,X:/rcb/code/stable/game/tables.cpp,2847,,deferred,no retail references
tfrag_dma_lod_template,0x00220060,.lit,undefined4,1,unsigned int tfrag_dma_lod_template[4];,X:/rcb/code/stable/game/tables.cpp,2851,game_dl/tables.cpp:910,mapped,unique retail data label and matching prototype declaration/source
tfrag_dma_rgba_template,0x00220070,.lit,undefined4,1,unsigned int tfrag_dma_rgba_template[4];,X:/rcb/code/stable/game/tables.cpp,2852,game_dl/tables.cpp:917,mapped,unique retail data label and matching prototype declaration/source
tfrag_dma_rgba_1_template,0x00220080,.lit,undefined4,1,unsigned int tfrag_dma_rgba_1_template[4];,X:/rcb/code/stable/game/tables.cpp,2853,game_dl/tables.cpp:924,mapped,unique retail data label and matching prototype declaration/source
tfrag_dma_draw_template,0x00220090,.lit,pointer,1,unsigned int tfrag_dma_draw_template[4];,X:/rcb/code/stable/game/tables.cpp,2854,game_dl/tables.cpp:931,mapped,unique retail data label and matching prototype declaration/source
tie_dma_shader_template,0x002200B0,.lit,undefined,0,unsigned int tie_dma_shader_template[4];,X:/rcb/code/stable/game/tables.cpp,2857,,deferred,no retail references
tie_dma_control_template,0x002200C0,.lit,undefined,0,unsigned int tie_dma_control_template[4];,X:/rcb/code/stable/game/tables.cpp,2858,,deferred,no retail references
tie_near_dma_control_template,0x002200D0,.lit,undefined,0,unsigned int tie_near_dma_control_template[4];,X:/rcb/code/stable/game/tables.cpp,2859,,deferred,no retail references
tie_dma_tex_matrix_template,0x002200E0,.lit,undefined,0,unsigned int tie_dma_tex_matrix_template[4];,X:/rcb/code/stable/game/tables.cpp,2860,,deferred,no retail references
tie_near_dma_tex_matrix_template,0x002200F0,.lit,undefined,0,unsigned int tie_near_dma_tex_matrix_template[4];,X:/rcb/code/stable/game/tables.cpp,2861,,deferred,no retail references
tie_dma_vertex_template,0x00220100,.lit,undefined,0,unsigned int tie_dma_vertex_template[4];,X:/rcb/code/stable/game/tables.cpp,2862,,deferred,no retail references
tie_near_dma_vertex_template,0x00220110,.lit,undefined,0,unsigned int tie_near_dma_vertex_template[4];,X:/rcb/code/stable/game/tables.cpp,2863,,deferred,no retail references
tie_dma_rgba_template,0x00220120,.lit,undefined,0,unsigned int tie_dma_rgba_template[4];,X:/rcb/code/stable/game/tables.cpp,2864,,deferred,no retail references
tie_dma_matrix_template,0x00220130,.lit,undefined,0,unsigned int tie_dma_matrix_template[4];,X:/rcb/code/stable/game/tables.cpp,2865,,deferred,no retail references
tie_dma_draw_template,0x00220140,.lit,undefined,0,unsigned int tie_dma_draw_template[4];,X:/rcb/code/stable/game/tables.cpp,2866,,deferred,no retail references
tie_dma_scissor_template,0x00220150,.lit,undefined,0,unsigned int tie_dma_scissor_template[4];,X:/rcb/code/stable/game/tables.cpp,2867,,deferred,no retail references
tie_dma_2nd_bleedcolor_template,0x00220160,.lit,undefined,0,unsigned int tie_dma_2nd_bleedcolor_template[4];,X:/rcb/code/stable/game/tables.cpp,2870,,deferred,no retail references
tie_dma_2nd_uv_template,0x00220170,.lit,undefined,0,unsigned int tie_dma_2nd_uv_template[4];,X:/rcb/code/stable/game/tables.cpp,2871,,deferred,no retail references
tie_dma_2nd_texmat_uv_template,0x00220180,.lit,undefined,0,unsigned int tie_dma_2nd_texmat_uv_template[4];,X:/rcb/code/stable/game/tables.cpp,2872,,deferred,no retail references
tie_dma_setup_2nd_uv_pass,0x00220190,.lit,undefined,0,unsigned int tie_dma_setup_2nd_uv_pass[4];,X:/rcb/code/stable/game/tables.cpp,2873,,deferred,no retail references
tie_dma_setup_envpass,0x002201A0,.lit,undefined,0,unsigned int tie_dma_setup_envpass[4];,X:/rcb/code/stable/game/tables.cpp,2874,,deferred,no retail references
tie_dma_draw_envpass_template,0x002201B0,.lit,undefined,0,unsigned int tie_dma_draw_envpass_template[4];,X:/rcb/code/stable/game/tables.cpp,2875,,deferred,no retail references
tie_dma_draw_envpass_uv,0x002201C0,.lit,undefined,0,unsigned int tie_dma_draw_envpass_uv[4];,X:/rcb/code/stable/game/tables.cpp,2876,,deferred,no retail references
shrub_color_template,0x002201D0,.lit,undefined,0,unsigned int shrub_color_template[4];,X:/rcb/code/stable/game/tables.cpp,2877,,deferred,no retail references
shrub_dma_packet_template,0x002201E0,.lit,undefined,0,unsigned int shrub_dma_packet_template[4];,X:/rcb/code/stable/game/tables.cpp,2878,,deferred,no retail references
shrub_dma_mhdr_template,0x00220200,.lit,undefined,0,unsigned int shrub_dma_mhdr_template[4];,X:/rcb/code/stable/game/tables.cpp,2880,,deferred,no retail references
shrub_dma_matrix_template,0x00220210,.lit,undefined,0,unsigned int shrub_dma_matrix_template[4];,X:/rcb/code/stable/game/tables.cpp,2881,,deferred,no retail references
shrub_dma_draw_template,0x00220220,.lit,undefined,0,unsigned int shrub_dma_draw_template[4];,X:/rcb/code/stable/game/tables.cpp,2882,,deferred,no retail references
shrub_dma_palette_template,0x00220230,.lit,undefined,0,unsigned int shrub_dma_palette_template[4];,X:/rcb/code/stable/game/tables.cpp,2883,,deferred,no retail references
bboard_shader_dma_template,0x00220240,.lit,undefined,0,unsigned int bboard_shader_dma_template[4];,X:/rcb/code/stable/game/tables.cpp,2884,,deferred,no retail references
bboard_shader_gif_template,0x00220250,.lit,undefined,0,unsigned int bboard_shader_gif_template[4];,X:/rcb/code/stable/game/tables.cpp,2885,,deferred,no retail references
bboard_dma_template,0x00220260,.lit,undefined,0,unsigned int bboard_dma_template[4];,X:/rcb/code/stable/game/tables.cpp,2886,,deferred,no retail references
shrub_scis_mat_template,0x00220280,.lit,undefined,0,unsigned int shrub_scis_mat_template[4];,X:/rcb/code/stable/game/tables.cpp,2888,,deferred,no retail references
shrub_scis_draw_template,0x00220290,.lit,undefined,0,unsigned int shrub_scis_draw_template[4];,X:/rcb/code/stable/game/tables.cpp,2889,,deferred,no retail references
RenderConsts0,0x002202A0,.lit,undefined,1,vec4a RenderConsts0;,X:/rcb/code/stable/game/tables.cpp,2890,game_dl/tables.cpp:1294,mapped,unique retail data label and matching prototype declaration/source
stripvif_SThead,0x002205E0,.lit,pointer,2,unsigned int stripvif_SThead[4];,X:/rcb/code/stable/game/tables.cpp,2917,game_dl/tables.cpp:2808,mapped,unique retail data label and matching prototype declaration/source
stripvif_RGBAhead,0x00220600,.lit,undefined4,2,unsigned int stripvif_RGBAhead[4];,X:/rcb/code/stable/game/tables.cpp,2918,game_dl/tables.cpp:2815,mapped,unique retail data label and matching prototype declaration/source
stripvif_XYZhead,0x00220620,.lit,pointer,1,unsigned int stripvif_XYZhead[4];,X:/rcb/code/stable/game/tables.cpp,2919,game_dl/tables.cpp:2822,mapped,unique retail data label and matching prototype declaration/source
stripvif_XYZWhead,0x00220640,.lit,pointer,1,unsigned int stripvif_XYZWhead[4];,X:/rcb/code/stable/game/tables.cpp,2920,game_dl/tables.cpp:2829,mapped,unique retail data label and matching prototype declaration/source
flatvif_XYZhead,0x00220660,.lit,undefined,0,unsigned int flatvif_XYZhead[4];,X:/rcb/code/stable/game/tables.cpp,2922,,deferred,no retail references
flatvif_RGBAhead,0x00220680,.lit,undefined,0,unsigned int flatvif_RGBAhead[4];,X:/rcb/code/stable/game/tables.cpp,2923,,deferred,no retail references
tfrag_guard_frustum,0x002206A0,.lit,undefined,1,vec4a tfrag_guard_frustum;,X:/rcb/code/stable/game/tfragfunc.cpp,2948,game_dl/tfragfunc.cpp:41,mapped,unique retail data label and matching prototype declaration/source
mpeg_c_allocated,0x002206E0,.lit,undefined4,1,,,,,deferred,missing prototype declaration
VifChainFlags,0x002206E8,.lit,undefined4,5,int VifChainFlags;,X:/rcb/code/stable/game/vuchain.cpp,3061,game_dl/vuchain.cpp:5,mapped,unique retail data label and matching prototype declaration/source
g_current_vu0_program,0x002206EC,.lit,undefined4,2,int64 *g_current_vu0_program;,X:/rcb/code/stable/game/vuchain.cpp,3062,game_dl/vuchain.cpp:6,mapped,unique retail data label and matching prototype declaration/source
widget_vu1_bufPtr,0x002206F0,.lit,undefined4,2,qword *widget_vu1_bufPtr;,X:/rcb/code/stable/game/vuchain.cpp,3063,game_dl/vuchain.cpp:7,mapped,unique retail data label and matching prototype declaration/source
widget_dma_tagPtr,0x002206F4,.lit,undefined4,2,qword *widget_dma_tagPtr;,X:/rcb/code/stable/game/vuchain.cpp,3064,game_dl/vuchain.cpp:8,mapped,unique retail data label and matching prototype declaration/source
GSRegisterListOpen,0x002206F8,.lit,undefined4,1,int GSRegisterListOpen;,X:/rcb/code/stable/game/vuchain.cpp,3065,game_dl/vuchain.cpp:9,mapped,unique retail data label and matching prototype declaration/source
WaterOverlayR,0x00220700,.lit,undefined,0,char WaterOverlayR;,X:/rcb/code/stable/game/water.cpp,3083,,deferred,no retail references
WaterFogR,0x00220704,.lit,undefined1,1,char WaterFogR;,X:/rcb/code/stable/game/water.cpp,3087,game_dl/water.cpp:179,mapped,unique retail data label and matching prototype declaration/source
WaterFogG,0x00220705,.lit,undefined1,1,char WaterFogG;,X:/rcb/code/stable/game/water.cpp,3088,game_dl/water.cpp:180,mapped,unique retail data label and matching prototype declaration/source
WaterFogB,0x00220706,.lit,undefined1,1,char WaterFogB;,X:/rcb/code/stable/game/water.cpp,3089,game_dl/water.cpp:181,mapped,unique retail data label and matching prototype declaration/source
WaterFogNearDist,0x00220708,.lit,undefined4,1,float WaterFogNearDist;,X:/rcb/code/stable/game/water.cpp,3090,game_dl/water.cpp:182,mapped,unique retail data label and matching prototype declaration/source
WaterFogFarDist,0x0022070C,.lit,undefined4,1,float WaterFogFarDist;,X:/rcb/code/stable/game/water.cpp,3091,game_dl/water.cpp:183,mapped,unique retail data label and matching prototype declaration/source
WaterFogNearIntensity,0x00220710,.lit,undefined4,1,float WaterFogNearIntensity;,X:/rcb/code/stable/game/water.cpp,3092,game_dl/water.cpp:184,mapped,unique retail data label and matching prototype declaration/source
WaterFogFarIntensity,0x00220714,.lit,undefined4,1,float WaterFogFarIntensity;,X:/rcb/code/stable/game/water.cpp,3093,game_dl/water.cpp:185,mapped,unique retail data label and matching prototype declaration/source
Water_CT,0x00220720,.lit,undefined4,13,int Water_CT;,X:/rcb/code/stable/game/water.cpp,3097,game_dl/water.cpp:189,mapped,unique retail data label and matching prototype declaration/source
Water_DP,0x00220728,.lit,undefined4,2,int Water_DP;,X:/rcb/code/stable/game/water.cpp,3099,game_dl/water.cpp:191,mapped,unique retail data label and matching prototype declaration/source
WaterTile_cache_tex0,0x00220730,.lit,undefined,0,unsigned int WaterTile_cache_tex0;,X:/rcb/code/stable/game/water.cpp,3102,,deferred,no retail references
watertile_blockvif_SThead,0x00220740,.lit,undefined,0,unsigned int watertile_blockvif_SThead[4];,X:/rcb/code/stable/game/water.cpp,3112,,deferred,no retail references
watertile_blockvif_RGBAhead,0x00220760,.lit,undefined,0,unsigned int watertile_blockvif_RGBAhead[4];,X:/rcb/code/stable/game/water.cpp,3113,,deferred,no retail references
watertile_blockvif_XYZhead,0x00220780,.lit,undefined,0,unsigned int watertile_blockvif_XYZhead[4];,X:/rcb/code/stable/game/water.cpp,3114,,deferred,no retail references
ocean_blockvif_SThead,0x002207A0,.lit,undefined,0,unsigned int ocean_blockvif_SThead[4];,X:/rcb/code/stable/game/water.cpp,3118,,deferred,no retail references
ocean_blockvif_RGBAhead,0x002207C0,.lit,undefined,0,unsigned int ocean_blockvif_RGBAhead[4];,X:/rcb/code/stable/game/water.cpp,3119,,deferred,no retail references
shit.2601,0x002207D0,.lit,undefined,0,,,,,deferred,not a plain C identifier
THERM_fromColor,0x002207F0,.lit,undefined,0,int THERM_fromColor;,X:/rcb/code/stable/game/water.cpp,3125,,deferred,no retail references
THERM_C1,0x00220800,.lit,undefined,0,int THERM_C1;,X:/rcb/code/stable/game/water.cpp,3129,,deferred,no retail references
THERM_B2,0x00220810,.lit,undefined,0,int THERM_B2;,X:/rcb/code/stable/game/water.cpp,3133,,deferred,no retail references
WPN_AG_GRAV_SCALAR,0x00220840,.lit,undefined,0,float WPN_AG_GRAV_SCALAR;,X:/rcb/code/stable/game/weapons.cpp,3158,,deferred,no retail references
WPN_UPGRADE_SOUND_QUEUED,0x00220844,.lit,undefined4,4,int WPN_UPGRADE_SOUND_QUEUED;,X:/rcb/code/stable/game/weapons.cpp,3159,game_dl/weapons.cpp:100,mapped,unique retail data label and matching prototype declaration/source
WPN_UPGRADE_SOUND_FAILSAFE_TIMER,0x00220848,.lit,undefined4,4,int WPN_UPGRADE_SOUND_FAILSAFE_TIMER;,X:/rcb/code/stable/game/weapons.cpp,3160,game_dl/weapons.cpp:101,mapped,unique retail data label and matching prototype declaration/source
WPN_TrackMoby,0x0022084C,.lit,undefined4,4,moby *WPN_TrackMoby;,X:/rcb/code/stable/game/weapons.cpp,3161,game_dl/weapons.cpp:102,mapped,unique retail data label and matching prototype declaration/source
WPN_EnhancedTargeting,0x00220850,.lit,undefined,0,bool WPN_EnhancedTargeting;,X:/rcb/code/stable/game/weapons.cpp,3162,,deferred,no retail references
_WPN_UPGRADE_MODE_TRANS_TIMER,0x00220860,.lit,undefined2,8,int _WPN_UPGRADE_MODE_TRANS_TIMER;,X:/rcb/code/stable/game/weapons.cpp,3166,game_dl/weapons.cpp:124,mapped,unique retail data label and matching prototype declaration/source
_WPN_UPGRADE_MODE_OLD_DISP_TIMER,0x00220864,.lit,undefined4,2,int _WPN_UPGRADE_MODE_OLD_DISP_TIMER;,X:/rcb/code/stable/game/weapons.cpp,3167,game_dl/weapons.cpp:125,mapped,unique retail data label and matching prototype declaration/source
_WPN_UPGRADE_MODE_PART_SPLASH,0x00220868,.lit,undefined4,2,int _WPN_UPGRADE_MODE_PART_SPLASH;,X:/rcb/code/stable/game/weapons.cpp,3168,game_dl/weapons.cpp:126,mapped,unique retail data label and matching prototype declaration/source
_WPN_UPGRADE_MODE_XFORM,0x0022086C,.lit,undefined4,2,int _WPN_UPGRADE_MODE_XFORM;,X:/rcb/code/stable/game/weapons.cpp,3169,game_dl/weapons.cpp:127,mapped,unique retail data label and matching prototype declaration/source
WPN_UPG_OFS_X,0x00220870,.lit,undefined,0,float WPN_UPG_OFS_X;,X:/rcb/code/stable/game/weapons.cpp,3170,,deferred,no retail references
WPN_UPG_ALT_OFS_Y,0x00220880,.lit,undefined,0,float WPN_UPG_ALT_OFS_Y;,X:/rcb/code/stable/game/weapons.cpp,3174,,deferred,no retail references
WPN_THICK3,0x00220890,.lit,undefined,0,float WPN_THICK3;,X:/rcb/code/stable/game/weapons.cpp,3178,,deferred,no retail references
WPN_startStatus,0x002208BC,.lit,undefined4,3,int WPN_startStatus;,X:/rcb/code/stable/game/weapons.cpp,3184,game_dl/weapons.cpp:286,mapped,unique retail data label and matching prototype declaration/source
WPN_pwrstart,0x002208C0,.lit,undefined4,3,int WPN_pwrstart;,X:/rcb/code/stable/game/weapons.cpp,3185,game_dl/weapons.cpp:287,mapped,unique retail data label and matching prototype declaration/source
WPN_pwrend,0x002208C4,.lit,undefined4,7,int WPN_pwrend;,X:/rcb/code/stable/game/weapons.cpp,3186,game_dl/weapons.cpp:288,mapped,unique retail data label and matching prototype declaration/source
WPN_scrollTimer,0x002208C8,.lit,undefined4,6,int WPN_scrollTimer;,X:/rcb/code/stable/game/weapons.cpp,3187,game_dl/weapons.cpp:289,mapped,unique retail data label and matching prototype declaration/source
sync,0x00220910,.lit,undefined4,4,,,,,deferred,missing prototype declaration
g_TransitionNumSounds,0x00220960,.lit,undefined4,4,,,,,deferred,missing prototype declaration
g_LevelTransitions_LevelFrom,0x00220968,.lit,undefined4,2,int g_LevelTransitions_LevelFrom;,X:/rcb/code/stable/game/transition.cpp,3342,game_dl/transition.cpp:969,mapped,unique retail data label and matching prototype declaration/source
g_LevelTransitions_LevelTo,0x0022096C,.lit,undefined4,2,int g_LevelTransitions_LevelTo;,X:/rcb/code/stable/game/transition.cpp,3343,game_dl/transition.cpp:970,mapped,unique retail data label and matching prototype declaration/source
g_SpaceScene,0x00220980,.lit,undefined4,9,int g_SpaceScene;,X:/rcb/code/stable/game/transition.cpp,3344,game_dl/transition.cpp:976,mapped,unique retail data label and matching prototype declaration/source
g_BloomFlag,0x002209B8,.lit,undefined4,16,int g_BloomFlag;,X:/rcb/code/stable/game/posteffects.cpp,3359,game_dl/posteffects.cpp:126,mapped,unique retail data label and matching prototype declaration/source
g_BloomCopyTintR,0x002209C0,.lit,undefined4,1,int g_BloomCopyTintR;,X:/rcb/code/stable/game/posteffects.cpp,3361,game_dl/posteffects.cpp:128,mapped,unique retail data label and matching prototype declaration/source
g_BloomApply1A,0x002209D0,.lit,undefined4,1,int g_BloomApply1A;,X:/rcb/code/stable/game/posteffects.cpp,3365,game_dl/posteffects.cpp:132,mapped,unique retail data label and matching prototype declaration/source
g_DofFlag,0x002209D8,.lit,undefined4,3,int g_DofFlag;,X:/rcb/code/stable/game/posteffects.cpp,3367,game_dl/posteffects.cpp:134,mapped,unique retail data label and matching prototype declaration/source
g_BackBufferTexW,0x002209E4,.lit,undefined4,5,int g_BackBufferTexW;,X:/rcb/code/stable/game/posteffects.cpp,3370,game_dl/posteffects.cpp:137,mapped,unique retail data label and matching prototype declaration/source
g_BackBufferTexH,0x002209E8,.lit,undefined4,4,int g_BackBufferTexH;,X:/rcb/code/stable/game/posteffects.cpp,3371,game_dl/posteffects.cpp:138,mapped,unique retail data label and matching prototype declaration/source
g_BackBufferTexW_log2,0x002209EC,.lit,undefined4,3,int g_BackBufferTexW_log2;,X:/rcb/code/stable/game/posteffects.cpp,3372,game_dl/posteffects.cpp:139,mapped,unique retail data label and matching prototype declaration/source
g_BackBufferTexH_log2,0x002209F0,.lit,undefined4,2,int g_BackBufferTexH_log2;,X:/rcb/code/stable/game/posteffects.cpp,3373,game_dl/posteffects.cpp:140,mapped,unique retail data label and matching prototype declaration/source
g_RegEngResident,0x002209F4,.lit,undefined4,2,int g_RegEngResident;,X:/rcb/code/stable/game/posteffects.cpp,3374,game_dl/posteffects.cpp:141,mapped,unique retail data label and matching prototype declaration/source
PE_pSandStorm,0x002209F8,.lit,pointer,11,SandStormParms_t *PE_pSandStorm;,X:/rcb/code/stable/game/posteffects.cpp,3376,game_dl/posteffects.cpp:2594,mapped,unique retail data label and matching prototype declaration/source
bTemp_ShowDestAlpha.2866,0x00220A20,.lit,undefined1,1,,,,,deferred,not a plain C identifier
ST_ActiveExterminatorCard,0x00220A30,.lit,undefined4,1,int ST_ActiveExterminatorCard;,X:/rcb/code/stable/game/stats.cpp,3457,game_dl/stats.cpp:13,mapped,unique retail data label and matching prototype declaration/source
g_PreserveRegCnt,0x00220A68,.lit,undefined4,4,,,,,deferred,missing prototype declaration
_9iBehavior$id,0x00220A90,.lit,undefined4,1,unsigned int _9iBehavior$id;,X:/rcb/code/stable/game/ige/behaviors/iBehavior.cpp,3626,,deferred,not a plain C identifier
data_steps,0x00220AA0,.lit,undefined,1,,,,,deferred,missing prototype declaration
_Q33IGE6DRIVER3PS2$bMaskRenderClearZ,0x00220AC0,.lit,undefined1,3,bool _Q33IGE6DRIVER3PS2$bMaskRenderClearZ;,X:/rcb/code/stable/game/ige/driver/ps2driver/renderstate.cpp,3717,,deferred,not a plain C identifier
WIDGET_XSCALE_ADJUST,0x00220AC4,.lit,undefined4,18,,,,,deferred,missing prototype declaration
WIDGET_YSCALE_ADJUST,0x00220AC8,.lit,undefined4,13,,,,,deferred,missing prototype declaration
WIDGET_XPOS_ADJUST,0x00220ACC,.lit,undefined4,4,,,,,deferred,missing prototype declaration
WIDGET_YPOS_ADJUST,0x00220AD0,.lit,undefined4,4,,,,,deferred,missing prototype declaration
SCREEN_XMAX,0x00220AD4,.lit,undefined4,3,,,,,deferred,missing prototype declaration
SCREEN_YMAX,0x00220AD8,.lit,undefined4,4,,,,,deferred,missing prototype declaration
CANVAS_XMAX,0x00220ADC,.lit,undefined4,2,,,,,deferred,missing prototype declaration
CANVAS_YMAX,0x00220AE0,.lit,undefined4,2,,,,,deferred,missing prototype declaration
CANVAS_TO_SCREEN_X,0x00220AE4,.lit,undefined4,43,,,,,deferred,missing prototype declaration
CANVAS_TO_SCREEN_Y,0x00220AE8,.lit,undefined4,39,,,,,deferred,missing prototype declaration
SCREEN_ORIGINAL_XMAX,0x00220AEC,.lit,undefined4,4,,,,,deferred,missing prototype declaration
SCREEN_ORIGINAL_YMAX,0x00220AF0,.lit,undefined4,3,,,,,deferred,missing prototype declaration
FONT_NORMAL_PARAMETRIC_FONTPRINT_OFFSET,0x00220B00,.lit,undefined4,5,,,,,deferred,missing prototype declaration
iIGEScissoringStackSize,0x00220B04,.lit,undefined4,10,,,,,deferred,missing prototype declaration
facade_last_type_size,0x00220B48,.lit,undefined4,2,size_t facade_last_type_size;,X:/rcb/code/stable/game/ige/facadeapi/facadeApi.cpp,3771,game_dl/ige/facadeapi/facadeApi.cpp:766,mapped,unique retail data label and matching prototype declaration/source
kGidObjectTypeShift,0x00220B88,.lit,undefined4,16,int kGidObjectTypeShift;,X:/rcb/code/stable/game/guber/Guber.cpp,3933,game_dl/guber/Guber.cpp:7,mapped,unique retail data label and matching prototype declaration/source
kGidObjectTypeMask,0x00220B90,.lit,undefined4,16,int kGidObjectTypeMask;,X:/rcb/code/stable/game/guber/Guber.cpp,3937,game_dl/guber/Guber.cpp:11,mapped,unique retail data label and matching prototype declaration/source
kInvalidUID,0x00220B98,.lit,undefined4,8,unsigned int kInvalidUID;,X:/rcb/code/stable/game/guber/Guber.cpp,3940,game_dl/guber/Guber.cpp:14,mapped,unique retail data label and matching prototype declaration/source
_heroOpt,0x00220BA0,.lit,undefined,0,HeroOpt _heroOpt;,X:/rcb/code/stable/game/guber/Hero.cpp,3966,,deferred,no retail references
_4Hero$s_pJuggieSoundMoby,0x00220BB0,.lit,undefined4,2,moby *_4Hero$s_pJuggieSoundMoby;,X:/rcb/code/stable/game/guber/Hero.cpp,3968,,deferred,not a plain C identifier
s_juggernautIndex,0x00220BD8,.lit,undefined4,8,,,,,deferred,missing prototype declaration
arr_Player_vChargeBootCheckPos,0x00220BF0,.lit,undefined,0,,,,,deferred,missing prototype declaration
bangleMask,0x00220C10,.lit,undefined,0,int bangleMask;,X:/rcb/code/stable/game/guber/Hero.cpp,3987,,deferred,no retail references
RatchetHeadScale,0x00220C40,.lit,undefined,0,float RatchetHeadScale;,X:/rcb/code/stable/game/guber/Hero.cpp,3991,,deferred,no retail references
iTagWrenchKillFlg.3424,0x00220C50,.lit,undefined,1,,,,,deferred,not a plain C identifier
iTagDefensiveKillFlg.3426,0x00220C60,.lit,undefined,1,,,,,deferred,not a plain C identifier
iTagSniperKillFlg.3428,0x00220C70,.lit,undefined,1,,,,,deferred,not a plain C identifier
iTagNodeKillFlg.3430,0x00220C80,.lit,undefined,1,,,,,deferred,not a plain C identifier
RotZAdder,0x00220CAC,.lit,undefined4,1,int RotZAdder;,X:/rcb/code/stable/game/guber/Hero.cpp,3992,game_dl/guber/Hero.cpp:603,mapped,unique retail data label and matching prototype declaration/source
RotYAdder,0x00220CB0,.lit,undefined4,1,int RotYAdder;,X:/rcb/code/stable/game/guber/Hero.cpp,3993,game_dl/guber/Hero.cpp:604,mapped,unique retail data label and matching prototype declaration/source
kFpsGunMovementFactor,0x00220CC0,.lit,undefined,0,float kFpsGunMovementFactor;,X:/rcb/code/stable/game/guber/Hero.cpp,3998,,deferred,no retail references
PlayerWalkTransDelta,0x00220CE0,.lit,undefined,1,,,,,deferred,missing prototype declaration
hero_shadow_ofs,0x00220D10,.lit,undefined,0,,,,,deferred,missing prototype declaration
hero_shadow_rot,0x00220D20,.lit,undefined,0,,,,,deferred,missing prototype declaration
HeliPackThrustTable,0x00220D30,.lit,undefined,1,,,,,deferred,missing prototype declaration
sFreeEventList,0x00220D88,.lit,undefined4,2,,,,,deferred,missing prototype declaration
sUsedEventList,0x00220D8C,.lit,undefined4,3,,,,,deferred,missing prototype declaration
hackyTimer,0x00220D90,.lit,undefined,0,int hackyTimer;,X:/rcb/code/stable/game/guber/RemoteHero.cpp,4046,,deferred,no retail references
gVehicleBaseCnt,0x00220DA0,.lit,undefined4,3,,,,,deferred,missing prototype declaration
kVehicleSmokeTime,0x00220DB0,.lit,undefined,0,int kVehicleSmokeTime;,X:/rcb/code/stable/game/guber/Vehicle.cpp,4059,,deferred,no retail references
GBV_fHoverBikeDamagePushMax,0x00220DC0,.lit,undefined,0,float GBV_fHoverBikeDamagePushMax;,X:/rcb/code/stable/game/guber/Vehicle.cpp,4063,,deferred,no retail references
GBV_iHoverBikeRecentlyOnTime,0x00220DD0,.lit,undefined4,1,int GBV_iHoverBikeRecentlyOnTime;,X:/rcb/code/stable/game/guber/Vehicle.cpp,4067,game_dl/guber/Vehicle.cpp:102,mapped,unique retail data label and matching prototype declaration/source
GBV_iHoverBikeTeammateRecentlyOnTime,0x00220DD4,.lit,undefined4,1,int GBV_iHoverBikeTeammateRecentlyOnTime;,X:/rcb/code/stable/game/guber/Vehicle.cpp,4068,game_dl/guber/Vehicle.cpp:103,mapped,unique retail data label and matching prototype declaration/source
NumTeams,0x00220DD8,.lit,undefined4,6,,,,,deferred,missing prototype declaration
pNetMobyClassEventHandler,0x00220DDC,.lit,undefined4,4,,,,,deferred,missing prototype declaration
_9GuberMoby$sLastPlayerDroppedTime,0x00220DE0,.lit,undefined,0,int _9GuberMoby$sLastPlayerDroppedTime;,X:/rcb/code/stable/game/guber/GuberMoby.cpp,4115,,deferred,not a plain C identifier
gNetMobyPlayerInVehiclePenalty.2637,0x00220DF0,.lit,undefined4,1,,,,,deferred,not a plain C identifier
g_bBailOut,0x00220DF8,.lit,undefined1,3,bool g_bBailOut;,X:/rcb/code/stable/game/guber/GameController.cpp,4169,game_dl/guber/GameController.cpp:140,mapped,unique retail data label and matching prototype declaration/source
myAss.3435,0x00220E50,.lit,undefined4,1,,,,,deferred,not a plain C identifier
GADGETBOX_MAX_GADGET_LEVEL,0x00220EB0,.lit,undefined,0,int GADGETBOX_MAX_GADGET_LEVEL;,X:/rcb/code/stable/game/guber/GadgetBox.cpp,4190,,deferred,no retail references
g_GsTransitionAddress,0x00220F30,.lit,undefined4,1,int g_GsTransitionAddress;,X:/rcb/code/stable/game/transitionmulti.cpp,4240,game_dl/transitionmulti.cpp:72,mapped,unique retail data label and matching prototype declaration/source
g_UploadTransitionImage,0x00220F34,.lit,undefined1,2,bool g_UploadTransitionImage;,X:/rcb/code/stable/game/transitionmulti.cpp,4241,game_dl/transitionmulti.cpp:73,mapped,unique retail data label and matching prototype declaration/source
g_RawTransitionImageData,0x00220F38,.lit,undefined4,2,void *g_RawTransitionImageData;,X:/rcb/code/stable/game/transitionmulti.cpp,4242,game_dl/transitionmulti.cpp:74,mapped,unique retail data label and matching prototype declaration/source
fIconWidth,0x00220F50,.lit,undefined,0,,,,,deferred,missing prototype declaration
fIconXLeft,0x00220F60,.lit,undefined,0,,,,,deferred,missing prototype declaration
yPosn.2637,0x00220F70,.lit,undefined,0,,,,,deferred,not a plain C identifier
fScrollSpeed.2652,0x00220F80,.lit,undefined,0,,,,,deferred,not a plain C identifier
fHudGhostImageY.2663,0x00220F90,.lit,undefined4,1,,,,,deferred,not a plain C identifier
fArrowY.2667,0x00220FA0,.lit,undefined4,1,,,,,deferred,not a plain C identifier
nFontYPosition.2674,0x00220FB0,.lit,undefined,0,,,,,deferred,not a plain C identifier
fLineDeltaYParam,0x00220FC0,.lit,undefined,0,,,,,deferred,missing prototype declaration
fWeaponVertY0,0x00220FD0,.lit,undefined,0,,,,,deferred,missing prototype declaration
fWeaponHorizDy,0x00220FE0,.lit,undefined,0,,,,,deferred,missing prototype declaration
g_Overlay_XEndFactor,0x00220FF0,.lit,undefined,0,float g_Overlay_XEndFactor;,X:/rcb/code/stable/game/transitionmulti.cpp,4244,,deferred,no retail references
g_Splash_fWidthFactor,0x00221000,.lit,undefined4,1,float g_Splash_fWidthFactor;,X:/rcb/code/stable/game/transitionmulti.cpp,4247,game_dl/transitionmulti.cpp:100,mapped,unique retail data label and matching prototype declaration/source
g_Splash_fHeight,0x00221008,.lit,undefined4,1,float g_Splash_fHeight;,X:/rcb/code/stable/game/transitionmulti.cpp,4249,game_dl/transitionmulti.cpp:102,mapped,unique retail data label and matching prototype declaration/source
incX,0x0022100C,.lit,undefined4,6,float incX;,X:/rcb/code/stable/game/transitionmulti.cpp,4250,game_dl/transitionmulti.cpp:103,mapped,unique retail data label and matching prototype declaration/source
incY,0x00221010,.lit,undefined4,4,float incY;,X:/rcb/code/stable/game/transitionmulti.cpp,4251,game_dl/transitionmulti.cpp:104,mapped,unique retail data label and matching prototype declaration/source
g_Splash_Top_x,0x00221014,.lit,undefined4,4,float g_Splash_Top_x;,X:/rcb/code/stable/game/transitionmulti.cpp,4252,game_dl/transitionmulti.cpp:105,mapped,unique retail data label and matching prototype declaration/source
g_Splash_Top_y,0x00221018,.lit,undefined4,1,float g_Splash_Top_y;,X:/rcb/code/stable/game/transitionmulti.cpp,4253,game_dl/transitionmulti.cpp:106,mapped,unique retail data label and matching prototype declaration/source
g_Splash_Bottom_y,0x00221020,.lit,undefined4,1,float g_Splash_Bottom_y;,X:/rcb/code/stable/game/transitionmulti.cpp,4255,game_dl/transitionmulti.cpp:108,mapped,unique retail data label and matching prototype declaration/source
g_Splash_fTopHeight,0x00221024,.lit,undefined4,1,float g_Splash_fTopHeight;,X:/rcb/code/stable/game/transitionmulti.cpp,4256,game_dl/transitionmulti.cpp:109,mapped,unique retail data label and matching prototype declaration/source
g_Splash_Color,0x00221028,.lit,undefined8,1,uint64 g_Splash_Color;,X:/rcb/code/stable/game/transitionmulti.cpp,4257,game_dl/transitionmulti.cpp:110,mapped,unique retail data label and matching prototype declaration/source
g_xMapName,0x00221030,.lit,undefined4,1,float g_xMapName;,X:/rcb/code/stable/game/transitionmulti.cpp,4258,game_dl/transitionmulti.cpp:111,mapped,unique retail data label and matching prototype declaration/source
g_yMapName,0x00221034,.lit,undefined4,1,float g_yMapName;,X:/rcb/code/stable/game/transitionmulti.cpp,4259,game_dl/transitionmulti.cpp:112,mapped,unique retail data label and matching prototype declaration/source
g_xGameName,0x00221038,.lit,undefined4,1,float g_xGameName;,X:/rcb/code/stable/game/transitionmulti.cpp,4260,game_dl/transitionmulti.cpp:113,mapped,unique retail data label and matching prototype declaration/source
g_yGameName,0x0022103C,.lit,undefined4,1,float g_yGameName;,X:/rcb/code/stable/game/transitionmulti.cpp,4261,game_dl/transitionmulti.cpp:114,mapped,unique retail data label and matching prototype declaration/source
g_Map_Color,0x00221040,.lit,undefined8,2,uint64 g_Map_Color;,X:/rcb/code/stable/game/transitionmulti.cpp,4262,game_dl/transitionmulti.cpp:115,mapped,unique retail data label and matching prototype declaration/source
text_x,0x00221060,.lit,undefined4,2,float text_x;,X:/rcb/code/stable/game/transitionmulti.cpp,4263,game_dl/transitionmulti.cpp:116,mapped,unique retail data label and matching prototype declaration/source
text_x2,0x00221064,.lit,undefined4,2,float text_x2;,X:/rcb/code/stable/game/transitionmulti.cpp,4264,game_dl/transitionmulti.cpp:117,mapped,unique retail data label and matching prototype declaration/source
text_yStart,0x00221068,.lit,undefined4,3,float text_yStart;,X:/rcb/code/stable/game/transitionmulti.cpp,4265,game_dl/transitionmulti.cpp:118,mapped,unique retail data label and matching prototype declaration/source
text_yOffset,0x0022106C,.lit,undefined4,3,float text_yOffset;,X:/rcb/code/stable/game/transitionmulti.cpp,4266,game_dl/transitionmulti.cpp:119,mapped,unique retail data label and matching prototype declaration/source
setAPTJmtx,0x002210A0,.bss,undefined1,5,bool setAPTJmtx;,X:/rcb/code/stable/game/update/moby8244.cpp,591,game_dl/update/moby8244.cpp:28,mapped,unique retail data label and matching prototype declaration/source
M3137_NumDying,0x002210C8,.bss,undefined4,7,int M3137_NumDying;,X:/rcb/code/stable/game/update/moby3137.cpp,791,game_dl/update/moby3137.cpp:51,mapped,unique retail data label and matching prototype declaration/source
ImportCameras,0x00221110,.bss,undefined4,3,ImportCamera *ImportCameras;,X:/rcb/code/stable/game/camera.cpp,1114,game_dl/camera.cpp:126,mapped,unique retail data label and matching prototype declaration/source
gsFrame,0x002211CC,.bss,undefined4,33,int gsFrame;,X:/rcb/code/stable/game/draw.cpp,1230,game_dl/draw.cpp:372,mapped,unique retail data label and matching prototype declaration/source
ScreenFade,0x002211D0,.bss,undefined4,15,float ScreenFade[4];,X:/rcb/code/stable/game/draw.cpp,1231,game_dl/draw.cpp:373,mapped,unique retail data label and matching prototype declaration/source
ScreenFlash,0x002211E0,.bss,undefined4,5,float ScreenFlash[4];,X:/rcb/code/stable/game/draw.cpp,1232,game_dl/draw.cpp:374,mapped,unique retail data label and matching prototype declaration/source
LetterBoxOn,0x002211F0,.bss,undefined4,3,int LetterBoxOn;,X:/rcb/code/stable/game/draw.cpp,1233,game_dl/draw.cpp:375,mapped,unique retail data label and matching prototype declaration/source
LetterBoxPixels,0x002211F4,.bss,undefined4,3,int LetterBoxPixels;,X:/rcb/code/stable/game/draw.cpp,1234,game_dl/draw.cpp:376,mapped,unique retail data label and matching prototype declaration/source
gif_page_markerA,0x002211FC,.bss,undefined4,6,qword *gif_page_markerA;,X:/rcb/code/stable/game/draw.cpp,1236,game_dl/draw.cpp:378,mapped,unique retail data label and matching prototype declaration/source
gif_page_markerB,0x00221200,.bss,undefined4,5,qword *gif_page_markerB;,X:/rcb/code/stable/game/draw.cpp,1237,game_dl/draw.cpp:379,mapped,unique retail data label and matching prototype declaration/source
GifLoadCnt,0x00221204,.bss,undefined4,18,int GifLoadCnt;,X:/rcb/code/stable/game/draw.cpp,1239,game_dl/draw.cpp:381,mapped,unique retail data label and matching prototype declaration/source
EffectTexCnt,0x00221208,.bss,undefined4,4,int EffectTexCnt;,X:/rcb/code/stable/game/draw.cpp,1241,game_dl/draw.cpp:383,mapped,unique retail data label and matching prototype declaration/source
EffectTexBase,0x0022120C,.bss,undefined4,2,char *EffectTexBase;,X:/rcb/code/stable/game/draw.cpp,1242,game_dl/draw.cpp:384,mapped,unique retail data label and matching prototype declaration/source
pRegistered_PreDraws,0x00221210,.bss,undefined4,4,void *pRegistered_PreDraws;,X:/rcb/code/stable/game/draw.cpp,1243,game_dl/draw.cpp:385,mapped,unique retail data label and matching prototype declaration/source
pRegistered_MobyDraws,0x00221218,.bss,undefined4,9,void *pRegistered_MobyDraws;,X:/rcb/code/stable/game/draw.cpp,1245,game_dl/draw.cpp:387,mapped,unique retail data label and matching prototype declaration/source
pRegistered_PostDraws,0x0022121C,.bss,undefined4,19,void *pRegistered_PostDraws;,X:/rcb/code/stable/game/draw.cpp,1246,game_dl/draw.cpp:388,mapped,unique retail data label and matching prototype declaration/source
pRegistered_FontDraws,0x00221220,.bss,undefined4,8,void *pRegistered_FontDraws;,X:/rcb/code/stable/game/draw.cpp,1247,game_dl/draw.cpp:389,mapped,unique retail data label and matching prototype declaration/source
LameShadowCnt,0x00221228,.bss,undefined4,5,int LameShadowCnt;,X:/rcb/code/stable/game/draw.cpp,1251,game_dl/draw.cpp:393,mapped,unique retail data label and matching prototype declaration/source
LevelFogR,0x0022122C,.bss,undefined1,6,char LevelFogR;,X:/rcb/code/stable/game/draw.cpp,1252,game_dl/draw.cpp:394,mapped,unique retail data label and matching prototype declaration/source
LevelFogG,0x0022122D,.bss,undefined1,6,char LevelFogG;,X:/rcb/code/stable/game/draw.cpp,1253,game_dl/draw.cpp:395,mapped,unique retail data label and matching prototype declaration/source
LevelFogB,0x0022122E,.bss,undefined1,6,char LevelFogB;,X:/rcb/code/stable/game/draw.cpp,1254,game_dl/draw.cpp:396,mapped,unique retail data label and matching prototype declaration/source
LevelFogNearDist,0x00221230,.bss,undefined4,6,float LevelFogNearDist;,X:/rcb/code/stable/game/draw.cpp,1255,game_dl/draw.cpp:397,mapped,unique retail data label and matching prototype declaration/source
LevelFogFarDist,0x00221234,.bss,undefined4,6,float LevelFogFarDist;,X:/rcb/code/stable/game/draw.cpp,1256,game_dl/draw.cpp:398,mapped,unique retail data label and matching prototype declaration/source
LevelFogNearIntensity,0x00221238,.bss,undefined4,6,float LevelFogNearIntensity;,X:/rcb/code/stable/game/draw.cpp,1257,game_dl/draw.cpp:399,mapped,unique retail data label and matching prototype declaration/source
LevelFogFarIntensity,0x0022123C,.bss,undefined4,6,float LevelFogFarIntensity;,X:/rcb/code/stable/game/draw.cpp,1258,game_dl/draw.cpp:400,mapped,unique retail data label and matching prototype declaration/source
g_ActiveDrawPane,0x00221244,.bss,undefined4,3,int g_ActiveDrawPane;,X:/rcb/code/stable/game/draw.cpp,1260,game_dl/draw.cpp:402,mapped,unique retail data label and matching prototype declaration/source
g_ActiveDrawFrustum,0x00221248,.bss,undefined4,3,int g_ActiveDrawFrustum;,X:/rcb/code/stable/game/draw.cpp,1261,game_dl/draw.cpp:403,mapped,unique retail data label and matching prototype declaration/source
RegisteredDrawsCount,0x00221254,.bss,undefined4,3,int RegisteredDrawsCount;,X:/rcb/code/stable/game/draw.cpp,1265,game_dl/draw.cpp:407,mapped,unique retail data label and matching prototype declaration/source
FXReg,0x00221270,.bss,undefined4,211,FXRegistrySystemInterface FXReg;,X:/rcb/code/stable/game/FXRegistry.cpp,1298,game_dl/FXRegistry.cpp:484,mapped,unique retail data label and matching prototype declaration/source
ZeroVec,0x002212B0,.bss,undefined4,37,vec4 ZeroVec;,X:/rcb/code/stable/game/globals.cpp,1521,game_dl/globals.cpp:304,mapped,unique retail data label and matching prototype declaration/source
SphericalCenter,0x002212C0,.bss,undefined4,12,vec4 SphericalCenter;,X:/rcb/code/stable/game/globals.cpp,1523,game_dl/globals.cpp:306,mapped,unique retail data label and matching prototype declaration/source
g_newlevelnum,0x002212E0,.bss,undefined4,22,int g_newlevelnum;,X:/rcb/code/stable/game/globals.cpp,1527,game_dl/globals.cpp:310,mapped,unique retail data label and matching prototype declaration/source
gameModeTimer,0x002212E4,.bss,undefined4,8,int gameModeTimer;,X:/rcb/code/stable/game/globals.cpp,1528,game_dl/globals.cpp:311,mapped,unique retail data label and matching prototype declaration/source
gs_usage,0x002212E8,.bss,undefined4,6,float gs_usage;,X:/rcb/code/stable/game/globals.cpp,1529,game_dl/globals.cpp:312,mapped,unique retail data label and matching prototype declaration/source
cpu_usage,0x002212EC,.bss,undefined4,7,float cpu_usage;,X:/rcb/code/stable/game/globals.cpp,1530,game_dl/globals.cpp:313,mapped,unique retail data label and matching prototype declaration/source
active_vu1_mpg,0x002212F8,.bss,undefined4,8,int active_vu1_mpg;,X:/rcb/code/stable/game/globals.cpp,1533,game_dl/globals.cpp:316,mapped,unique retail data label and matching prototype declaration/source
LevelSounds,0x0022130C,.bss,undefined4,6,SoundDef *LevelSounds;,X:/rcb/code/stable/game/globals.cpp,1536,game_dl/globals.cpp:319,mapped,unique retail data label and matching prototype declaration/source
EngScratchPad,0x00221310,.bss,undefined4,4,char *EngScratchPad;,X:/rcb/code/stable/game/globals.cpp,1537,game_dl/globals.cpp:320,mapped,unique retail data label and matching prototype declaration/source
ShadowScratchPad,0x00221314,.bss,undefined4,6,char *ShadowScratchPad;,X:/rcb/code/stable/game/globals.cpp,1538,game_dl/globals.cpp:321,mapped,unique retail data label and matching prototype declaration/source
SkinVertexCache,0x00221318,.bss,undefined4,4,char *SkinVertexCache;,X:/rcb/code/stable/game/globals.cpp,1539,game_dl/globals.cpp:322,mapped,unique retail data label and matching prototype declaration/source
OcclMode,0x00221324,.bss,undefined4,10,int OcclMode;,X:/rcb/code/stable/game/globals.cpp,1544,game_dl/globals.cpp:327,mapped,unique retail data label and matching prototype declaration/source
OcclUpdate,0x00221328,.bss,undefined4,3,int OcclUpdate;,X:/rcb/code/stable/game/globals.cpp,1545,game_dl/globals.cpp:328,mapped,unique retail data label and matching prototype declaration/source
OcclInvalidGrid,0x0022132C,.bss,undefined4,2,int OcclInvalidGrid;,X:/rcb/code/stable/game/globals.cpp,1546,game_dl/globals.cpp:329,mapped,unique retail data label and matching prototype declaration/source
HeroCollData,0x00221340,.bss,undefined4,1,HERO_COLL_GRID *HeroCollData;,X:/rcb/code/stable/game/globals.cpp,1551,game_dl/globals.cpp:334,mapped,unique retail data label and matching prototype declaration/source
CamCollData,0x00221344,.bss,undefined4,2,HERO_COLL_GRID *CamCollData;,X:/rcb/code/stable/game/globals.cpp,1552,game_dl/globals.cpp:335,mapped,unique retail data label and matching prototype declaration/source
CollPolyList,0x00221348,.bss,undefined4,15,vec4 *CollPolyList;,X:/rcb/code/stable/game/globals.cpp,1553,game_dl/globals.cpp:336,mapped,unique retail data label and matching prototype declaration/source
GrindPaths,0x00221354,.bss,undefined4,6,GrindPath *GrindPaths;,X:/rcb/code/stable/game/globals.cpp,1559,game_dl/globals.cpp:342,mapped,unique retail data label and matching prototype declaration/source
GrindPathCnt,0x00221358,.bss,undefined4,9,int GrindPathCnt;,X:/rcb/code/stable/game/globals.cpp,1560,game_dl/globals.cpp:343,mapped,unique retail data label and matching prototype declaration/source
HeroDeathHeight,0x0022135C,.bss,undefined4,3,float HeroDeathHeight;,X:/rcb/code/stable/game/globals.cpp,1561,game_dl/globals.cpp:344,mapped,unique retail data label and matching prototype declaration/source
HelpMsgs,0x00221384,.bss,undefined4,19,HelpMsg *HelpMsgs;,X:/rcb/code/stable/game/help.cpp,1611,game_dl/help.cpp:55,mapped,unique retail data label and matching prototype declaration/source
Menu_voStream,0x00221388,.bss,undefined4,3,HSTREAM Menu_voStream;,X:/rcb/code/stable/game/help.cpp,1613,game_dl/help.cpp:57,mapped,unique retail data label and matching prototype declaration/source
g_pLightCuboids,0x002213B0,.bss,undefined4,3,void *g_pLightCuboids;,X:/rcb/code/stable/game/lights.cpp,1679,game_dl/lights.cpp:41,mapped,unique retail data label and matching prototype declaration/source
g_pLightCuboidMats,0x002213B8,.bss,undefined4,2,mtx4 *g_pLightCuboidMats;,X:/rcb/code/stable/game/lights.cpp,1681,game_dl/lights.cpp:43,mapped,unique retail data label and matching prototype declaration/source
g_emergency_texture,0x002213C0,.bss,undefined8,3,uint64 g_emergency_texture;,X:/rcb/code/stable/game/loaders.cpp,1707,game_dl/loaders.cpp:85,mapped,unique retail data label and matching prototype declaration/source
MCSTATE_lastOpLoad,0x002213E0,.bss,undefined1,18,bool MCSTATE_lastOpLoad;,X:/rcb/code/stable/game/mcstate.cpp,1724,game_dl/mcstate.cpp:72,mapped,unique retail data label and matching prototype declaration/source
MCSTATE_idle_time,0x002213E4,.bss,undefined4,3,int MCSTATE_idle_time;,X:/rcb/code/stable/game/mcstate.cpp,1725,game_dl/mcstate.cpp:73,mapped,unique retail data label and matching prototype declaration/source
mcstate_error,0x002213E8,.bss,undefined1,5,bool mcstate_error;,X:/rcb/code/stable/game/mcstate.cpp,1726,game_dl/mcstate.cpp:75,mapped,unique retail data label and matching prototype declaration/source
numSpawnableMobys,0x002213F0,.bss,undefined4,3,int numSpawnableMobys;,X:/rcb/code/stable/game/mobyfunc.cpp,1800,game_dl/mobyfunc.cpp:110,mapped,unique retail data label and matching prototype declaration/source
MobyInstances,0x002213F4,.bss,undefined4,37,MobyInstance *MobyInstances;,X:/rcb/code/stable/game/mobyfunc.cpp,1801,game_dl/mobyfunc.cpp:111,mapped,unique retail data label and matching prototype declaration/source
MobyClassIndex,0x002213F8,.bss,undefined4,12,int MobyClassIndex;,X:/rcb/code/stable/game/mobyfunc.cpp,1810,game_dl/mobyfunc.cpp:120,mapped,unique retail data label and matching prototype declaration/source
MobyClassNullIndex,0x002213FC,.bss,undefined4,6,int MobyClassNullIndex;,X:/rcb/code/stable/game/mobyfunc.cpp,1814,game_dl/mobyfunc.cpp:124,mapped,unique retail data label and matching prototype declaration/source
MobyTexCnt,0x00221400,.bss,undefined4,10,int MobyTexCnt;,X:/rcb/code/stable/game/mobyfunc.cpp,1817,game_dl/mobyfunc.cpp:127,mapped,unique retail data label and matching prototype declaration/source
MobyVu1Marker,0x00221404,.bss,undefined4,6,qword *MobyVu1Marker;,X:/rcb/code/stable/game/mobyfunc.cpp,1823,game_dl/mobyfunc.cpp:133,mapped,unique retail data label and matching prototype declaration/source
MobyAnimPtr,0x00221408,.bss,undefined4,7,void *MobyAnimPtr;,X:/rcb/code/stable/game/mobyfunc.cpp,1825,game_dl/mobyfunc.cpp:135,mapped,unique retail data label and matching prototype declaration/source
MobyInstancePermEnd,0x0022140C,.bss,undefined4,15,MobyInstance *MobyInstancePermEnd;,X:/rcb/code/stable/game/mobyfunc.cpp,1826,game_dl/mobyfunc.cpp:136,mapped,unique retail data label and matching prototype declaration/source
MobyInstanceEnd,0x00221410,.bss,undefined4,16,MobyInstance *MobyInstanceEnd;,X:/rcb/code/stable/game/mobyfunc.cpp,1827,game_dl/mobyfunc.cpp:137,mapped,unique retail data label and matching prototype declaration/source
MobyInstanceChain,0x00221414,.bss,undefined4,3,MobyInstance *MobyInstanceChain;,X:/rcb/code/stable/game/mobyfunc.cpp,1828,game_dl/mobyfunc.cpp:138,mapped,unique retail data label and matching prototype declaration/source
MobyVars,0x00221418,.bss,undefined4,4,void *MobyVars;,X:/rcb/code/stable/game/mobyfunc.cpp,1830,game_dl/mobyfunc.cpp:140,mapped,unique retail data label and matching prototype declaration/source
MobyVarsBlockCnt,0x0022141C,.bss,undefined4,3,int MobyVarsBlockCnt;,X:/rcb/code/stable/game/mobyfunc.cpp,1831,game_dl/mobyfunc.cpp:141,mapped,unique retail data label and matching prototype declaration/source
MobyVarListTail,0x00221428,.bss,undefined4,7,int *MobyVarListTail;,X:/rcb/code/stable/game/mobyfunc.cpp,1835,game_dl/mobyfunc.cpp:145,mapped,unique retail data label and matching prototype declaration/source
MobyVarListTop,0x00221430,.bss,undefined4,3,int *MobyVarListTop;,X:/rcb/code/stable/game/mobyfunc.cpp,1837,game_dl/mobyfunc.cpp:147,mapped,unique retail data label and matching prototype declaration/source
MobySplitScreen,0x00221438,.bss,undefined4,2,int MobySplitScreen;,X:/rcb/code/stable/game/mobyfunc.cpp,1839,game_dl/mobyfunc.cpp:149,mapped,unique retail data label and matching prototype declaration/source
MobyShadowCnt,0x00221444,.bss,undefined4,7,int MobyShadowCnt;,X:/rcb/code/stable/game/mobyfunc.cpp,1850,game_dl/mobyfunc.cpp:160,mapped,unique retail data label and matching prototype declaration/source
MobyShadowMarker,0x00221448,.bss,undefined4,12,qword *MobyShadowMarker;,X:/rcb/code/stable/game/mobyfunc.cpp,1851,game_dl/mobyfunc.cpp:161,mapped,unique retail data label and matching prototype declaration/source
MobyTeamTexPtr,0x0022144C,.bss,undefined4,7,int *MobyTeamTexPtr;,X:/rcb/code/stable/game/mobyfunc.cpp,1854,game_dl/mobyfunc.cpp:164,mapped,unique retail data label and matching prototype declaration/source
JointCacheEntryList,0x00221450,.bss,undefined4,13,JointCacheEntry *JointCacheEntryList;,X:/rcb/code/stable/game/mobyanim_c.cpp,1867,game_dl/mobyanim_c.cpp:23,mapped,unique retail data label and matching prototype declaration/source
MobyJointCache,0x00221454,.bss,undefined4,7,mtx4 *MobyJointCache;,X:/rcb/code/stable/game/mobyanim_c.cpp,1871,game_dl/mobyanim_c.cpp:27,mapped,unique retail data label and matching prototype declaration/source
MobyJointCacheNextAvailableJoint,0x00221458,.bss,undefined4,6,mtx4 *MobyJointCacheNextAvailableJoint;,X:/rcb/code/stable/game/mobyanim_c.cpp,1872,game_dl/mobyanim_c.cpp:28,mapped,unique retail data label and matching prototype declaration/source
MobyJointCacheNumAvailableJoints,0x0022145C,.bss,undefined4,7,int MobyJointCacheNumAvailableJoints;,X:/rcb/code/stable/game/mobyanim_c.cpp,1873,game_dl/mobyanim_c.cpp:29,mapped,unique retail data label and matching prototype declaration/source
JointCacheNumJointsDeleted,0x00221460,.bss,undefined4,5,int JointCacheNumJointsDeleted;,X:/rcb/code/stable/game/mobyanim_c.cpp,1874,game_dl/mobyanim_c.cpp:30,mapped,unique retail data label and matching prototype declaration/source
JointCacheNumEntries,0x00221464,.bss,undefined4,15,int JointCacheNumEntries;,X:/rcb/code/stable/game/mobyanim_c.cpp,1875,game_dl/mobyanim_c.cpp:31,mapped,unique retail data label and matching prototype declaration/source
JointCacheNumEntriesDeleted,0x00221468,.bss,undefined4,5,int JointCacheNumEntriesDeleted;,X:/rcb/code/stable/game/mobyanim_c.cpp,1876,game_dl/mobyanim_c.cpp:32,mapped,unique retail data label and matching prototype declaration/source
JointCache1stEntryDeleted,0x0022146C,.bss,undefined4,5,int JointCache1stEntryDeleted;,X:/rcb/code/stable/game/mobyanim_c.cpp,1877,game_dl/mobyanim_c.cpp:33,mapped,unique retail data label and matching prototype declaration/source
PoseHeadIndex,0x00221470,.bss,undefined4,2,int PoseHeadIndex;,X:/rcb/code/stable/game/mobyanim_c.cpp,1880,game_dl/mobyanim_c.cpp:36,mapped,unique retail data label and matching prototype declaration/source
PoseGarbageIndex,0x00221474,.bss,undefined4,3,int PoseGarbageIndex;,X:/rcb/code/stable/game/mobyanim_c.cpp,1881,game_dl/mobyanim_c.cpp:37,mapped,unique retail data label and matching prototype declaration/source
Cuboids,0x00221478,.bss,undefined4,18,Cuboid *Cuboids;,X:/rcb/code/stable/game/bootutil.cpp,1907,game_dl/bootutil.cpp:5,mapped,unique retail data label and matching prototype declaration/source
CuboidCnt,0x0022147C,.bss,undefined4,3,int CuboidCnt;,X:/rcb/code/stable/game/bootutil.cpp,1908,game_dl/bootutil.cpp:6,mapped,unique retail data label and matching prototype declaration/source
Spheres,0x0022148C,.bss,undefined4,4,Sphere *Spheres;,X:/rcb/code/stable/game/mobyutil.cpp,1939,game_dl/mobyutil.cpp:1174,mapped,unique retail data label and matching prototype declaration/source
SphereCnt,0x00221490,.bss,undefined4,3,int SphereCnt;,X:/rcb/code/stable/game/mobyutil.cpp,1940,game_dl/mobyutil.cpp:1175,mapped,unique retail data label and matching prototype declaration/source
Cylinders,0x00221494,.bss,undefined4,4,Cylinder *Cylinders;,X:/rcb/code/stable/game/mobyutil.cpp,1941,game_dl/mobyutil.cpp:1176,mapped,unique retail data label and matching prototype declaration/source
CylinderCnt,0x00221498,.bss,undefined4,3,int CylinderCnt;,X:/rcb/code/stable/game/mobyutil.cpp,1942,game_dl/mobyutil.cpp:1177,mapped,unique retail data label and matching prototype declaration/source
PathCnt,0x0022149C,.bss,undefined4,3,int PathCnt;,X:/rcb/code/stable/game/mobyutil.cpp,1944,game_dl/mobyutil.cpp:1179,mapped,unique retail data label and matching prototype declaration/source
MB_UpgradeSceneQueue,0x002214A8,.bss,undefined2,4,short int MB_UpgradeSceneQueue[8];,X:/rcb/code/stable/game/mobyutil.cpp,1948,game_dl/mobyutil.cpp:1183,mapped,unique retail data label and matching prototype declaration/source
g_navSys,0x002214D8,.bss,undefined4,144,navg_system *g_navSys;,X:/rcb/code/stable/game/navsysglobal.cpp,2033,game_dl/navsysglobal.cpp:153,mapped,unique retail data label and matching prototype declaration/source
PartInstances,0x002214E0,.bss,undefined4,8,PartInstance *PartInstances;,X:/rcb/code/stable/game/partfunc.cpp,2053,game_dl/partfunc.cpp:12,mapped,unique retail data label and matching prototype declaration/source
PartIndexNext,0x002214E4,.bss,undefined4,6,int PartIndexNext;,X:/rcb/code/stable/game/partfunc.cpp,2054,game_dl/partfunc.cpp:13,mapped,unique retail data label and matching prototype declaration/source
PartIndexTop,0x002214E8,.bss,undefined4,10,int PartIndexTop;,X:/rcb/code/stable/game/partfunc.cpp,2055,game_dl/partfunc.cpp:14,mapped,unique retail data label and matching prototype declaration/source
PartActiveCnt,0x002214EC,.bss,undefined4,6,int PartActiveCnt;,X:/rcb/code/stable/game/partfunc.cpp,2056,game_dl/partfunc.cpp:15,mapped,unique retail data label and matching prototype declaration/source
PartLinkStash,0x002214F8,.bss,undefined8,2,uint64 PartLinkStash;,X:/rcb/code/stable/game/partfunc.cpp,2064,game_dl/partfunc.cpp:23,mapped,unique retail data label and matching prototype declaration/source
PartUpdateStash,0x00221500,.bss,undefined4,2,uint64 PartUpdateStash;,X:/rcb/code/stable/game/partfunc.cpp,2065,game_dl/partfunc.cpp:24,mapped,unique retail data label and matching prototype declaration/source
PausePal,0x00221520,.bss,undefined1,4,char PausePal;,X:/rcb/code/stable/game/pause.cpp,2161,game_dl/pause.cpp:19,mapped,unique retail data label and matching prototype declaration/source
GuiHud_CommonData,0x00221580,.bss,undefined4,3,GuiHud_CommonData_s GuiHud_CommonData;,X:/rcb/code/stable/game/projectgui/guihud.cpp,2202,game_dl/projectgui/guihud.cpp:93,mapped,unique retail data label and matching prototype declaration/source
GuiMenu_CommonData,0x002215A0,.bss,undefined4,5,GuiMenu_CommonData_s GuiMenu_CommonData;,X:/rcb/code/stable/game/projectgui/guimenu.cpp,2215,game_dl/projectgui/guimenu.cpp:265,mapped,unique retail data label and matching prototype declaration/source
HealthHud_Screen,0x00221628,.bss,undefined4,34,Panel HealthHud_Screen;,X:/rcb/code/stable/game/projectgui/hud/hudhealth.cpp,2295,game_dl/projectgui/hud/hudhealth.cpp:27,mapped,unique retail data label and matching prototype declaration/source
HealthHud_Vehicle,0x00221630,.bss,undefined4,20,Panel HealthHud_Vehicle;,X:/rcb/code/stable/game/projectgui/hud/hudhealth.cpp,2296,game_dl/projectgui/hud/hudhealth.cpp:28,mapped,unique retail data label and matching prototype declaration/source
HudAmmo_Panel,0x00221650,.bss,undefined4,59,Panel HudAmmo_Panel;,X:/rcb/code/stable/game/projectgui/hud/hudammo.cpp,2303,game_dl/projectgui/hud/hudammo.cpp:41,mapped,unique retail data label and matching prototype declaration/source
HudRadar_Screen,0x00221670,.bss,undefined4,9,Panel HudRadar_Screen;,X:/rcb/code/stable/game/projectgui/hud/hudradar.cpp,2312,game_dl/projectgui/hud/hudradar.cpp:228,mapped,unique retail data label and matching prototype declaration/source
HudBolt_Panel,0x00221690,.bss,undefined4,19,Panel HudBolt_Panel;,X:/rcb/code/stable/game/projectgui/hud/hudbolt.cpp,2321,game_dl/projectgui/hud/hudbolt.cpp:23,mapped,unique retail data label and matching prototype declaration/source
HudBot_Screen,0x002216B0,.bss,undefined4,36,Panel HudBot_Screen;,X:/rcb/code/stable/game/projectgui/hud/hudbot.cpp,2333,game_dl/projectgui/hud/hudbot.cpp:77,mapped,unique retail data label and matching prototype declaration/source
BotHud_CommonData,0x002216C0,.bss,undefined4,2,BotHud_CommonData_s BotHud_CommonData;,X:/rcb/code/stable/game/projectgui/hud/hudbot.cpp,2334,game_dl/projectgui/hud/hudbot.cpp:102,mapped,unique retail data label and matching prototype declaration/source
HudMPInfo_CommonData,0x002216E0,.bss,undefined4,5,HudMPInfo_CommonData_s HudMPInfo_CommonData;,X:/rcb/code/stable/game/projectgui/hud/hudmpinfo.cpp,2341,game_dl/projectgui/hud/hudmpinfo.cpp:18,mapped,unique retail data label and matching prototype declaration/source
HudMPVote_Screen,0x00221700,.bss,undefined4,2,Panel HudMPVote_Screen;,X:/rcb/code/stable/game/projectgui/hud/hudmpvote.cpp,2348,game_dl/projectgui/hud/hudmpvote.cpp:16,mapped,unique retail data label and matching prototype declaration/source
HudMPVote_CommonData,0x00221708,.bss,undefined4,4,HudMPVote_CommonData_s HudMPVote_CommonData;,X:/rcb/code/stable/game/projectgui/hud/hudmpvote.cpp,2349,game_dl/projectgui/hud/hudmpvote.cpp:17,mapped,unique retail data label and matching prototype declaration/source
HudMPNode_Panel,0x00221718,.bss,undefined4,33,Panel HudMPNode_Panel;,X:/rcb/code/stable/game/projectgui/hud/hudmpnode.cpp,2356,game_dl/projectgui/hud/hudmpnode.cpp:40,mapped,unique retail data label and matching prototype declaration/source
HudMPScore_Panel,0x00221728,.bss,undefined4,74,Panel HudMPScore_Panel;,X:/rcb/code/stable/game/projectgui/hud/hudmpscore.cpp,2365,game_dl/projectgui/hud/hudmpscore.cpp:55,mapped,unique retail data label and matching prototype declaration/source
HCP,0x00221748,.bss,undefined4,117,Panel HCP;,X:/rcb/code/stable/game/projectgui/hud/hudcomplete.cpp,2372,game_dl/projectgui/hud/hudcomplete.cpp:41,mapped,unique retail data label and matching prototype declaration/source
HudBoss_Screen,0x00221758,.bss,undefined4,10,Panel HudBoss_Screen;,X:/rcb/code/stable/game/projectgui/hud/hudbosshealth.cpp,2379,game_dl/projectgui/hud/hudbosshealth.cpp:23,mapped,unique retail data label and matching prototype declaration/source
HudFlyby_Screen,0x00221768,.bss,undefined4,16,Panel HudFlyby_Screen;,X:/rcb/code/stable/game/projectgui/hud/hudflyby.cpp,2386,game_dl/projectgui/hud/hudflyby.cpp:5,mapped,unique retail data label and matching prototype declaration/source
pIcon,0x0022176C,.bss,undefined4,4,DataSourceImageBuffer *pIcon;,X:/rcb/code/stable/game/projectgui/hud/hudflyby.cpp,2387,game_dl/projectgui/hud/hudflyby.cpp:6,mapped,unique retail data label and matching prototype declaration/source
HudFlyby_Shown,0x00221770,.bss,undefined1,5,char HudFlyby_Shown;,X:/rcb/code/stable/game/projectgui/hud/hudflyby.cpp,2388,game_dl/projectgui/hud/hudflyby.cpp:7,mapped,unique retail data label and matching prototype declaration/source
MenuControls_Screen,0x00221790,.bss,undefined4,38,Panel MenuControls_Screen;,X:/rcb/code/stable/game/projectgui/menu/menucontrols.cpp,2410,game_dl/projectgui/menu/menucontrols.cpp:107,mapped,unique retail data label and matching prototype declaration/source
MenuControlView_Screen,0x002217B0,.bss,undefined4,36,Panel MenuControlView_Screen;,X:/rcb/code/stable/game/projectgui/menu/menucontrolview.cpp,2418,game_dl/projectgui/menu/menucontrolview.cpp:60,mapped,unique retail data label and matching prototype declaration/source
MenuAudioVisual_Screen,0x002217E0,.bss,undefined4,42,Panel MenuAudioVisual_Screen;,X:/rcb/code/stable/game/projectgui/menu/menuaudiovisual.cpp,2426,game_dl/projectgui/menu/menuaudiovisual.cpp:76,mapped,unique retail data label and matching prototype declaration/source
MenuMission_Screen,0x00221820,.bss,undefined4,77,Panel MenuMission_Screen;,X:/rcb/code/stable/game/projectgui/menu/menumission.cpp,2434,game_dl/projectgui/menu/menumission.cpp:17,mapped,unique retail data label and matching prototype declaration/source
MenuPlanet_Screen,0x00221860,.bss,undefined4,132,Panel MenuPlanet_Screen;,X:/rcb/code/stable/game/projectgui/menu/menuplanet.cpp,2448,game_dl/projectgui/menu/menuplanet.cpp:34,mapped,unique retail data label and matching prototype declaration/source
MenuWeapon_Screen,0x00221880,.bss,undefined4,119,Panel MenuWeapon_Screen;,X:/rcb/code/stable/game/projectgui/menu/menuweapon.cpp,2456,game_dl/projectgui/menu/menuweapon.cpp:41,mapped,unique retail data label and matching prototype declaration/source
MenuWeapon_Edit,0x00221888,.bss,undefined4,79,Panel MenuWeapon_Edit;,X:/rcb/code/stable/game/projectgui/menu/menuweapon.cpp,2457,game_dl/projectgui/menu/menuweapon.cpp:42,mapped,unique retail data label and matching prototype declaration/source
MenuArena_Screen,0x002218C8,.bss,undefined4,77,Panel MenuArena_Screen;,X:/rcb/code/stable/game/projectgui/menu/menuarena.cpp,2464,game_dl/projectgui/menu/menuarena.cpp:30,mapped,unique retail data label and matching prototype declaration/source
MenuVendor_Screen,0x002218D8,.bss,undefined4,34,Panel MenuVendor_Screen;,X:/rcb/code/stable/game/projectgui/menu/menuvendor.cpp,2472,game_dl/projectgui/menu/menuvendor.cpp:25,mapped,unique retail data label and matching prototype declaration/source
MenuLoad_Screen,0x002218F8,.bss,undefined4,47,Panel MenuLoad_Screen;,X:/rcb/code/stable/game/projectgui/menu/menuload.cpp,2481,game_dl/projectgui/menu/menuload.cpp:35,mapped,unique retail data label and matching prototype declaration/source
MenuEquipment_Screen,0x00221920,.bss,undefined4,53,Panel MenuEquipment_Screen;,X:/rcb/code/stable/game/projectgui/menu/menuequipment.cpp,2489,game_dl/projectgui/menu/menuequipment.cpp:30,mapped,unique retail data label and matching prototype declaration/source
MenuCinematics_Screen,0x00221940,.bss,undefined4,17,Panel MenuCinematics_Screen;,X:/rcb/code/stable/game/projectgui/menu/menucinematics.cpp,2496,game_dl/projectgui/menu/menucinematics.cpp:24,mapped,unique retail data label and matching prototype declaration/source
MenuSkills_Screen,0x00221960,.bss,undefined4,25,Panel MenuSkills_Screen;,X:/rcb/code/stable/game/projectgui/menu/menuskills.cpp,2504,game_dl/projectgui/menu/menuskills.cpp:26,mapped,unique retail data label and matching prototype declaration/source
MenuHelplog_Screen,0x00221980,.bss,undefined4,21,Panel MenuHelplog_Screen;,X:/rcb/code/stable/game/projectgui/menu/menuhelplog.cpp,2512,game_dl/projectgui/menu/menuhelplog.cpp:21,mapped,unique retail data label and matching prototype declaration/source
MenuCheats_Screen,0x002219A0,.bss,undefined4,23,Panel MenuCheats_Screen;,X:/rcb/code/stable/game/projectgui/menu/menucheats.cpp,2522,game_dl/projectgui/menu/menucheats.cpp:579,mapped,unique retail data label and matching prototype declaration/source
MenuMoves_Screen,0x002219C0,.bss,undefined4,21,Panel MenuMoves_Screen;,X:/rcb/code/stable/game/projectgui/menu/menumoves.cpp,2529,game_dl/projectgui/menu/menumoves.cpp:24,mapped,unique retail data label and matching prototype declaration/source
DialogDifficulty_Screen,0x002219E0,.bss,undefined4,33,Panel DialogDifficulty_Screen;,X:/rcb/code/stable/game/projectgui/menu/dialogdifficulty.cpp,2538,game_dl/projectgui/menu/dialogdifficulty.cpp:24,mapped,unique retail data label and matching prototype declaration/source
MenuBotVendor_Screen,0x002219F8,.bss,undefined4,26,Panel MenuBotVendor_Screen;,X:/rcb/code/stable/game/projectgui/menu/menubotvendor.cpp,2574,game_dl/projectgui/menu/menubotvendor.cpp:30,mapped,unique retail data label and matching prototype declaration/source
MenuStats_Screen,0x00221AD8,.bss,undefined4,13,Panel MenuStats_Screen;,X:/rcb/code/stable/game/projectgui/menu/menustats.cpp,2581,game_dl/projectgui/menu/menustats.cpp:26,mapped,unique retail data label and matching prototype declaration/source
MenuLeaderboard_Screen,0x00221B08,.bss,undefined4,16,Panel MenuLeaderboard_Screen;,X:/rcb/code/stable/game/projectgui/menu/menuleaderboard.cpp,2590,game_dl/projectgui/menu/menuleaderboard.cpp:32,mapped,unique retail data label and matching prototype declaration/source
MenuConceptArt_Screen,0x00221B28,.bss,undefined4,7,Panel MenuConceptArt_Screen;,X:/rcb/code/stable/game/projectgui/menu/menuconceptart.cpp,2597,game_dl/projectgui/menu/menuconceptart.cpp:14,mapped,unique retail data label and matching prototype declaration/source
MenuCharacters_Screen,0x00221B48,.bss,undefined4,15,Panel MenuCharacters_Screen;,X:/rcb/code/stable/game/projectgui/menu/menucharacters.cpp,2605,game_dl/projectgui/menu/menucharacters.cpp:22,mapped,unique retail data label and matching prototype declaration/source
MenuRobotCutaways_Screen,0x00221B68,.bss,undefined4,7,Panel MenuRobotCutaways_Screen;,X:/rcb/code/stable/game/projectgui/menu/menurobotcutaways.cpp,2613,game_dl/projectgui/menu/menurobotcutaways.cpp:14,mapped,unique retail data label and matching prototype declaration/source
MenuSkinScreen_Screen,0x00221B78,.bss,undefined4,33,Panel MenuSkinScreen_Screen;,X:/rcb/code/stable/game/projectgui/menu/menuskinscreen.cpp,2621,game_dl/projectgui/menu/menuskinscreen.cpp:38,mapped,unique retail data label and matching prototype declaration/source
MenuCardViewer_Screen,0x00221B88,.bss,undefined4,23,Panel MenuCardViewer_Screen;,X:/rcb/code/stable/game/projectgui/menu/menucardviewer.cpp,2628,game_dl/projectgui/menu/menucardviewer.cpp:32,mapped,unique retail data label and matching prototype declaration/source
Sky,0x00221CF0,.bss,undefined4,31,SKY *Sky;,X:/rcb/code/stable/game/skyfunc.cpp,2714,game_dl/skyfunc.cpp:71,mapped,unique retail data label and matching prototype declaration/source
sky_gif_page_markerA,0x00221CF4,.bss,undefined4,6,qword *sky_gif_page_markerA;,X:/rcb/code/stable/game/skyfunc.cpp,2715,game_dl/skyfunc.cpp:72,mapped,unique retail data label and matching prototype declaration/source
sky_gif_page_markerB,0x00221CF8,.bss,undefined4,5,qword *sky_gif_page_markerB;,X:/rcb/code/stable/game/skyfunc.cpp,2716,game_dl/skyfunc.cpp:73,mapped,unique retail data label and matching prototype declaration/source
skyWorldUpdateTime,0x00221CFC,.bss,undefined4,2,int skyWorldUpdateTime;,X:/rcb/code/stable/game/skyfunc.cpp,2717,game_dl/skyfunc.cpp:74,mapped,unique retail data label and matching prototype declaration/source
Tfrags,0x00221D00,.bss,undefined4,9,Tfrag *Tfrags;,X:/rcb/code/stable/game/tfragfunc.cpp,2949,game_dl/tfragfunc.cpp:48,mapped,unique retail data label and matching prototype declaration/source
TfragCnt,0x00221D04,.bss,undefined4,6,int TfragCnt;,X:/rcb/code/stable/game/tfragfunc.cpp,2950,game_dl/tfragfunc.cpp:49,mapped,unique retail data label and matching prototype declaration/source
TfragRadius,0x00221D0C,.bss,undefined4,2,float TfragRadius;,X:/rcb/code/stable/game/tfragfunc.cpp,2952,game_dl/tfragfunc.cpp:51,mapped,unique retail data label and matching prototype declaration/source
TfragDists,0x00221D10,.bss,undefined4,4,float TfragDists[3];,X:/rcb/code/stable/game/tfragfunc.cpp,2953,game_dl/tfragfunc.cpp:52,mapped,unique retail data label and matching prototype declaration/source
TfragVu1Marker,0x00221D2C,.bss,undefined4,7,qword *TfragVu1Marker;,X:/rcb/code/stable/game/tfragfunc.cpp,2955,game_dl/tfragfunc.cpp:54,mapped,unique retail data label and matching prototype declaration/source
TieInstances,0x00221D48,.bss,undefined4,3,TieInstance *TieInstances;,X:/rcb/code/stable/game/tiefunc.cpp,2980,game_dl/tiefunc.cpp:21,mapped,unique retail data label and matching prototype declaration/source
TieInstanceEnd,0x00221D4C,.bss,undefined4,2,TieInstance *TieInstanceEnd;,X:/rcb/code/stable/game/tiefunc.cpp,2981,game_dl/tiefunc.cpp:22,mapped,unique retail data label and matching prototype declaration/source
g_movie_lsn,0x00221E00,.bss,undefined4,4,int g_movie_lsn;,X:/rcb/code/stable/game/update_core.cpp,3040,game_dl/update_core.cpp:14,mapped,unique retail data label and matching prototype declaration/source
g_movie_size,0x00221E04,.bss,undefined4,6,int g_movie_size;,X:/rcb/code/stable/game/update_core.cpp,3041,game_dl/update_core.cpp:15,mapped,unique retail data label and matching prototype declaration/source
g_movie_subtitles,0x00221E08,.bss,undefined4,6,binblock *g_movie_subtitles;,X:/rcb/code/stable/game/update_core.cpp,3042,game_dl/update_core.cpp:16,mapped,unique retail data label and matching prototype declaration/source
g_movie_language,0x00221E0C,.bss,undefined4,2,int g_movie_language;,X:/rcb/code/stable/game/update_core.cpp,3043,game_dl/update_core.cpp:17,mapped,unique retail data label and matching prototype declaration/source
g_fullscreen,0x00221E10,.bss,undefined4,7,int g_fullscreen;,X:/rcb/code/stable/game/update_core.cpp,3044,game_dl/update_core.cpp:18,mapped,unique retail data label and matching prototype declaration/source
vu1_DmaBuffers,0x00221E18,.bss,undefined4,10,qword *vu1_DmaBuffers[2];,X:/rcb/code/stable/game/vuchain.cpp,3067,game_dl/vuchain.cpp:11,mapped,unique retail data label and matching prototype declaration/source
vu1_bufPtr,0x00221E20,.bss,undefined4,635,qword *vu1_bufPtr;,X:/rcb/code/stable/game/vuchain.cpp,3068,game_dl/vuchain.cpp:12,mapped,unique retail data label and matching prototype declaration/source
vu1_bufSize,0x00221E28,.bss,undefined4,26,int vu1_bufSize;,X:/rcb/code/stable/game/vuchain.cpp,3070,game_dl/vuchain.cpp:14,mapped,unique retail data label and matching prototype declaration/source
vu1_bufId,0x00221E2C,.bss,undefined4,14,int vu1_bufId;,X:/rcb/code/stable/game/vuchain.cpp,3071,game_dl/vuchain.cpp:15,mapped,unique retail data label and matching prototype declaration/source
vu1_maxUseBeforeMobys,0x00221E3C,.bss,undefined4,3,int vu1_maxUseBeforeMobys;,X:/rcb/code/stable/game/vuchain.cpp,3075,game_dl/vuchain.cpp:19,mapped,unique retail data label and matching prototype declaration/source
_dmacHandle,0x00221E48,.bss,undefined4,5,int _dmacHandle[2];,X:/rcb/code/stable/game/vuchain.cpp,3077,game_dl/vuchain.cpp:21,mapped,unique retail data label and matching prototype declaration/source
WaterTiles,0x00221E60,.bss,undefined4,8,WaterTile *WaterTiles;,X:/rcb/code/stable/game/water.cpp,3138,game_dl/water.cpp:310,mapped,unique retail data label and matching prototype declaration/source
WaterTileCnt,0x00221E68,.bss,undefined4,8,int WaterTileCnt;,X:/rcb/code/stable/game/water.cpp,3140,game_dl/water.cpp:312,mapped,unique retail data label and matching prototype declaration/source
WaterPlaneActive,0x00221E6C,.bss,undefined4,2,int WaterPlaneActive;,X:/rcb/code/stable/game/water.cpp,3141,game_dl/water.cpp:313,mapped,unique retail data label and matching prototype declaration/source
WPN_UpdateCountDown,0x00221E94,.bss,undefined4,2,int WPN_UpdateCountDown;,X:/rcb/code/stable/game/weapons.cpp,3200,game_dl/weapons.cpp:406,mapped,unique retail data label and matching prototype declaration/source
tvMode,0x00221E9C,.bss,undefined4,3,,,,,deferred,missing prototype declaration
palScale,0x00221EA0,.bss,undefined4,3,,,,,deferred,missing prototype declaration
voBuf,0x00221EA8,.bss,undefined4,13,VoBuf *voBuf;,X:/rcb/code/stable/game/movie/movie.cpp,3282,game_dl/movie/movie.cpp:12,mapped,unique retail data label and matching prototype declaration/source
voBufData,0x00221EAC,.bss,undefined4,2,VoData *voBufData;,X:/rcb/code/stable/game/movie/movie.cpp,3283,game_dl/movie/movie.cpp:13,mapped,unique retail data label and matching prototype declaration/source
viBufTag,0x00221EB4,.bss,undefined4,2,u_long128 *viBufTag;,X:/rcb/code/stable/game/movie/movie.cpp,3285,game_dl/movie/movie.cpp:15,mapped,unique retail data label and matching prototype declaration/source
readBuf,0x00221EBC,.bss,undefined4,6,ReadBuf *readBuf;,X:/rcb/code/stable/game/movie/movie.cpp,3287,game_dl/movie/movie.cpp:17,mapped,unique retail data label and matching prototype declaration/source
viBufData,0x00221EC4,.bss,undefined4,2,u_long128 *viBufData;,X:/rcb/code/stable/game/movie/movie.cpp,3289,game_dl/movie/movie.cpp:19,mapped,unique retail data label and matching prototype declaration/source
timeStamp,0x00221ECC,.bss,undefined4,2,TimeStamp *timeStamp;,X:/rcb/code/stable/game/movie/movie.cpp,3291,game_dl/movie/movie.cpp:21,mapped,unique retail data label and matching prototype declaration/source
videoDec,0x00221ED4,.bss,undefined4,20,VideoDec *videoDec;,X:/rcb/code/stable/game/movie/movie.cpp,3293,game_dl/movie/movie.cpp:23,mapped,unique retail data label and matching prototype declaration/source
audioDec,0x00221ED8,.bss,undefined4,12,AudioDec *audioDec;,X:/rcb/code/stable/game/movie/movie.cpp,3294,game_dl/movie/movie.cpp:24,mapped,unique retail data label and matching prototype declaration/source
textBuf,0x00221EE0,.bss,undefined4,4,u_long128 *textBuf[2];,X:/rcb/code/stable/game/movie/movie.cpp,3295,game_dl/movie/movie.cpp:25,mapped,unique retail data label and matching prototype declaration/source
videoDecTh,0x00221EE8,.bss,undefined4,3,int videoDecTh;,X:/rcb/code/stable/game/movie/movie.cpp,3296,game_dl/movie/movie.cpp:26,mapped,unique retail data label and matching prototype declaration/source
displayFrame,0x00221EEC,.bss,undefined4,9,int displayFrame;,X:/rcb/code/stable/game/movie/movie.cpp,3297,game_dl/movie/movie.cpp:27,mapped,unique retail data label and matching prototype declaration/source
isCountVblank,0x00221EF0,.bss,undefined4,3,int isCountVblank;,X:/rcb/code/stable/game/movie/disp.cpp,3307,game_dl/movie/disp.cpp:5,mapped,unique retail data label and matching prototype declaration/source
vblankCount,0x00221EF4,.bss,undefined4,3,int vblankCount;,X:/rcb/code/stable/game/movie/disp.cpp,3308,game_dl/movie/disp.cpp:6,mapped,unique retail data label and matching prototype declaration/source
isFrameEnd,0x00221EF8,.bss,undefined4,3,int isFrameEnd;,X:/rcb/code/stable/game/movie/disp.cpp,3309,game_dl/movie/disp.cpp:7,mapped,unique retail data label and matching prototype declaration/source
oddeven,0x00221EFC,.bss,undefined4,4,int oddeven;,X:/rcb/code/stable/game/movie/disp.cpp,3310,game_dl/movie/disp.cpp:8,mapped,unique retail data label and matching prototype declaration/source
handler_error,0x00221F00,.bss,undefined4,2,int handler_error;,X:/rcb/code/stable/game/movie/disp.cpp,3311,game_dl/movie/disp.cpp:9,mapped,unique retail data label and matching prototype declaration/source
g_RegEngBase,0x00221F70,.bss,undefined4,13,int g_RegEngBase;,X:/rcb/code/stable/game/posteffects.cpp,3394,game_dl/posteffects.cpp:2641,mapped,unique retail data label and matching prototype declaration/source
g_BloomCreateSizeC_vu1,0x00221F7C,.bss,undefined4,2,int g_BloomCreateSizeC_vu1;,X:/rcb/code/stable/game/posteffects.cpp,3397,game_dl/posteffects.cpp:2644,mapped,unique retail data label and matching prototype declaration/source
g_BloomApplySize_vu1,0x00221F80,.bss,undefined4,2,int g_BloomApplySize_vu1;,X:/rcb/code/stable/game/posteffects.cpp,3398,game_dl/posteffects.cpp:2645,mapped,unique retail data label and matching prototype declaration/source
PE_iSandStormLastWindUpdateTime,0x00221FB8,.bss,undefined4,2,int PE_iSandStormLastWindUpdateTime;,X:/rcb/code/stable/game/posteffects.cpp,3408,game_dl/posteffects.cpp:2656,mapped,unique retail data label and matching prototype declaration/source
PE_iSandStormNextWindChangeTime,0x00221FC4,.bss,undefined4,2,int PE_iSandStormNextWindChangeTime;,X:/rcb/code/stable/game/posteffects.cpp,3411,game_dl/posteffects.cpp:2659,mapped,unique retail data label and matching prototype declaration/source
PE_iSandStormLightningNextFullEffectTime,0x00221FD0,.bss,undefined4,2,int PE_iSandStormLightningNextFullEffectTime;,X:/rcb/code/stable/game/posteffects.cpp,3415,game_dl/posteffects.cpp:2663,mapped,unique retail data label and matching prototype declaration/source
PE_bHeroOutdoors,0x00222000,.bss,undefined1,2,bool PE_bHeroOutdoors;,X:/rcb/code/stable/game/posteffects.cpp,3428,game_dl/posteffects.cpp:2676,mapped,unique retail data label and matching prototype declaration/source
GB_msgTimer01,0x00222064,.bss,undefined4,3,int GB_msgTimer01;,X:/rcb/code/stable/game/guber/GadgetBox.cpp,4191,game_dl/guber/GadgetBox.cpp:20,mapped,unique retail data label and matching prototype declaration/source
GB_msgTimer02,0x00222068,.bss,undefined4,3,int GB_msgTimer02;,X:/rcb/code/stable/game/guber/GadgetBox.cpp,4192,game_dl/guber/GadgetBox.cpp:21,mapped,unique retail data label and matching prototype declaration/source
GB_iCanvas01,0x0022206C,.bss,undefined4,3,int GB_iCanvas01;,X:/rcb/code/stable/game/guber/GadgetBox.cpp,4193,game_dl/guber/GadgetBox.cpp:22,mapped,unique retail data label and matching prototype declaration/source
g_Splash_fWidth,0x0022210C,.bss,undefined4,3,float g_Splash_fWidth;,X:/rcb/code/stable/game/transitionmulti.cpp,4267,game_dl/transitionmulti.cpp:121,mapped,unique retail data label and matching prototype declaration/source
LocalHostId,0x00222124,.bss,undefined4,2,,,,,deferred,missing prototype declaration
M9454_Sparkles,0x0022597F,.bss,undefined1,21,M9454_RISING_SPARKLE_PARTICLE M9454_Sparkles[128];,X:/rcb/code/stable/game/update/moby9454.cpp,751,,deferred,"global-pointer base, not a verified object address"
Camera,0x00229BC0,.bss,undefined4,79,CAMERA Camera;,X:/rcb/code/stable/game/camera.cpp,1104,game_dl/camera.cpp:116,mapped,unique retail data label and matching prototype declaration/source
GameCamera,0x00229C80,.bss,undefined4,26,GAMECAMERA GameCamera[4];,X:/rcb/code/stable/game/camera.cpp,1105,game_dl/camera.cpp:117,mapped,unique retail data label and matching prototype declaration/source
g_CameraIgnoreMobys,0x002358D0,.bss,undefined4,3,moby *g_CameraIgnoreMobys[16];,X:/rcb/code/stable/game/camera.cpp,1122,game_dl/camera.cpp:134,mapped,unique retail data label and matching prototype declaration/source
Credit,0x00235940,.bss,undefined4,5,CreditData Credit;,X:/rcb/code/stable/game/credits.cpp,1167,game_dl/credits.cpp:65,mapped,unique retail data label and matching prototype declaration/source
VC,0x00237240,.bss,undefined4,10,ViewContext VC;,X:/rcb/code/stable/game/draw.cpp,1226,game_dl/draw.cpp:368,mapped,unique retail data label and matching prototype declaration/source
GifLoads,0x00237940,.bss,undefined4,7,GifLoad GifLoads[64];,X:/rcb/code/stable/game/draw.cpp,1238,game_dl/draw.cpp:380,mapped,unique retail data label and matching prototype declaration/source
EffectTexs,0x00237D40,.bss,undefined8,5,EffectTex EffectTexs[128];,X:/rcb/code/stable/game/draw.cpp,1240,game_dl/draw.cpp:382,mapped,unique retail data label and matching prototype declaration/source
IntFXReg,0x00239540,.bss,undefined1,22,FXRegistrySystemInternal IntFXReg;,X:/rcb/code/stable/game/FXRegistry.cpp,1297,game_dl/FXRegistry.cpp:483,mapped,unique retail data label and matching prototype declaration/source
CollOutput,0x00239740,.bss,undefined4,10,COLLOUTPUT CollOutput;,X:/rcb/code/stable/game/globals.cpp,1519,game_dl/globals.cpp:302,mapped,unique retail data label and matching prototype declaration/source
gMovieQueue,0x0023A800,.bss,undefined4,20,MovieQueue gMovieQueue;,X:/rcb/code/stable/game/globals.cpp,1526,game_dl/globals.cpp:309,mapped,unique retail data label and matching prototype declaration/source
OcclVisibility,0x0023A880,.bss,undefined4,11,char OcclVisibility[128];,X:/rcb/code/stable/game/globals.cpp,1540,game_dl/globals.cpp:323,mapped,unique retail data label and matching prototype declaration/source
MemSlots,0x0023AB00,.bss,undefined4,5,MEMSLOTS MemSlots;,X:/rcb/code/stable/game/globals.cpp,1548,,existing_alias,already named D_0023AB00
CollMobyList,0x0023EC00,.bss,undefined4,22,MobyInstance *CollMobyList[128];,X:/rcb/code/stable/game/globals.cpp,1550,game_dl/globals.cpp:333,mapped,unique retail data label and matching prototype declaration/source
Help,0x0023F280,.bss,undefined4,9,HelpDef Help;,X:/rcb/code/stable/game/help.cpp,1610,game_dl/help.cpp:54,mapped,unique retail data label and matching prototype declaration/source
HelpQueue,0x0023F2A8,.bss,undefined2,5,Help_QueueData HelpQueue;,X:/rcb/code/stable/game/help.cpp,1612,game_dl/help.cpp:56,mapped,unique retail data label and matching prototype declaration/source
Hud,0x0023F430,.bss,undefined4,7,hudGlobals Hud;,X:/rcb/code/stable/game/hud.cpp,1619,game_dl/hud.cpp:44,mapped,unique retail data label and matching prototype declaration/source
LevelChunk,0x00241B00,.bss,undefined4,8,LevelChunkDef LevelChunk;,X:/rcb/code/stable/game/loaders.cpp,1706,game_dl/loaders.cpp:84,mapped,unique retail data label and matching prototype declaration/source
ViewerGsRegs,0x00241B60,.bss,undefined8,7,long unsigned int ViewerGsRegs[48];,X:/rcb/code/stable/game/loaders.cpp,1713,game_dl/loaders.cpp:91,mapped,unique retail data label and matching prototype declaration/source
ChromeGsRegs,0x00241CE0,.bss,undefined8,4,long unsigned int ChromeGsRegs[3];,X:/rcb/code/stable/game/loaders.cpp,1714,,existing_alias,already named D_00241CE0
GlassGsRegs,0x00241CF8,.bss,undefined8,2,long unsigned int GlassGsRegs[3];,X:/rcb/code/stable/game/loaders.cpp,1715,game_dl/loaders.cpp:93,mapped,unique retail data label and matching prototype declaration/source
MobyTexLocs,0x002461F0,.bss,undefined4,4,int MobyTexLocs[256];,X:/rcb/code/stable/game/mobyfunc.cpp,1818,game_dl/mobyfunc.cpp:128,mapped,unique retail data label and matching prototype declaration/source
MobyMipDists,0x002469F0,.bss,undefined4,6,int MobyMipDists[240];,X:/rcb/code/stable/game/mobyfunc.cpp,1820,game_dl/mobyfunc.cpp:130,mapped,unique retail data label and matching prototype declaration/source
MobyClassRectify,0x00246DB0,.bss,undefined4,3,int MobyClassRectify[240];,X:/rcb/code/stable/game/mobyfunc.cpp,1821,game_dl/mobyfunc.cpp:131,mapped,unique retail data label and matching prototype declaration/source
MobyTexLookup,0x00247170,.bss,undefined1,3,int MobyTexLookup[240][4];,X:/rcb/code/stable/game/mobyfunc.cpp,1822,game_dl/mobyfunc.cpp:132,mapped,unique retail data label and matching prototype declaration/source
MobyGridAlloc,0x002640E0,.bss,undefined4,5,char MobyGridAlloc[192];,X:/rcb/code/stable/game/mobyfunc.cpp,1842,game_dl/mobyfunc.cpp:152,mapped,unique retail data label and matching prototype declaration/source
MobyTargetableList,0x00264BE0,.bss,undefined4,6,moby *MobyTargetableList[512];,X:/rcb/code/stable/game/mobyfunc.cpp,1847,game_dl/mobyfunc.cpp:157,mapped,unique retail data label and matching prototype declaration/source
MobyEffectorList,0x002653E0,.bss,undefined4,2,moby *MobyEffectorList[512];,X:/rcb/code/stable/game/mobyfunc.cpp,1848,game_dl/mobyfunc.cpp:158,mapped,unique retail data label and matching prototype declaration/source
MobyShadowList,0x00265BE0,.bss,undefined4,4,int MobyShadowList[96];,X:/rcb/code/stable/game/mobyfunc.cpp,1852,game_dl/mobyfunc.cpp:162,mapped,unique retail data label and matching prototype declaration/source
MobyTeamTexList,0x00265D60,.bss,undefined4,4,int MobyTeamTexList[640];,X:/rcb/code/stable/game/mobyfunc.cpp,1853,game_dl/mobyfunc.cpp:163,mapped,unique retail data label and matching prototype declaration/source
MobyStack,0x00266760,.bss,undefined4,18,MobyLoadStack MobyStack;,X:/rcb/code/stable/game/mobyfunc.cpp,1855,game_dl/mobyfunc.cpp:165,mapped,unique retail data label and matching prototype declaration/source
PoseCacheEntryList,0x0026AFC0,.bss,undefined2,8,PoseCacheEntry PoseCacheEntryList[32];,X:/rcb/code/stable/game/mobyanim_c.cpp,1879,game_dl/mobyanim_c.cpp:35,mapped,unique retail data label and matching prototype declaration/source
Paths,0x0026F640,.bss,undefined4,8,Path *Paths[254];,X:/rcb/code/stable/game/mobyutil.cpp,1943,game_dl/mobyutil.cpp:1178,mapped,unique retail data label and matching prototype declaration/source
MB_xpBundle,0x0026FF38,.bss,undefined4,5,XPBundle MB_xpBundle[3];,X:/rcb/code/stable/game/mobyutil.cpp,1947,game_dl/mobyutil.cpp:1182,mapped,unique retail data label and matching prototype declaration/source
PartClassTexs,0x00270918,.bss,undefined4,7,char *PartClassTexs[150];,X:/rcb/code/stable/game/partfunc.cpp,2062,game_dl/partfunc.cpp:21,mapped,unique retail data label and matching prototype declaration/source
GuiMain_MPData,0x002F3408,.bss,undefined1,8,MPData_s GuiMain_MPData;,X:/rcb/code/stable/game/projectgui/guimain.cpp,2186,game_dl/projectgui/guimain.cpp:140,mapped,unique retail data label and matching prototype declaration/source
PIBHandles,0x002F3950,.bss,undefined4,7,PIBHandle_s PIBHandles[32];,X:/rcb/code/stable/game/projectgui/guipib.cpp,2193,game_dl/projectgui/guipib.cpp:28,mapped,unique retail data label and matching prototype declaration/source
PendingLoads,0x002F3BD0,.bss,undefined4,14,PendingLoads_s PendingLoads;,X:/rcb/code/stable/game/projectgui/guipib.cpp,2194,game_dl/projectgui/guipib.cpp:29,mapped,unique retail data label and matching prototype declaration/source
GuiSupport_CommonData,0x00306F28,.bss,undefined1,4,GuiSupport_CommonData_s GuiSupport_CommonData;,X:/rcb/code/stable/game/projectgui/guisupport.cpp,2222,game_dl/projectgui/guisupport.cpp:121,mapped,unique retail data label and matching prototype declaration/source
HudInfo_SpecialKillsData,0x00307A68,.bss,undefined4,2,HudInfo_SpecialKillsData_s HudInfo_SpecialKillsData[5];,X:/rcb/code/stable/game/projectgui/hud/hudinfo.cpp,2286,game_dl/projectgui/hud/hudinfo.cpp:200,mapped,unique retail data label and matching prototype declaration/source
HudInfo_MasterData,0x00307B30,.bss,undefined4,10,HudInfo_MasterData_s HudInfo_MasterData;,X:/rcb/code/stable/game/projectgui/hud/hudinfo.cpp,2288,game_dl/projectgui/hud/hudinfo.cpp:202,mapped,unique retail data label and matching prototype declaration/source
HudRadar_Blips,0x00308460,.bss,undefined2,15,HudRadar_Blip_s HudRadar_Blips[64];,X:/rcb/code/stable/game/projectgui/hud/hudradar.cpp,2313,game_dl/projectgui/hud/hudradar.cpp:229,mapped,unique retail data label and matching prototype declaration/source
HudRadar_CommonData,0x00308B60,.bss,undefined4,7,HudRadar_CommonData_s HudRadar_CommonData;,X:/rcb/code/stable/game/projectgui/hud/hudradar.cpp,2314,game_dl/projectgui/hud/hudradar.cpp:374,mapped,unique retail data label and matching prototype declaration/source
HudMPNode_CommonData,0x003095B0,.bss,undefined4,9,HudMPNode_CommonData_s HudMPNode_CommonData;,X:/rcb/code/stable/game/projectgui/hud/hudmpnode.cpp,2357,game_dl/projectgui/hud/hudmpnode.cpp:120,mapped,unique retail data label and matching prototype declaration/source
HudMPScore_CommonData,0x00309650,.bss,undefined4,11,HudMPScore_CommonData_s HudMPScore_CommonData;,X:/rcb/code/stable/game/projectgui/hud/hudmpscore.cpp,2366,game_dl/projectgui/hud/hudmpscore.cpp:56,mapped,unique retail data label and matching prototype declaration/source
HCD,0x003096A8,.bss,undefined4,47,HudComplete_CommonData_s HCD;,X:/rcb/code/stable/game/projectgui/hud/hudcomplete.cpp,2373,game_dl/projectgui/hud/hudcomplete.cpp:42,mapped,unique retail data label and matching prototype declaration/source
HudBoss_CommonData,0x00309840,.bss,undefined4,10,HudBoss_CommonData_s HudBoss_CommonData;,X:/rcb/code/stable/game/projectgui/hud/hudbosshealth.cpp,2380,game_dl/projectgui/hud/hudbosshealth.cpp:24,mapped,unique retail data label and matching prototype declaration/source
MenuMain_PlayerData,0x003098F0,.bss,undefined4,10,MenuMain_PlayerData_s MenuMain_PlayerData[4];,X:/rcb/code/stable/game/projectgui/menu/menumain.cpp,2401,game_dl/projectgui/menu/menumain.cpp:73,mapped,unique retail data label and matching prototype declaration/source
MenuVendor_CommonData,0x0030D188,.bss,undefined4,5,MenuVendor_CommonData_s MenuVendor_CommonData;,X:/rcb/code/stable/game/projectgui/menu/menuvendor.cpp,2473,game_dl/projectgui/menu/menuvendor.cpp:26,mapped,unique retail data label and matching prototype declaration/source
MenuLoad_PlayerData,0x0030E9D8,.bss,undefined4,10,MenuLoad_PlayerData_s MenuLoad_PlayerData;,X:/rcb/code/stable/game/projectgui/menu/menuload.cpp,2483,game_dl/projectgui/menu/menuload.cpp:37,mapped,unique retail data label and matching prototype declaration/source
DialogDifficulty_PlayerData,0x0031B6B0,.bss,undefined4,8,DialogDifficulty_PlayerData_s DialogDifficulty_PlayerData[4];,X:/rcb/code/stable/game/projectgui/menu/dialogdifficulty.cpp,2539,game_dl/projectgui/menu/dialogdifficulty.cpp:69,mapped,unique retail data label and matching prototype declaration/source
PIBs,0x0031B738,.bss,undefined4,4,PIB_t PIBs[7];,X:/rcb/code/stable/game/projectgui/pausemode/pausemode.cpp,2556,game_dl/projectgui/pausemode/pausemode.cpp:123,mapped,unique retail data label and matching prototype declaration/source
MenuBotVendor_CommonData,0x0031B9B8,.bss,undefined4,6,MenuBotVendor_CommonData_s MenuBotVendor_CommonData;,X:/rcb/code/stable/game/projectgui/menu/menubotvendor.cpp,2575,game_dl/projectgui/menu/menubotvendor.cpp:31,mapped,unique retail data label and matching prototype declaration/source
MenuCharacters_CharactersList,0x00321590,.bss,undefined4,2,ListItem_s MenuCharacters_CharactersList[6];,X:/rcb/code/stable/game/projectgui/menu/menucharacters.cpp,2607,game_dl/projectgui/menu/menucharacters.cpp:24,mapped,unique retail data label and matching prototype declaration/source
MenuSkinScreen_CommonData,0x00321B98,.bss,undefined4,8,MenuSkinScreen_CommonData_s MenuSkinScreen_CommonData;,X:/rcb/code/stable/game/projectgui/menu/menuskinscreen.cpp,2622,game_dl/projectgui/menu/menuskinscreen.cpp:39,mapped,unique retail data label and matching prototype declaration/source
MenuCardViewer_CardList,0x00323130,.bss,undefined1,6,List_Item_s MenuCardViewer_CardList[9];,X:/rcb/code/stable/game/projectgui/menu/menucardviewer.cpp,2630,game_dl/projectgui/menu/menucardviewer.cpp:34,mapped,unique retail data label and matching prototype declaration/source
SkyShellMatrix,0x00323280,.bss,undefined4,3,mtx4 SkyShellMatrix;,X:/rcb/code/stable/game/skyfunc.cpp,2713,game_dl/skyfunc.cpp:70,mapped,unique retail data label and matching prototype declaration/source
Blocks,0x00323680,.bss,undefined4,2,StashBlock Blocks[64];,X:/rcb/code/stable/game/stash.cpp,2739,game_dl/stash.cpp:12,mapped,unique retail data label and matching prototype declaration/source
TfragGifRectify,0x00324080,.bss,undefined4,3,int TfragGifRectify[256];,X:/rcb/code/stable/game/tfragfunc.cpp,2959,game_dl/tfragfunc.cpp:58,mapped,unique retail data label and matching prototype declaration/source
_WPN_umv,0x00327A60,.bss,undefined2,12,WPN_UpgradeModeVars _WPN_umv;,X:/rcb/code/stable/game/weapons.cpp,3191,game_dl/weapons.cpp:397,mapped,unique retail data label and matching prototype declaration/source
WPN_targetCache,0x00328548,.bss,undefined4,5,WPN_TargetCache WPN_targetCache[32];,X:/rcb/code/stable/game/weapons.cpp,3197,game_dl/weapons.cpp:403,mapped,unique retail data label and matching prototype declaration/source
g_PeInfo,0x00328A40,.bss,undefined4,2,t_PostEffectsInfo g_PeInfo;,X:/rcb/code/stable/game/posteffects.cpp,3399,game_dl/posteffects.cpp:2646,mapped,unique retail data label and matching prototype declaration/source
g_Hero,0x003367B8,.bss,undefined4,99,Hero *g_Hero[10];,X:/rcb/code/stable/game/guber/GuberFunc.cpp,3924,game_dl/guber/GuberFunc.cpp:7,mapped,unique retail data label and matching prototype declaration/source
gVehicleBase,0x00345CC0,.bss,undefined4,3,VehicleBase gVehicleBase[20];,X:/rcb/code/stable/game/guber/Vehicle.cpp,4074,game_dl/guber/Vehicle.cpp:122,mapped,unique retail data label and matching prototype declaration/source
g_GameControllerData,0x00354630,.bss,undefined4,19,GameData g_GameControllerData;,X:/rcb/code/stable/game/guber/GameController.cpp,4171,game_dl/guber/GameController.cpp:172,mapped,unique retail data label and matching prototype declaration/source
arr_M4244_Orbitals,0x003CD490,.data,undefined,0,,,,,deferred,missing prototype declaration
M5025_PointLightFlash,0x003CD520,.data,undefined,1,M639_paramInit M5025_PointLightFlash;,X:/rcb/code/stable/game/update/moby5025.cpp,473,game_dl/update/moby5025.cpp:48,mapped,unique retail data label and matching prototype declaration/source
M5025_RandFloats0_1,0x003CD570,.data,undefined,9,float M5025_RandFloats0_1[44];,X:/rcb/code/stable/game/update/moby5025.cpp,474,game_dl/update/moby5025.cpp:95,mapped,unique retail data label and matching prototype declaration/source
M8340_MineGunStyle,0x003CD6A0,.data,undefined,5,FXU_CubicLineStatic_t M8340_MineGunStyle;,X:/rcb/code/stable/game/update/moby8340.cpp,490,game_dl/update/moby8340.cpp:140,mapped,unique retail data label and matching prototype declaration/source
M8340_MineGunAirArcStyle,0x003CD760,.data,undefined,2,FXU_CubicLineStatic_t M8340_MineGunAirArcStyle;,X:/rcb/code/stable/game/update/moby8340.cpp,492,game_dl/update/moby8340.cpp:198,mapped,unique retail data label and matching prototype declaration/source
arr__M167_StripXYZ0,0x003CD7C0,.data,undefined,2,,,,,deferred,missing prototype declaration
_M167_StripST0,0x003CE400,.data,undefined,1,float _M167_StripST0[196][2];,X:/rcb/code/stable/game/update/moby167.cpp,666,game_dl/update/moby167.cpp:1229,mapped,unique retail data label and matching prototype declaration/source
_M167_StripRGBA0,0x003CEA20,.data,undefined,1,int _M167_StripRGBA0[196];,X:/rcb/code/stable/game/update/moby167.cpp,667,game_dl/update/moby167.cpp:2016,mapped,unique retail data label and matching prototype declaration/source
arr__167_Verts_Sq,0x003CED30,.data,undefined,4,,,,,deferred,missing prototype declaration
arr__167_Verts_Sq2,0x003CED70,.data,undefined,3,,,,,deferred,missing prototype declaration
_167_STs_Sq,0x003CEDB0,.data,undefined4,1,float _167_STs_Sq[4][2];,X:/rcb/code/stable/game/update/moby167.cpp,670,game_dl/update/moby167.cpp:2273,mapped,unique retail data label and matching prototype declaration/source
defaultInit9532,0x003CEE30,.data,undefined4,1,initStruct9532 defaultInit9532;,X:/rcb/code/stable/game/update/moby9532.cpp,805,game_dl/update/moby9532.cpp:40,mapped,unique retail data label and matching prototype declaration/source
M9923_ContrailStyle,0x003CEF30,.data,undefined,1,FXU_ContrailStyle_t M9923_ContrailStyle;,X:/rcb/code/stable/game/update/moby9923.cpp,902,game_dl/update/moby9923.cpp:5,mapped,unique retail data label and matching prototype declaration/source
defaultInit8076,0x003CEFE0,.data,undefined4,1,initStruct8076 defaultInit8076;,X:/rcb/code/stable/game/update/moby8076.cpp,910,game_dl/update/moby8076.cpp:34,mapped,unique retail data label and matching prototype declaration/source
_25FXRegistrySystemInterface$quadSquareCoords,0x003CFFF0,.data,undefined,6,vec4a _25FXRegistrySystemInterface$quadSquareCoords[4];,X:/rcb/code/stable/game/FXRegistry.cpp,1295,,deferred,not a plain C identifier
_25FXRegistrySystemInterface$quadBaseSTValues,0x003D0030,.data,undefined,0,st_t _25FXRegistrySystemInterface$quadBaseSTValues[8][4];,X:/rcb/code/stable/game/FXRegistry.cpp,1296,,deferred,not a plain C identifier
_16FXUtilsInterface$fCircleCos,0x003D0130,.data,undefined,1,float _16FXUtilsInterface$fCircleCos[65];,X:/rcb/code/stable/game/FXUtil.cpp,1311,,deferred,not a plain C identifier
_16FXUtilsInterface$fShellCircleCos,0x003D0340,.data,undefined4,2,float _16FXUtilsInterface$fShellCircleCos[11];,X:/rcb/code/stable/game/FXUtil.cpp,1313,,deferred,not a plain C identifier
_16FXUtilsInterface$fShellCircleSin,0x003D0370,.data,undefined4,2,float _16FXUtilsInterface$fShellCircleSin[11];,X:/rcb/code/stable/game/FXUtil.cpp,1314,,deferred,not a plain C identifier
vList.3354,0x003D11D0,.data,undefined,2,,,,,deferred,not a plain C identifier
HudInfo_twkPlayerTickerW,0x003D14C0,.data,undefined,1,,,,,deferred,missing prototype declaration
HudInfo_twkSpecialKillsLoc,0x003D14F0,.data,undefined4,1,,,,,deferred,missing prototype declaration
HudInfo_twkPromptW,0x003D1600,.data,undefined,2,,,,,deferred,missing prototype declaration
HudInfo_twkPopupSize,0x003D1640,.data,undefined,1,,,,,deferred,missing prototype declaration
HudInfo_twkTimerLoc,0x003D1680,.data,undefined,2,,,,,deferred,missing prototype declaration
QS_ItemToSlot,0x003D1760,.data,undefined4,2,,,,,deferred,missing prototype declaration
HudAmmo_QSItems,0x003D17A0,.data,undefined,2,,,,,deferred,missing prototype declaration
HudAmmo_SegmentSlots,0x003D17E0,.data,undefined,1,,,,,deferred,missing prototype declaration
HudRadar_CornerSize,0x003D19D0,.data,undefined,4,,,,,deferred,missing prototype declaration
HudRadar_twkZoomRange,0x003D1A00,.data,undefined,4,,,,,deferred,missing prototype declaration
NodeData,0x003D1B00,.data,undefined4,1,,,,,deferred,missing prototype declaration
HudComplete_Red,0x003D1CA0,.data,undefined4,1,,,,,deferred,missing prototype declaration
HudComplete_LastMissions,0x003D1CD0,.data,undefined,1,,,,,deferred,missing prototype declaration
MenuControlView_twkControllerIDLoc,0x003D1E00,.data,undefined4,1,,,,,deferred,missing prototype declaration
MenuWeapon_WeaponIcons,0x003D2180,.data,undefined4,3,,,,,deferred,missing prototype declaration
MenuWeapon_Alpha_Pool,0x003D22E0,.data,undefined4,2,,,,,deferred,missing prototype declaration
MenuWeapon_Alpha_PoolCount,0x003D2320,.data,undefined4,3,,,,,deferred,missing prototype declaration
MenuWeapon_Buttons,0x003D2340,.data,undefined,0,,,,,deferred,missing prototype declaration
vList.3164,0x003D2830,.data,undefined,2,,,,,deferred,not a plain C identifier
vList.3157,0x003D29B0,.data,undefined,2,,,,,deferred,not a plain C identifier
_SkinPrice.3457,0x003D2D30,.data,undefined,0,,,,,deferred,not a plain C identifier
_SkinName.3458,0x003D2D70,.data,undefined,3,,,,,deferred,not a plain C identifier
_SkinDesc.3459,0x003D2DB0,.data,undefined,3,,,,,deferred,not a plain C identifier
_SkinIndex.3460,0x003D2DF0,.data,undefined4,2,,,,,deferred,not a plain C identifier
_paintjob_names.3461,0x003D2E30,.data,undefined4,1,,,,,deferred,not a plain C identifier
_paintjob_desc.3462,0x003D2E60,.data,undefined4,1,,,,,deferred,not a plain C identifier
_paintjob_price.3463,0x003D2E90,.data,undefined4,1,,,,,deferred,not a plain C identifier
kObjectSizes,0x003D37C0,.data,undefined,2,,,,,deferred,missing prototype declaration
kMasterSizes,0x003D37E0,.data,undefined,1,,,,,deferred,missing prototype declaration
_4Hero$PlayerMobys,0x003D3800,.data,undefined,0,int _4Hero$PlayerMobys[22];,X:/rcb/code/stable/game/guber/Hero.cpp,3971,,deferred,not a plain C identifier
PlayerLedgeTrans,0x003D4270,.data,undefined,1,,,,,deferred,missing prototype declaration
fake_level_sounds,0x003D4F00,.data,undefined,1,SoundDef fake_level_sounds[82];,X:/rcb/code/stable/game/bmain.cpp,371,game_dl/bmain.cpp:44,mapped,unique retail data label and matching prototype declaration/source
cs_table,0x003D6860,.data,undefined,2,,,,,deferred,missing prototype declaration
cos_table,0x003D7060,.data,undefined,1,,,,,deferred,missing prototype declaration
ScreenColorEffect,0x003D7478,.data,undefined1,1,ScreenVBEffect ScreenColorEffect;,X:/rcb/code/stable/game/draw.cpp,1187,game_dl/draw.cpp:109,mapped,unique retail data label and matching prototype declaration/source
SpecialFrustums,0x003D74B0,.data,undefined,0,FrustumDef SpecialFrustums[10];,X:/rcb/code/stable/game/draw.cpp,1197,,deferred,no retail references
WideScreenFrustums,0x003D7640,.data,undefined,0,FrustumDef WideScreenFrustums[2];,X:/rcb/code/stable/game/draw.cpp,1198,,deferred,no retail references
FXRG_prepEffectsRegisterSettings,0x003D76C0,.data,undefined,2,long unsigned int FXRG_prepEffectsRegisterSettings[14];,X:/rcb/code/stable/game/FXRegistry.cpp,1287,game_dl/FXRegistry.cpp:59,mapped,unique retail data label and matching prototype declaration/source
FXRG_resetZBufRegisterSetting,0x003D7730,.data,undefined,1,long unsigned int FXRG_resetZBufRegisterSetting[4];,X:/rcb/code/stable/game/FXRegistry.cpp,1288,game_dl/FXRegistry.cpp:76,mapped,unique retail data label and matching prototype declaration/source
FXRG_resetTex1RegisterSetting,0x003D7750,.data,undefined,1,long unsigned int FXRG_resetTex1RegisterSetting[4];,X:/rcb/code/stable/game/FXRegistry.cpp,1289,game_dl/FXRegistry.cpp:83,mapped,unique retail data label and matching prototype declaration/source
FXRG_blendModeRegisterSettings,0x003D7770,.data,undefined,1,long unsigned int FXRG_blendModeRegisterSettings[15][6];,X:/rcb/code/stable/game/FXRegistry.cpp,1290,game_dl/FXRegistry.cpp:90,mapped,unique retail data label and matching prototype declaration/source
FXRG_FogModesForBlendModes,0x003D7A40,.data,undefined,1,FX_FogMode_e FXRG_FogModesForBlendModes[15];,X:/rcb/code/stable/game/FXRegistry.cpp,1291,game_dl/FXRegistry.cpp:213,mapped,unique retail data label and matching prototype declaration/source
FXRG_fogModeRegisterSettings,0x003D7A80,.data,undefined,0,long unsigned int FXRG_fogModeRegisterSettings[4][4];,X:/rcb/code/stable/game/FXRegistry.cpp,1293,,deferred,no retail references
FXRG_clampModeRegisterSettings,0x003D7B00,.data,undefined,0,long unsigned int FXRG_clampModeRegisterSettings[5][4];,X:/rcb/code/stable/game/FXRegistry.cpp,1294,,deferred,no retail references
FX_AlphaFlagsToBlendMode,0x003D7BA0,.data,undefined,1,FX_BlendModes_e FX_AlphaFlagsToBlendMode[8];,X:/rcb/code/stable/game/effects.cpp,1331,game_dl/effects.cpp:134,mapped,unique retail data label and matching prototype declaration/source
s_FontRGBATable,0x003D7D40,.data,undefined4,10,,,,,deferred,missing prototype declaration
tri_mode,0x003D7D88,.data,undefined4,38,tTriMode tri_mode[10];,X:/rcb/code/stable/game/globals.cpp,1467,game_dl/globals.cpp:146,mapped,unique retail data label and matching prototype declaration/source
g_iopload_function_table,0x003D7EB8,.data,undefined4,3,IOPMODULEFUNCTIONTABLE g_iopload_function_table[24];,X:/rcb/code/stable/game/iopload.cpp,1665,game_dl/iopload.cpp:15,mapped,unique retail data label and matching prototype declaration/source
mc_netdata,0x003D80C0,.data,pointer,5,mc_data mc_netdata[3];,X:/rcb/code/stable/game/memcard.cpp,1737,game_dl/memcard.cpp:85,mapped,unique retail data label and matching prototype declaration/source
mc_gamedata,0x003D80F0,.data,pointer,13,mc_data mc_gamedata[30];,X:/rcb/code/stable/game/memcard.cpp,1738,game_dl/memcard.cpp:106,mapped,unique retail data label and matching prototype declaration/source
mc_leveldata,0x003D82D0,.data,pointer,12,mc_data mc_leveldata[2];,X:/rcb/code/stable/game/memcard.cpp,1739,game_dl/memcard.cpp:289,mapped,unique retail data label and matching prototype declaration/source
SnowTexture,0x003D8360,.data,undefined,1,unsigned int SnowTexture[64];,X:/rcb/code/stable/game/snow_c.cpp,1887,game_dl/snow_c.cpp:48,mapped,unique retail data label and matching prototype declaration/source
SpawnBoltInfo,0x003D8460,.data,undefined4,2,BoltInfo SpawnBoltInfo[10];,X:/rcb/code/stable/game/mobyutil.cpp,1916,game_dl/mobyutil.cpp:423,mapped,unique retail data label and matching prototype declaration/source
SmallerExplodeFlash,0x003D84B0,.data,undefined,1,M639_paramInit SmallerExplodeFlash;,X:/rcb/code/stable/game/mobyutil.cpp,1919,game_dl/mobyutil.cpp:469,mapped,unique retail data label and matching prototype declaration/source
CMD_CommandData,0x003D8500,.data,undefined,3,CommandData CMD_CommandData[13];,X:/rcb/code/stable/game/mobyutil.cpp,1933,game_dl/mobyutil.cpp:530,mapped,unique retail data label and matching prototype declaration/source
_CMD_CommandCache,0x003D8760,.data,undefined4,3,moby *_CMD_CommandCache[256];,X:/rcb/code/stable/game/mobyutil.cpp,1934,game_dl/mobyutil.cpp:769,mapped,unique retail data label and matching prototype declaration/source
Bot_AbilityDefinitions,0x003D8B60,.data,undefined,0,,,,,deferred,missing prototype declaration
clearPad.2550,0x003D8C90,.data,undefined,1,,,,,deferred,not a plain C identifier
part029_styles,0x003D8CC0,.data,undefined,1,Part029_Style part029_styles[3];,X:/rcb/code/stable/game/partupd.cpp,2098,game_dl/partupd.cpp:1101,mapped,unique retail data label and matching prototype declaration/source
GuiMain_Bindings,0x003D8CF0,.data,undefined4,2,int GuiMain_Bindings[15];,X:/rcb/code/stable/game/projectgui/guimain.cpp,2181,game_dl/projectgui/guimain.cpp:33,mapped,unique retail data label and matching prototype declaration/source
GuiMain_TeamColors,0x003D8D30,.data,undefined,2,unsigned int GuiMain_TeamColors[11][4];,X:/rcb/code/stable/game/projectgui/guimain.cpp,2182,game_dl/projectgui/guimain.cpp:53,mapped,unique retail data label and matching prototype declaration/source
GuiHud_Panels,0x003D8DE0,.data,pointer,1,GuiHud_PanelData_s GuiHud_Panels[11];,X:/rcb/code/stable/game/projectgui/guihud.cpp,2201,game_dl/projectgui/guihud.cpp:35,mapped,unique retail data label and matching prototype declaration/source
GuiMenu_Screens,0x003D8E68,.data,undefined4,4,GuiMenu_Screen_s GuiMenu_Screens[37];,X:/rcb/code/stable/game/projectgui/guimenu.cpp,2214,game_dl/projectgui/guimenu.cpp:40,mapped,unique retail data label and matching prototype declaration/source
HudRadar_MapRects,0x003D9138,.data,undefined8,1,rectangle HudRadar_MapRects[15];,X:/rcb/code/stable/game/projectgui/hud/hudradar.cpp,2311,game_dl/projectgui/hud/hudradar.cpp:66,mapped,unique retail data label and matching prototype declaration/source
HudRadar_twkSelectTextLoc,0x003D9250,.data,undefined,0,,,,,deferred,missing prototype declaration
BotHud_Commands,0x003D92A0,.data,undefined4,8,DPadCommand BotHud_Commands[4];,X:/rcb/code/stable/game/projectgui/hud/hudbot.cpp,2330,game_dl/projectgui/hud/hudbot.cpp:52,mapped,unique retail data label and matching prototype declaration/source
PWidgetData,0x003D92D0,.data,undefined4,1,PWidgetData_s PWidgetData[4];,X:/rcb/code/stable/game/projectgui/hud/hudmpscore.cpp,2364,game_dl/projectgui/hud/hudmpscore.cpp:24,mapped,unique retail data label and matching prototype declaration/source
MenuMain_vScreens,0x003D9320,.data,undefined,1,ScreenDef_s MenuMain_vScreens[5];,X:/rcb/code/stable/game/projectgui/menu/menumain.cpp,2398,game_dl/projectgui/menu/menumain.cpp:26,mapped,unique retail data label and matching prototype declaration/source
shadow_gs_regs,0x003D9C60,.data,undefined,0,,,,,deferred,missing prototype declaration
sky_cluster_template,0x003D9D20,.data,pointer,1,int sky_cluster_template[16];,X:/rcb/code/stable/game/skyfunc.cpp,2710,game_dl/skyfunc.cpp:49,mapped,unique retail data label and matching prototype declaration/source
vu1_buf_table,0x003D9DE0,.data,undefined,0,int vu1_buf_table[20];,X:/rcb/code/stable/game/tables.cpp,2765,,deferred,no retail references
ArcTanSeries,0x003D9E80,.data,undefined,1,unsigned int ArcTanSeries[8];,X:/rcb/code/stable/game/tables.cpp,2770,game_dl/tables.cpp:141,mapped,unique retail data label and matching prototype declaration/source
ArcTanSectorTable,0x003D9EC0,.data,undefined,0,unsigned int ArcTanSectorTable[16];,X:/rcb/code/stable/game/tables.cpp,2771,,deferred,no retail references
VisVifRegs,0x003D9F00,.data,undefined,1,int VisVifRegs[16];,X:/rcb/code/stable/game/tables.cpp,2772,game_dl/tables.cpp:171,mapped,unique retail data label and matching prototype declaration/source
gs_regs_normal,0x003D9F40,.data,undefined,3,unsigned int gs_regs_normal[12];,X:/rcb/code/stable/game/tables.cpp,2773,game_dl/tables.cpp:190,mapped,unique retail data label and matching prototype declaration/source
gs_regs_effects,0x003D9F70,.data,undefined,1,unsigned int gs_regs_effects[16];,X:/rcb/code/stable/game/tables.cpp,2774,game_dl/tables.cpp:205,mapped,unique retail data label and matching prototype declaration/source
gs_regs_opaque_copy,0x003D9FB0,.data,undefined,1,unsigned int gs_regs_opaque_copy[8];,X:/rcb/code/stable/game/tables.cpp,2775,game_dl/tables.cpp:224,mapped,unique retail data label and matching prototype declaration/source
gs_regs_alpha_copy,0x003D9FD0,.data,undefined,1,unsigned int gs_regs_alpha_copy[8];,X:/rcb/code/stable/game/tables.cpp,2776,game_dl/tables.cpp:235,mapped,unique retail data label and matching prototype declaration/source
gs_regs_xy_offset,0x003D9FF0,.data,pointer,2,unsigned int gs_regs_xy_offset[12];,X:/rcb/code/stable/game/tables.cpp,2777,game_dl/tables.cpp:246,mapped,unique retail data label and matching prototype declaration/source
tfrag_setup_consts,0x003DA0C0,.data,pointer,2,int tfrag_setup_consts[68];,X:/rcb/code/stable/game/tables.cpp,2782,game_dl/tables.cpp:272,mapped,unique retail data label and matching prototype declaration/source
tfrag_cleanup_consts,0x003DA200,.data,pointer,2,int tfrag_cleanup_consts[16];,X:/rcb/code/stable/game/tables.cpp,2783,game_dl/tables.cpp:343,mapped,unique retail data label and matching prototype declaration/source
shrub_setup_consts,0x003DA290,.data,pointer,1,int shrub_setup_consts[20];,X:/rcb/code/stable/game/tables.cpp,2787,game_dl/tables.cpp:366,mapped,unique retail data label and matching prototype declaration/source
shrub_near_setup_consts,0x003DA2E0,.data,undefined,0,int shrub_near_setup_consts[32];,X:/rcb/code/stable/game/tables.cpp,2788,,deferred,no retail references
part_setup_consts,0x003DA3F0,.data,undefined,3,int part_setup_consts[60];,X:/rcb/code/stable/game/tables.cpp,2796,game_dl/tables.cpp:432,mapped,unique retail data label and matching prototype declaration/source
FastTexTrns,0x003DA500,.data,pointer,1,unsigned int FastTexTrns[28];,X:/rcb/code/stable/game/tables.cpp,2807,game_dl/tables.cpp:560,mapped,unique retail data label and matching prototype declaration/source
FastPalTrns_4,0x003DA570,.data,pointer,1,unsigned int FastPalTrns_4[28];,X:/rcb/code/stable/game/tables.cpp,2808,game_dl/tables.cpp:591,mapped,unique retail data label and matching prototype declaration/source
FastPalTrns_8,0x003DA5E0,.data,pointer,2,unsigned int FastPalTrns_8[28];,X:/rcb/code/stable/game/tables.cpp,2809,game_dl/tables.cpp:622,mapped,unique retail data label and matching prototype declaration/source
Moby_Gif_Regs,0x003DA650,.data,pointer,1,unsigned int Moby_Gif_Regs[24];,X:/rcb/code/stable/game/tables.cpp,2849,game_dl/tables.cpp:874,mapped,unique retail data label and matching prototype declaration/source
Gif_Tex_Flush,0x003DA6B0,.data,undefined,3,long unsigned int Gif_Tex_Flush[6];,X:/rcb/code/stable/game/tables.cpp,2850,game_dl/tables.cpp:901,mapped,unique retail data label and matching prototype declaration/source
FontTable,0x003DA900,.data,undefined,3,fontLetter FontTable[232];,X:/rcb/code/stable/game/tables.cpp,2892,game_dl/tables.cpp:1308,mapped,unique retail data label and matching prototype declaration/source
stripvif_head,0x003DAE00,.data,pointer,2,unsigned int stripvif_head[20];,X:/rcb/code/stable/game/tables.cpp,2916,game_dl/tables.cpp:2785,mapped,unique retail data label and matching prototype declaration/source
CutSceneOffsets,0x003DB0A0,.data,undefined,0,short int CutSceneOffsets[81];,X:/rcb/code/stable/game/tables.cpp,2940,,deferred,no retail references
TBL_EnemySkinDefTable,0x003DB148,.data,undefined4,2,TBL_EnemySkinDef TBL_EnemySkinDefTable[11];,X:/rcb/code/stable/game/tables.cpp,2941,game_dl/tables.cpp:2988,mapped,unique retail data label and matching prototype declaration/source
_head_names.3464,0x003DB1C0,.data,undefined,0,,,,,deferred,not a plain C identifier
_head_desc.3465,0x003DB1E0,.data,undefined,0,,,,,deferred,not a plain C identifier
_head_price.3466,0x003DB200,.data,undefined,0,,,,,deferred,not a plain C identifier
_ammo_names.3467,0x003DB220,.data,undefined,1,,,,,deferred,not a plain C identifier
_ammo_names10.3468,0x003DB270,.data,undefined,1,,,,,deferred,not a plain C identifier
_mega_names.3469,0x003DB2C0,.data,undefined4,1,,,,,deferred,not a plain C identifier
_mega_uc_names.3470,0x003DB310,.data,undefined4,1,,,,,deferred,not a plain C identifier
WaterTileConsts,0x003DB380,.data,undefined,0,WaterTileConst WaterTileConsts;,X:/rcb/code/stable/game/water.cpp,3100,,deferred,no retail references
watertile_blockvif_head,0x003DB460,.data,undefined,0,unsigned int watertile_blockvif_head[20];,X:/rcb/code/stable/game/water.cpp,3111,,deferred,no retail references
WPN_fonttimer,0x003DB6A8,.data,undefined4,15,int WPN_fonttimer[5];,X:/rcb/code/stable/game/weapons.cpp,3181,game_dl/weapons.cpp:262,mapped,unique retail data label and matching prototype declaration/source
WPN_fontNumber,0x003DB6C0,.data,pointer,9,char *WPN_fontNumber[5];,X:/rcb/code/stable/game/weapons.cpp,3182,game_dl/weapons.cpp:270,mapped,unique retail data label and matching prototype declaration/source
WPN_loopcount,0x003DB6D8,.data,undefined4,8,int WPN_loopcount[5];,X:/rcb/code/stable/game/weapons.cpp,3183,game_dl/weapons.cpp:278,mapped,unique retail data label and matching prototype declaration/source
WPN_Profiles_Side,0x003DB6F0,.data,undefined,1,float WPN_Profiles_Side[20][3];,X:/rcb/code/stable/game/weapons.cpp,3188,game_dl/weapons.cpp:291,mapped,unique retail data label and matching prototype declaration/source
TransitionTable,0x003DB8B0,.data,undefined2,1,,,,,deferred,missing prototype declaration
PlanetTexLookup.2676,0x003DBF10,.data,undefined,2,,,,,deferred,not a plain C identifier
gs_regs_blur_copy,0x003DBFA0,.data,undefined,1,,,,,deferred,missing prototype declaration
TransitionSpace_MovieIds,0x003DBFC0,.data,undefined4,3,,,,,deferred,missing prototype declaration
arr_g_Transition_PlanetPos,0x003DBFF0,.data,undefined,2,,,,,deferred,missing prototype declaration
PE_SandStormTypes,0x003DC050,.data,undefined,1,SandStormParms_t PE_SandStormTypes[17];,X:/rcb/code/stable/game/posteffects.cpp,3375,game_dl/posteffects.cpp:143,mapped,unique retail data label and matching prototype declaration/source
TN_difficultyTuning,0x003DD468,.data,undefined4,4,TN_Data TN_difficultyTuning;,X:/rcb/code/stable/game/tuning.cpp,3450,game_dl/tuning.cpp:22,mapped,unique retail data label and matching prototype declaration/source
ST_Rewards,0x003DD520,.data,undefined4,2,ST_MissionRewardData ST_Rewards[30];,X:/rcb/code/stable/game/stats.cpp,3458,game_dl/stats.cpp:15,mapped,unique retail data label and matching prototype declaration/source
ST_ExterminatorCardOClasses,0x003DD7F0,.data,undefined4,1,int ST_ExterminatorCardOClasses[6];,X:/rcb/code/stable/game/stats.cpp,3459,game_dl/stats.cpp:258,mapped,unique retail data label and matching prototype declaration/source
arr_Player_vChargeBootFlameOfs,0x003DD830,.data,undefined,0,,,,,deferred,missing prototype declaration
arr_player_blink_quats,0x003DD850,.data,undefined,0,,,,,deferred,missing prototype declaration
arr_player_blink_scales,0x003DD8C0,.data,undefined,0,,,,,deferred,missing prototype declaration
arr_player_blink_trans,0x003DD930,.data,undefined,0,,,,,deferred,missing prototype declaration
armorDamageTable_MP,0x003DD9A0,.data,undefined,1,float armorDamageTable_MP[5];,X:/rcb/code/stable/game/guber/Hero.cpp,3988,game_dl/guber/Hero.cpp:592,mapped,unique retail data label and matching prototype declaration/source
iTagRoadKillFlg.3432,0x003DD9D0,.data,undefined,1,,,,,deferred,not a plain C identifier
randWeapons.3927,0x003DD9F0,.data,undefined4,10,,,,,deferred,not a plain C identifier
s_killTypeStringTags,0x003DDA40,.data,undefined,0,int s_killTypeStringTags[26];,X:/rcb/code/stable/game/guber/GameController.cpp,4170,,deferred,no retail references
_9GadgetBox$g_PostFXFlags,0x003DDAB0,.data,undefined,2,int _9GadgetBox$g_PostFXFlags[9];,X:/rcb/code/stable/game/guber/Gadget.cpp,4177,,deferred,not a plain C identifier
MenuWeapon_EditBacks,0x003DDE70,.data,undefined,0,,,,,deferred,missing prototype declaration
_8LevelBox$gLevelIndices,0x003DFF10,.data,undefined,1,int _8LevelBox$gLevelIndices[20];,X:/rcb/code/stable/game/guber/LevelBox.cpp,4202,,deferred,not a plain C identifier
_8LevelBox$gMissionDefs,0x003E0240,.data,undefined,0,MissionDef _8LevelBox$gMissionDefs[120];,X:/rcb/code/stable/game/guber/LevelBox.cpp,4205,,deferred,not a plain C identifier
gSkillPointDefs,0x003E2F48,.data,undefined4,1,,,,,deferred,missing prototype declaration
_9GadgetBox$g_Mod_PostFX_Defs,0x003E54B0,.data,undefined,0,ModPostFXDef _9GadgetBox$g_Mod_PostFX_Defs[9];,X:/rcb/code/stable/game/guber/Mods.cpp,4216,,deferred,not a plain C identifier
g_NetPlayer,0x01F31380,,undefined4,10,tNW_Player g_NetPlayer[10];,X:/rcb/code/stable/game/network/nwObjects.cpp,3541,,deferred,outside allocated retail data sections
REG_RCNT0_COUNT,0x10000000,,undefined,8,,,,,deferred,outside allocated retail data sections
REG_RCNT0_MODE,0x10000010,,undefined,1,,,,,deferred,outside allocated retail data sections
REG_RCNT0_TARGET,0x10000020,,undefined,0,,,,,deferred,outside allocated retail data sections
REG_RCNT0_HOLD,0x10000030,,undefined,0,,,,,deferred,outside allocated retail data sections
REG_RCNT1_COUNT,0x10000800,,undefined,0,,,,,deferred,outside allocated retail data sections
REG_RCNT1_MODE,0x10000810,,undefined,0,,,,,deferred,outside allocated retail data sections
REG_RCNT1_TARGET,0x10000820,,undefined,0,,,,,deferred,outside allocated retail data sections
REG_RCNT1_HOLD,0x10000830,,undefined,0,,,,,deferred,outside allocated retail data sections
REG_RCNT2_COUNT,0x10001000,,undefined,0,,,,,deferred,outside allocated retail data sections
REG_RCNT2_MODE,0x10001010,,undefined,0,,,,,deferred,outside allocated retail data sections
REG_RCNT2_TARGET,0x10001020,,undefined,0,,,,,deferred,outside allocated retail data sections
REG_RCNT3_COUNT,0x10001800,,undefined,0,,,,,deferred,outside allocated retail data sections
REG_RCNT3_MODE,0x10001810,,undefined,0,,,,,deferred,outside allocated retail data sections
REG_RCNT3_TARGET,0x10001820,,undefined,0,,,,,deferred,outside allocated retail data sections
REG_IPU_CMD,0x10002000,,undefined,0,,,,,deferred,outside allocated retail data sections
REG_IPU_CTRL,0x10002010,,undefined,0,,,,,deferred,outside allocated retail data sections
REG_IPU_BP,0x10002020,,undefined,0,,,,,deferred,outside allocated retail data sections
REG_IPU_TOP,0x10002030,,undefined,0,,,,,deferred,outside allocated retail data sections
REG_GIF_CTRL,0x10003000,,undefined,0,,,,,deferred,outside allocated retail data sections
REG_GIF_MODE,0x10003010,,undefined,0,,,,,deferred,outside allocated retail data sections
REG_GIF_STAT,0x10003020,,undefined,0,,,,,deferred,outside allocated retail data sections
REG_GIF_TAG0,0x10003040,,undefined,0,,,,,deferred,outside allocated retail data sections
REG_GIF_TAG1,0x10003050,,undefined,0,,,,,deferred,outside allocated retail data sections
REG_GIF_TAG2,0x10003060,,undefined,0,,,,,deferred,outside allocated retail data sections
REG_GIF_TAG3,0x10003070,,undefined,0,,,,,deferred,outside allocated retail data sections
REG_GIF_CNT,0x10003080,,undefined,0,,,,,deferred,outside allocated retail data sections
REG_GIF_P3CNT,0x10003090,,undefined,0,,,,,deferred,outside allocated retail data sections
REG_GIF_P3TAG,0x100030A0,,undefined,0,,,,,deferred,outside allocated retail data sections
REG_VIF0_STAT,0x10003800,,undefined,0,,,,,deferred,outside allocated retail data sections
REG_VIF0_FBRST,0x10003810,,undefined,0,,,,,deferred,outside allocated retail data sections
REG_VIF0_ERR,0x10003820,,undefined,0,,,,,deferred,outside allocated retail data sections
REG_VIF0_MARK,0x10003830,,undefined,0,,,,,deferred,outside allocated retail data sections
REG_VIF0_CYCLE,0x10003840,,undefined,0,,,,,deferred,outside allocated retail data sections
REG_VIF0_MODE,0x10003850,,undefined,0,,,,,deferred,outside allocated retail data sections
REG_VIF0_NUM,0x10003860,,undefined,0,,,,,deferred,outside allocated retail data sections
REG_VIF0_MASK,0x10003870,,undefined,0,,,,,deferred,outside allocated retail data sections
REG_VIF0_CODE,0x10003880,,undefined,0,,,,,deferred,outside allocated retail data sections
REG_VIF0_ITOPS,0x10003890,,undefined,0,,,,,deferred,outside allocated retail data sections
REG_VIF0_ITOP,0x100038D0,,undefined,0,,,,,deferred,outside allocated retail data sections
REG_VIF0_TOP,0x100038E0,,undefined,0,,,,,deferred,outside allocated retail data sections
REG_VIF0_ROW0,0x10003900,,undefined,0,,,,,deferred,outside allocated retail data sections
REG_VIF0_ROW1,0x10003910,,undefined,0,,,,,deferred,outside allocated retail data sections
REG_VIF0_ROW2,0x10003920,,undefined,0,,,,,deferred,outside allocated retail data sections
REG_VIF0_ROW3,0x10003930,,undefined,0,,,,,deferred,outside allocated retail data sections
REG_VIF0_COL0,0x10003940,,undefined,0,,,,,deferred,outside allocated retail data sections
REG_VIF0_COL1,0x10003950,,undefined,0,,,,,deferred,outside allocated retail data sections
REG_VIF0_COL2,0x10003960,,undefined,0,,,,,deferred,outside allocated retail data sections
REG_VIF0_COL3,0x10003970,,undefined,0,,,,,deferred,outside allocated retail data sections
REG_VIF1_STAT,0x10003C00,,undefined,0,,,,,deferred,outside allocated retail data sections
REG_VIF1_FBRST,0x10003C10,,undefined,0,,,,,deferred,outside allocated retail data sections
REG_VIF1_ERR,0x10003C20,,undefined,0,,,,,deferred,outside allocated retail data sections
REG_VIF1_MARK,0x10003C30,,undefined,0,,,,,deferred,outside allocated retail data sections
REG_VIF1_CYCLE,0x10003C40,,undefined,0,,,,,deferred,outside allocated retail data sections
REG_VIF1_MODE,0x10003C50,,undefined,0,,,,,deferred,outside allocated retail data sections
REG_VIF1_NUM,0x10003C60,,undefined,0,,,,,deferred,outside allocated retail data sections
REG_VIF1_MASK,0x10003C70,,undefined,0,,,,,deferred,outside allocated retail data sections
REG_VIF1_CODE,0x10003C80,,undefined,0,,,,,deferred,outside allocated retail data sections
REG_VIF1_ITOPS,0x10003C90,,undefined,0,,,,,deferred,outside allocated retail data sections
REG_VIF1_BASE,0x10003CA0,,undefined,0,,,,,deferred,outside allocated retail data sections
REG_VIF1_OFST,0x10003CB0,,undefined,0,,,,,deferred,outside allocated retail data sections
REG_VIF1_TOPS,0x10003CC0,,undefined,0,,,,,deferred,outside allocated retail data sections
REG_VIF1_ITOP,0x10003CD0,,undefined,0,,,,,deferred,outside allocated retail data sections
REG_VIF1_TOP,0x10003CE0,,undefined,0,,,,,deferred,outside allocated retail data sections
REG_VIF1_ROW0,0x10003D00,,undefined,0,,,,,deferred,outside allocated retail data sections
REG_VIF1_ROW1,0x10003D10,,undefined,0,,,,,deferred,outside allocated retail data sections
REG_VIF1_ROW2,0x10003D20,,undefined,0,,,,,deferred,outside allocated retail data sections
REG_VIF1_ROW3,0x10003D30,,undefined,0,,,,,deferred,outside allocated retail data sections
REG_VIF1_COL0,0x10003D40,,undefined,0,,,,,deferred,outside allocated retail data sections
REG_VIF1_COL1,0x10003D50,,undefined,0,,,,,deferred,outside allocated retail data sections
REG_VIF1_COL2,0x10003D60,,undefined,0,,,,,deferred,outside allocated retail data sections
REG_VIF1_COL3,0x10003D70,,undefined,0,,,,,deferred,outside allocated retail data sections
REG_VIF0_FIFO,0x10004000,,undefined,3,,,,,deferred,outside allocated retail data sections
REG_VIF1_FIFO,0x10005000,,undefined,0,,,,,deferred,outside allocated retail data sections
REG_GIF_FIFO,0x10006000,,undefined,0,,,,,deferred,outside allocated retail data sections
REG_IPU_OUT_FIFO,0x10007000,,undefined,0,,,,,deferred,outside allocated retail data sections
REG_IPU_IN_FIFO,0x10007010,,undefined,0,,,,,deferred,outside allocated retail data sections
REG_DMAC_0_VIF0_CHCR,0x10008000,,undefined,3,,,,,deferred,outside allocated retail data sections
REG_DMAC_0_VIF0_MADR,0x10008010,,undefined,0,,,,,deferred,outside allocated retail data sections
REG_DMAC_0_VIF0_QWC,0x10008020,,undefined,0,,,,,deferred,outside allocated retail data sections
REG_DMAC_0_VIF0_TADR,0x10008030,,undefined,0,,,,,deferred,outside allocated retail data sections
REG_DMAC_0_VIF0_ASR0,0x10008040,,undefined,0,,,,,deferred,outside allocated retail data sections
REG_DMAC_0_VIF0_ASR1,0x10008050,,undefined,0,,,,,deferred,outside allocated retail data sections
REG_DMAC_1_VIF1_CHCR,0x10009000,,undefined,3,,,,,deferred,outside allocated retail data sections
REG_DMAC_1_VIF1_MADR,0x10009010,,undefined,0,,,,,deferred,outside allocated retail data sections
REG_DMAC_1_VIF1_QWC,0x10009020,,undefined,0,,,,,deferred,outside allocated retail data sections
REG_DMAC_1_VIF1_TADR,0x10009030,,undefined,0,,,,,deferred,outside allocated retail data sections
REG_DMAC_1_VIF1_ASR0,0x10009040,,undefined,0,,,,,deferred,outside allocated retail data sections
REG_DMAC_1_VIF1_ASR1,0x10009050,,undefined,0,,,,,deferred,outside allocated retail data sections
REG_DMAC_2_GIF_CHCR,0x1000A000,,undefined,3,,,,,deferred,outside allocated retail data sections
REG_DMAC_2_GIF_MADR,0x1000A010,,undefined,0,,,,,deferred,outside allocated retail data sections
REG_DMAC_2_GIF_QWC,0x1000A020,,undefined,0,,,,,deferred,outside allocated retail data sections
REG_DMAC_2_GIF_TADR,0x1000A030,,undefined,0,,,,,deferred,outside allocated retail data sections
REG_DMAC_2_GIF_ASR0,0x1000A040,,undefined,0,,,,,deferred,outside allocated retail data sections
REG_DMAC_2_GIF_ASR1,0x1000A050,,undefined,0,,,,,deferred,outside allocated retail data sections
REG_DMAC_3_IPU_FROM_CHCR,0x1000B000,,undefined,3,,,,,deferred,outside allocated retail data sections
REG_DMAC_3_IPU_FROM_MADR,0x1000B010,,undefined,0,,,,,deferred,outside allocated retail data sections
REG_DMAC_3_IPU_FROM_QWC,0x1000B020,,undefined,0,,,,,deferred,outside allocated retail data sections
REG_DMAC_3_IPU_FROM_TADR,0x1000B030,,undefined,0,,,,,deferred,outside allocated retail data sections
REG_DMAC_4_IPU_TO_CHCR,0x1000B400,,undefined,3,,,,,deferred,outside allocated retail data sections
REG_DMAC_4_IPU_TO_MADR,0x1000B410,,undefined,0,,,,,deferred,outside allocated retail data sections
REG_DMAC_4_IPU_TO_QWC,0x1000B420,,undefined,0,,,,,deferred,outside allocated retail data sections
REG_DMAC_4_IPU_TO_TADR,0x1000B430,,undefined,0,,,,,deferred,outside allocated retail data sections
REG_DMAC_5_SIF0_CHCR,0x1000C000,,undefined,3,,,,,deferred,outside allocated retail data sections
REG_DMAC_5_SIF0_MADR,0x1000C010,,undefined,0,,,,,deferred,outside allocated retail data sections
REG_DMAC_5_SIF0_QWC,0x1000C020,,undefined,0,,,,,deferred,outside allocated retail data sections
REG_DMAC_5_SIF0_TADR,0x1000C030,,undefined,0,,,,,deferred,outside allocated retail data sections
REG_DMAC_6_SIF1_CHCR,0x1000C400,,undefined,3,,,,,deferred,outside allocated retail data sections
REG_DMAC_6_SIF1_MADR,0x1000C410,,undefined,0,,,,,deferred,outside allocated retail data sections
REG_DMAC_6_SIF1_QWC,0x1000C420,,undefined,0,,,,,deferred,outside allocated retail data sections
REG_DMAC_6_SIF1_TADR,0x1000C430,,undefined,0,,,,,deferred,outside allocated retail data sections
REG_DMAC_7_SIF2_CHCR,0x1000C800,,undefined,3,,,,,deferred,outside allocated retail data sections
REG_DMAC_7_SIF2_MADR,0x1000C810,,undefined,0,,,,,deferred,outside allocated retail data sections
REG_DMAC_7_SIF2_QWC,0x1000C820,,undefined,0,,,,,deferred,outside allocated retail data sections
REG_DMAC_7_SIF2_TADR,0x1000C830,,undefined,0,,,,,deferred,outside allocated retail data sections
REG_DMAC_8_SPR_FROM_CHCR,0x1000D000,,undefined,3,,,,,deferred,outside allocated retail data sections
REG_DMAC_8_SPR_FROM_MADR,0x1000D010,,undefined,0,,,,,deferred,outside allocated retail data sections
REG_DMAC_8_SPR_FROM_QWC,0x1000D020,,undefined,0,,,,,deferred,outside allocated retail data sections
REG_DMAC_8_SPR_FROM_TADR,0x1000D030,,undefined,0,,,,,deferred,outside allocated retail data sections
REG_DMAC_8_SPR_FROM_SADR,0x1000D080,,undefined,0,,,,,deferred,outside allocated retail data sections
REG_DMAC_9_SPR_TO_CHCR,0x1000D400,,undefined,3,,,,,deferred,outside allocated retail data sections
REG_DMAC_9_SPR_TO_MADR,0x1000D410,,undefined,0,,,,,deferred,outside allocated retail data sections
REG_DMAC_9_SPR_TO_QWC,0x1000D420,,undefined,0,,,,,deferred,outside allocated retail data sections
REG_DMAC_9_SPR_TO_TADR,0x1000D430,,undefined,0,,,,,deferred,outside allocated retail data sections
REG_DMAC_9_SPR_TO_SADR,0x1000D480,,undefined,0,,,,,deferred,outside allocated retail data sections
REG_DMAC_CTRL,0x1000E000,,undefined,0,,,,,deferred,outside allocated retail data sections
REG_DMAC_STAT,0x1000E010,,undefined,0,,,,,deferred,outside allocated retail data sections
REG_DMAC_PCR,0x1000E020,,undefined,0,,,,,deferred,outside allocated retail data sections
REG_DMAC_SQWC,0x1000E030,,undefined,0,,,,,deferred,outside allocated retail data sections
REG_DMAC_RBSR,0x1000E040,,undefined,0,,,,,deferred,outside allocated retail data sections
REG_DMAC_RBOR,0x1000E050,,undefined,0,,,,,deferred,outside allocated retail data sections
REG_DMAC_STADR,0x1000E060,,undefined,0,,,,,deferred,outside allocated retail data sections
REG_INTC_STAT,0x1000F000,,undefined,0,,,,,deferred,outside allocated retail data sections
REG_INTC_MASK,0x1000F010,,undefined,0,,,,,deferred,outside allocated retail data sections
REG_SIO_LCR,0x1000F100,,undefined,0,,,,,deferred,outside allocated retail data sections
REG_SIO_LSR,0x1000F110,,undefined,0,,,,,deferred,outside allocated retail data sections
REG_SIO_IER,0x1000F120,,undefined,0,,,,,deferred,outside allocated retail data sections
REG_SIO_ISR,0x1000F130,,undefined,0,,,,,deferred,outside allocated retail data sections
REG_SIO_FCR,0x1000F140,,undefined,0,,,,,deferred,outside allocated retail data sections
REG_SIO_BGR,0x1000F150,,undefined,0,,,,,deferred,outside allocated retail data sections
REG_SIO_TXFIFO,0x1000F180,,undefined,0,,,,,deferred,outside allocated retail data sections
REG_SIO_RXFIFO,0x1000F1C0,,undefined,0,,,,,deferred,outside allocated retail data sections
REG_SIF_MSCOM,0x1000F200,,undefined,0,,,,,deferred,outside allocated retail data sections
REG_SIF_SMCOM,0x1000F210,,undefined,0,,,,,deferred,outside allocated retail data sections
REG_SIF_MSFLAG,0x1000F220,,undefined,0,,,,,deferred,outside allocated retail data sections
REG_SIF_SMFLAG,0x1000F230,,undefined,0,,,,,deferred,outside allocated retail data sections
REG_SIF_CONTROL,0x1000F240,,undefined,0,,,,,deferred,outside allocated retail data sections
REG_SIF_F250,0x1000F250,,undefined,0,,,,,deferred,outside allocated retail data sections
REG_SIF_F260,0x1000F260,,undefined,0,,,,,deferred,outside allocated retail data sections
REG_SIF_F300,0x1000F300,,undefined,0,,,,,deferred,outside allocated retail data sections
REG_SIF_F380,0x1000F380,,undefined,0,,,,,deferred,outside allocated retail data sections
REG_MCH_RICM,0x1000F430,,undefined,0,,,,,deferred,outside allocated retail data sections
REG_MCH_DRD,0x1000F440,,undefined,0,,,,,deferred,outside allocated retail data sections
REG_DMAC_ENABLER,0x1000F520,,undefined,0,,,,,deferred,outside allocated retail data sections
REG_DMAC_ENABLEW,0x1000F590,,undefined,0,,,,,deferred,outside allocated retail data sections
REG_GS_PMODE,0x12000000,,undefined,0,,,,,deferred,outside allocated retail data sections
REG_GS_SMODE1,0x12000010,,undefined,0,,,,,deferred,outside allocated retail data sections
REG_GS_SMODE2,0x12000020,,undefined,0,,,,,deferred,outside allocated retail data sections
REG_GS_SRFSH,0x12000030,,undefined,0,,,,,deferred,outside allocated retail data sections
REG_GS_SYNCH1,0x12000040,,undefined,0,,,,,deferred,outside allocated retail data sections
REG_GS_SYNCH2,0x12000050,,undefined,0,,,,,deferred,outside allocated retail data sections
REG_GS_SYNCV,0x12000060,,undefined,0,,,,,deferred,outside allocated retail data sections
REG_GS_DISPFB1,0x12000070,,undefined,0,,,,,deferred,outside allocated retail data sections
REG_GS_DISPLAY1,0x12000080,,undefined,0,,,,,deferred,outside allocated retail data sections
REG_GS_DISPFB2,0x12000090,,undefined,0,,,,,deferred,outside allocated retail data sections
REG_GS_DISPLAY2,0x120000A0,,undefined,0,,,,,deferred,outside allocated retail data sections
REG_GS_EXTBUF,0x120000B0,,undefined,0,,,,,deferred,outside allocated retail data sections
REG_GS_EXTDATA,0x120000C0,,undefined,0,,,,,deferred,outside allocated retail data sections
REG_GS_EXTWRITE,0x120000D0,,undefined,0,,,,,deferred,outside allocated retail data sections
REG_GS_BGCOLOR,0x120000E0,,undefined,0,,,,,deferred,outside allocated retail data sections
REG_GS_CSR,0x12001000,,undefined,0,,,,,deferred,outside allocated retail data sections
REG_GS_IMR,0x12001010,,undefined,0,,,,,deferred,outside allocated retail data sections
REG_GS_BUSDIR,0x12001040,,undefined,0,,,,,deferred,outside allocated retail data sections
REG_GS_SIGLBLID,0x12001080,,undefined,0,,,,,deferred,outside allocated retail data sections
